2026-08-03 05:56:48,416 INFO daily_update SECI: 7 accepted; Success
2026-08-03 05:56:49,856 INFO daily_update NTPC REL: 1 accepted; Success
2026-08-03 05:57:07,313 INFO daily_update NHPC: 0 accepted; Success
2026-08-03 05:57:27,081 INFO daily_update SJVN: 0 accepted; Success
2026-08-03 06:02:04,446 ERROR connector.NLCIL Connector failed
Traceback (most recent call last):
  File "/home/runner/work/Renewable-tender-tracker/Renewable-tender-tracker/Python/connectors/base.py", line 50, in run
    result.records = self.parse(self.fetch())
                                ^^^^^^^^^^^^
  File "/home/runner/work/Renewable-tender-tracker/Renewable-tender-tracker/Python/connectors/base.py", line 45, in fetch
    return get_text(self.source_url)
           ^^^^^^^^^^^^^^^^^^^^^^^^^
  File "/home/runner/work/Renewable-tender-tracker/Renewable-tender-tracker/Python/core/http.py", line 21, in get_text
    raise RuntimeError(f"Unable to fetch {url}: {last_error}")
RuntimeError: Unable to fetch https://www.nlcindia.in/: HTTPSConnectionPool(host='www.nlcindia.in', port=443): Max retries exceeded with url: / (Caused by ConnectTimeoutError(<HTTPSConnection(host='www.nlcindia.in', port=443) at 0x7f7e0c689910>, 'Connection to www.nlcindia.in timed out. (connect timeout=45)'))
2026-08-03 06:02:04,447 INFO daily_update NLCIL: 0 accepted; Failed
2026-08-03 06:02:14,850 ERROR connector.GUVNL (ISTS) Connector failed
Traceback (most recent call last):
  File "/home/runner/work/Renewable-tender-tracker/Renewable-tender-tracker/Python/connectors/base.py", line 50, in run
    result.records = self.parse(self.fetch())
                                ^^^^^^^^^^^^
  File "/home/runner/work/Renewable-tender-tracker/Renewable-tender-tracker/Python/connectors/base.py", line 45, in fetch
    return get_text(self.source_url)
           ^^^^^^^^^^^^^^^^^^^^^^^^^
  File "/home/runner/work/Renewable-tender-tracker/Renewable-tender-tracker/Python/core/http.py", line 21, in get_text
    raise RuntimeError(f"Unable to fetch {url}: {last_error}")
RuntimeError: Unable to fetch https://www.guvnl.com/: HTTPSConnectionPool(host='www.guvnl.com', port=443): Max retries exceeded with url: / (Caused by SSLError(SSLEOFError(8, '[SSL: UNEXPECTED_EOF_WHILE_READING] EOF occurred in violation of protocol (_ssl.c:1010)')))
2026-08-03 06:02:14,851 INFO daily_update GUVNL (ISTS): 0 accepted; Failed
2026-08-03 06:04:37,087 ERROR connector.REMCL Connector failed
Traceback (most recent call last):
  File "/home/runner/work/Renewable-tender-tracker/Renewable-tender-tracker/Python/connectors/base.py", line 50, in run
    result.records = self.parse(self.fetch())
                                ^^^^^^^^^^^^
  File "/home/runner/work/Renewable-tender-tracker/Renewable-tender-tracker/Python/connectors/base.py", line 45, in fetch
    return get_text(self.source_url)
           ^^^^^^^^^^^^^^^^^^^^^^^^^
  File "/home/runner/work/Renewable-tender-tracker/Renewable-tender-tracker/Python/core/http.py", line 21, in get_text
    raise RuntimeError(f"Unable to fetch {url}: {last_error}")
RuntimeError: Unable to fetch https://www.remcl.in/: HTTPSConnectionPool(host='www.remcl.in', port=443): Max retries exceeded with url: / (Caused by ConnectTimeoutError(<HTTPSConnection(host='www.remcl.in', port=443) at 0x7f7e0c689160>, 'Connection to www.remcl.in timed out. (connect timeout=45)'))
2026-08-03 06:04:37,087 INFO daily_update REMCL: 0 accepted; Failed
2026-08-03 06:04:39,459 INFO daily_update RUVNL: 0 accepted; Success
2026-08-03 06:04:40,737 INFO daily_update RVPN: 0 accepted; Success
2026-08-03 06:04:42,352 INFO daily_update KREDL: 0 accepted; Success
2026-08-03 06:07:05,876 ERROR connector.KPTCL Connector failed
Traceback (most recent call last):
  File "/home/runner/work/Renewable-tender-tracker/Renewable-tender-tracker/Python/connectors/base.py", line 50, in run
    result.records = self.parse(self.fetch())
                                ^^^^^^^^^^^^
  File "/home/runner/work/Renewable-tender-tracker/Renewable-tender-tracker/Python/connectors/base.py", line 45, in fetch
    return get_text(self.source_url)
           ^^^^^^^^^^^^^^^^^^^^^^^^^
  File "/home/runner/work/Renewable-tender-tracker/Renewable-tender-tracker/Python/core/http.py", line 21, in get_text
    raise RuntimeError(f"Unable to fetch {url}: {last_error}")
RuntimeError: Unable to fetch https://kptcl.karnataka.gov.in/: HTTPSConnectionPool(host='kptcl.karnataka.gov.in', port=443): Max retries exceeded with url: / (Caused by ConnectTimeoutError(<HTTPSConnection(host='kptcl.karnataka.gov.in', port=443) at 0x7f7e0c58f6e0>, 'Connection to kptcl.karnataka.gov.in timed out. (connect timeout=45)'))
2026-08-03 06:07:05,877 INFO daily_update KPTCL: 0 accepted; Failed
2026-08-03 06:07:13,763 ERROR connector.KPCL Connector failed
Traceback (most recent call last):
  File "/home/runner/work/Renewable-tender-tracker/Renewable-tender-tracker/Python/connectors/base.py", line 50, in run
    result.records = self.parse(self.fetch())
                                ^^^^^^^^^^^^
  File "/home/runner/work/Renewable-tender-tracker/Renewable-tender-tracker/Python/connectors/base.py", line 45, in fetch
    return get_text(self.source_url)
           ^^^^^^^^^^^^^^^^^^^^^^^^^
  File "/home/runner/work/Renewable-tender-tracker/Renewable-tender-tracker/Python/core/http.py", line 21, in get_text
    raise RuntimeError(f"Unable to fetch {url}: {last_error}")
RuntimeError: Unable to fetch https://karnatakapower.com/: HTTPSConnectionPool(host='karnatakapower.com', port=443): Max retries exceeded with url: / (Caused by SSLError(SSLCertVerificationError(1, "[SSL: CERTIFICATE_VERIFY_FAILED] certificate verify failed: Hostname mismatch, certificate is not valid for 'karnatakapower.com'. (_ssl.c:1010)")))
2026-08-03 06:07:13,763 INFO daily_update KPCL: 0 accepted; Failed
2026-08-03 06:07:16,068 INFO daily_update MPUVNL: 0 accepted; Success
2026-08-03 06:07:16,952 INFO daily_update MPPMCL: 0 accepted; Success
2026-08-03 06:07:24,826 ERROR connector.MP Urja Vikas Nigam Connector failed
Traceback (most recent call last):
  File "/home/runner/work/Renewable-tender-tracker/Renewable-tender-tracker/Python/connectors/base.py", line 50, in run
    result.records = self.parse(self.fetch())
                                ^^^^^^^^^^^^
  File "/home/runner/work/Renewable-tender-tracker/Renewable-tender-tracker/Python/connectors/base.py", line 45, in fetch
    return get_text(self.source_url)
           ^^^^^^^^^^^^^^^^^^^^^^^^^
  File "/home/runner/work/Renewable-tender-tracker/Renewable-tender-tracker/Python/core/http.py", line 21, in get_text
    raise RuntimeError(f"Unable to fetch {url}: {last_error}")
RuntimeError: Unable to fetch https://www.mprenewable.nic.in/: HTTPSConnectionPool(host='www.mprenewable.nic.in', port=443): Max retries exceeded with url: / (Caused by NameResolutionError("HTTPSConnection(host='www.mprenewable.nic.in', port=443): Failed to resolve 'www.mprenewable.nic.in' ([Errno -2] Name or service not known)"))
2026-08-03 06:07:24,827 INFO daily_update MP Urja Vikas Nigam: 0 accepted; Failed
2026-08-03 06:07:30,833 INFO daily_update MSEDCL: 0 accepted; Success
2026-08-03 06:07:33,118 INFO daily_update MAHAGENCO: 0 accepted; Success
2026-08-03 06:07:43,336 ERROR connector.GUVNL Connector failed
Traceback (most recent call last):
  File "/home/runner/work/Renewable-tender-tracker/Renewable-tender-tracker/Python/connectors/base.py", line 50, in run
    result.records = self.parse(self.fetch())
                                ^^^^^^^^^^^^
  File "/home/runner/work/Renewable-tender-tracker/Renewable-tender-tracker/Python/connectors/base.py", line 45, in fetch
    return get_text(self.source_url)
           ^^^^^^^^^^^^^^^^^^^^^^^^^
  File "/home/runner/work/Renewable-tender-tracker/Renewable-tender-tracker/Python/core/http.py", line 21, in get_text
    raise RuntimeError(f"Unable to fetch {url}: {last_error}")
RuntimeError: Unable to fetch https://www.guvnl.com/: HTTPSConnectionPool(host='www.guvnl.com', port=443): Max retries exceeded with url: / (Caused by SSLError(SSLEOFError(8, '[SSL: UNEXPECTED_EOF_WHILE_READING] EOF occurred in violation of protocol (_ssl.c:1010)')))
2026-08-03 06:07:43,336 INFO daily_update GUVNL: 0 accepted; Failed
2026-08-03 06:10:06,427 ERROR connector.GPCL Connector failed
Traceback (most recent call last):
  File "/home/runner/work/Renewable-tender-tracker/Renewable-tender-tracker/Python/connectors/base.py", line 50, in run
    result.records = self.parse(self.fetch())
                                ^^^^^^^^^^^^
  File "/home/runner/work/Renewable-tender-tracker/Renewable-tender-tracker/Python/connectors/base.py", line 45, in fetch
    return get_text(self.source_url)
           ^^^^^^^^^^^^^^^^^^^^^^^^^
  File "/home/runner/work/Renewable-tender-tracker/Renewable-tender-tracker/Python/core/http.py", line 21, in get_text
    raise RuntimeError(f"Unable to fetch {url}: {last_error}")
RuntimeError: Unable to fetch https://gpcl.gujarat.gov.in/: HTTPSConnectionPool(host='gpcl.gujarat.gov.in', port=443): Read timed out. (read timeout=45)
2026-08-03 06:10:06,428 INFO daily_update GPCL: 0 accepted; Failed
2026-08-03 06:10:07,701 INFO daily_update APSPDCL: 0 accepted; Success
2026-08-03 06:10:40,581 INFO daily_update APGENCO: 0 accepted; Success
2026-08-03 06:10:49,677 ERROR connector.NREDCAP Connector failed
Traceback (most recent call last):
  File "/home/runner/work/Renewable-tender-tracker/Renewable-tender-tracker/Python/connectors/base.py", line 50, in run
    result.records = self.parse(self.fetch())
                                ^^^^^^^^^^^^
  File "/home/runner/work/Renewable-tender-tracker/Renewable-tender-tracker/Python/connectors/base.py", line 45, in fetch
    return get_text(self.source_url)
           ^^^^^^^^^^^^^^^^^^^^^^^^^
  File "/home/runner/work/Renewable-tender-tracker/Renewable-tender-tracker/Python/core/http.py", line 21, in get_text
    raise RuntimeError(f"Unable to fetch {url}: {last_error}")
RuntimeError: Unable to fetch https://nredcap.in/: HTTPSConnectionPool(host='nredcap.in', port=443): Max retries exceeded with url: / (Caused by SSLError(SSLCertVerificationError(1, '[SSL: CERTIFICATE_VERIFY_FAILED] certificate verify failed: unable to get local issuer certificate (_ssl.c:1010)')))
2026-08-03 06:10:49,678 INFO daily_update NREDCAP: 0 accepted; Failed
2026-08-03 06:10:58,631 ERROR connector.TGNPDCL Connector failed
Traceback (most recent call last):
  File "/home/runner/work/Renewable-tender-tracker/Renewable-tender-tracker/Python/connectors/base.py", line 50, in run
    result.records = self.parse(self.fetch())
                                ^^^^^^^^^^^^
  File "/home/runner/work/Renewable-tender-tracker/Renewable-tender-tracker/Python/connectors/base.py", line 45, in fetch
    return get_text(self.source_url)
           ^^^^^^^^^^^^^^^^^^^^^^^^^
  File "/home/runner/work/Renewable-tender-tracker/Renewable-tender-tracker/Python/core/http.py", line 21, in get_text
    raise RuntimeError(f"Unable to fetch {url}: {last_error}")
RuntimeError: Unable to fetch https://tgnpdcl.com/: HTTPSConnectionPool(host='tgnpdcl.com', port=443): Max retries exceeded with url: / (Caused by SSLError(SSLError(1, '[SSL: SSLV3_ALERT_HANDSHAKE_FAILURE] sslv3 alert handshake failure (_ssl.c:1010)')))
2026-08-03 06:10:58,631 INFO daily_update TGNPDCL: 0 accepted; Failed
2026-08-03 06:10:59,380 INFO daily_update TSSPDCL: 0 accepted; Success
2026-08-03 06:11:36,431 ERROR connector.TNGECL Connector failed
Traceback (most recent call last):
  File "/home/runner/work/Renewable-tender-tracker/Renewable-tender-tracker/Python/connectors/base.py", line 50, in run
    result.records = self.parse(self.fetch())
                                ^^^^^^^^^^^^
  File "/home/runner/work/Renewable-tender-tracker/Renewable-tender-tracker/Python/connectors/base.py", line 45, in fetch
    return get_text(self.source_url)
           ^^^^^^^^^^^^^^^^^^^^^^^^^
  File "/home/runner/work/Renewable-tender-tracker/Renewable-tender-tracker/Python/core/http.py", line 21, in get_text
    raise RuntimeError(f"Unable to fetch {url}: {last_error}")
RuntimeError: Unable to fetch https://www.tangedco.gov.in/: HTTPSConnectionPool(host='www.tangedco.gov.in', port=443): Max retries exceeded with url: / (Caused by NameResolutionError("HTTPSConnection(host='www.tangedco.gov.in', port=443): Failed to resolve 'www.tangedco.gov.in' ([Errno -3] Temporary failure in name resolution)"))
2026-08-03 06:11:36,432 INFO daily_update TNGECL: 0 accepted; Failed
2026-08-03 06:12:13,516 ERROR connector.TANTRANSCO Connector failed
Traceback (most recent call last):
  File "/home/runner/work/Renewable-tender-tracker/Renewable-tender-tracker/Python/connectors/base.py", line 50, in run
    result.records = self.parse(self.fetch())
                                ^^^^^^^^^^^^
  File "/home/runner/work/Renewable-tender-tracker/Renewable-tender-tracker/Python/connectors/base.py", line 45, in fetch
    return get_text(self.source_url)
           ^^^^^^^^^^^^^^^^^^^^^^^^^
  File "/home/runner/work/Renewable-tender-tracker/Renewable-tender-tracker/Python/core/http.py", line 21, in get_text
    raise RuntimeError(f"Unable to fetch {url}: {last_error}")
RuntimeError: Unable to fetch https://www.tantransco.gov.in/: HTTPSConnectionPool(host='www.tantransco.gov.in', port=443): Max retries exceeded with url: / (Caused by NameResolutionError("HTTPSConnection(host='www.tantransco.gov.in', port=443): Failed to resolve 'www.tantransco.gov.in' ([Errno -3] Temporary failure in name resolution)"))
2026-08-03 06:12:13,516 INFO daily_update TANTRANSCO: 0 accepted; Failed
2026-08-03 06:12:15,375 INFO daily_update GRIDCO: 4 accepted; Success
2026-08-03 06:12:17,855 INFO daily_update HAREDA: 0 accepted; Success
2026-08-03 06:12:21,480 INFO daily_update PSPCL: 0 accepted; Success
2026-08-03 06:14:43,857 ERROR connector.UPNEDA Connector failed
Traceback (most recent call last):
  File "/home/runner/work/Renewable-tender-tracker/Renewable-tender-tracker/Python/connectors/base.py", line 50, in run
    result.records = self.parse(self.fetch())
                                ^^^^^^^^^^^^
  File "/home/runner/work/Renewable-tender-tracker/Renewable-tender-tracker/Python/connectors/portals.py", line 24, in fetch
    return super().fetch()
           ^^^^^^^^^^^^^^^
  File "/home/runner/work/Renewable-tender-tracker/Renewable-tender-tracker/Python/connectors/base.py", line 45, in fetch
    return get_text(self.source_url)
           ^^^^^^^^^^^^^^^^^^^^^^^^^
  File "/home/runner/work/Renewable-tender-tracker/Renewable-tender-tracker/Python/core/http.py", line 21, in get_text
    raise RuntimeError(f"Unable to fetch {url}: {last_error}")
RuntimeError: Unable to fetch https://upneda.org.in/: HTTPSConnectionPool(host='upneda.org.in', port=443): Max retries exceeded with url: / (Caused by ConnectTimeoutError(<HTTPSConnection(host='upneda.org.in', port=443) at 0x7f7e09cf2270>, 'Connection to upneda.org.in timed out. (connect timeout=45)'))
2026-08-03 06:14:43,858 INFO daily_update UPNEDA: 0 accepted; Failed
2026-08-03 06:14:45,160 INFO daily_update BSPHCL: 0 accepted; Success
2026-08-04 05:30:26,752 INFO daily_update SECI: 8 accepted; Success
2026-08-04 05:30:28,069 INFO daily_update NTPC REL: 0 accepted; Success
2026-08-04 05:30:50,960 INFO daily_update NHPC: 0 accepted; Success
2026-08-04 05:31:27,353 INFO daily_update SJVN: 0 accepted; Success
2026-08-04 05:36:04,671 ERROR connector.NLCIL Connector failed
Traceback (most recent call last):
  File "/home/runner/work/Renewable-tender-tracker/Renewable-tender-tracker/Python/connectors/base.py", line 50, in run
    result.records = self.parse(self.fetch())
                                ^^^^^^^^^^^^
  File "/home/runner/work/Renewable-tender-tracker/Renewable-tender-tracker/Python/connectors/base.py", line 45, in fetch
    return get_text(self.source_url)
           ^^^^^^^^^^^^^^^^^^^^^^^^^
  File "/home/runner/work/Renewable-tender-tracker/Renewable-tender-tracker/Python/core/http.py", line 21, in get_text
    raise RuntimeError(f"Unable to fetch {url}: {last_error}")
RuntimeError: Unable to fetch https://www.nlcindia.in/: HTTPSConnectionPool(host='www.nlcindia.in', port=443): Max retries exceeded with url: / (Caused by ConnectTimeoutError(<HTTPSConnection(host='www.nlcindia.in', port=443) at 0x7fbfc6b0fa70>, 'Connection to www.nlcindia.in timed out. (connect timeout=45)'))
2026-08-04 05:36:04,672 INFO daily_update NLCIL: 0 accepted; Failed
2026-08-04 05:36:14,674 ERROR connector.GUVNL (ISTS) Connector failed
Traceback (most recent call last):
  File "/home/runner/work/Renewable-tender-tracker/Renewable-tender-tracker/Python/connectors/base.py", line 50, in run
    result.records = self.parse(self.fetch())
                                ^^^^^^^^^^^^
  File "/home/runner/work/Renewable-tender-tracker/Renewable-tender-tracker/Python/connectors/base.py", line 45, in fetch
    return get_text(self.source_url)
           ^^^^^^^^^^^^^^^^^^^^^^^^^
  File "/home/runner/work/Renewable-tender-tracker/Renewable-tender-tracker/Python/core/http.py", line 21, in get_text
    raise RuntimeError(f"Unable to fetch {url}: {last_error}")
RuntimeError: Unable to fetch https://www.guvnl.com/: HTTPSConnectionPool(host='www.guvnl.com', port=443): Max retries exceeded with url: / (Caused by SSLError(SSLEOFError(8, '[SSL: UNEXPECTED_EOF_WHILE_READING] EOF occurred in violation of protocol (_ssl.c:1010)')))
2026-08-04 05:36:14,675 INFO daily_update GUVNL (ISTS): 0 accepted; Failed
2026-08-04 05:38:36,879 ERROR connector.REMCL Connector failed
Traceback (most recent call last):
  File "/home/runner/work/Renewable-tender-tracker/Renewable-tender-tracker/Python/connectors/base.py", line 50, in run
    result.records = self.parse(self.fetch())
                                ^^^^^^^^^^^^
  File "/home/runner/work/Renewable-tender-tracker/Renewable-tender-tracker/Python/connectors/base.py", line 45, in fetch
    return get_text(self.source_url)
           ^^^^^^^^^^^^^^^^^^^^^^^^^
  File "/home/runner/work/Renewable-tender-tracker/Renewable-tender-tracker/Python/core/http.py", line 21, in get_text
    raise RuntimeError(f"Unable to fetch {url}: {last_error}")
RuntimeError: Unable to fetch https://www.remcl.in/: HTTPSConnectionPool(host='www.remcl.in', port=443): Max retries exceeded with url: / (Caused by ConnectTimeoutError(<HTTPSConnection(host='www.remcl.in', port=443) at 0x7fbfc6b31850>, 'Connection to www.remcl.in timed out. (connect timeout=45)'))
2026-08-04 05:38:36,879 INFO daily_update REMCL: 0 accepted; Failed
2026-08-04 05:38:38,926 INFO daily_update RUVNL: 0 accepted; Success
2026-08-04 05:38:40,236 INFO daily_update RVPN: 0 accepted; Success
2026-08-04 05:38:44,347 INFO daily_update KREDL: 0 accepted; Success
2026-08-04 05:41:07,487 ERROR connector.KPTCL Connector failed
Traceback (most recent call last):
  File "/home/runner/work/Renewable-tender-tracker/Renewable-tender-tracker/Python/connectors/base.py", line 50, in run
    result.records = self.parse(self.fetch())
                                ^^^^^^^^^^^^
  File "/home/runner/work/Renewable-tender-tracker/Renewable-tender-tracker/Python/connectors/base.py", line 45, in fetch
    return get_text(self.source_url)
           ^^^^^^^^^^^^^^^^^^^^^^^^^
  File "/home/runner/work/Renewable-tender-tracker/Renewable-tender-tracker/Python/core/http.py", line 21, in get_text
    raise RuntimeError(f"Unable to fetch {url}: {last_error}")
RuntimeError: Unable to fetch https://kptcl.karnataka.gov.in/: HTTPSConnectionPool(host='kptcl.karnataka.gov.in', port=443): Max retries exceeded with url: / (Caused by ConnectTimeoutError(<HTTPSConnection(host='kptcl.karnataka.gov.in', port=443) at 0x7fbfc35fdd30>, 'Connection to kptcl.karnataka.gov.in timed out. (connect timeout=45)'))
2026-08-04 05:41:07,487 INFO daily_update KPTCL: 0 accepted; Failed
2026-08-04 05:41:15,231 ERROR connector.KPCL Connector failed
Traceback (most recent call last):
  File "/home/runner/work/Renewable-tender-tracker/Renewable-tender-tracker/Python/connectors/base.py", line 50, in run
    result.records = self.parse(self.fetch())
                                ^^^^^^^^^^^^
  File "/home/runner/work/Renewable-tender-tracker/Renewable-tender-tracker/Python/connectors/base.py", line 45, in fetch
    return get_text(self.source_url)
           ^^^^^^^^^^^^^^^^^^^^^^^^^
  File "/home/runner/work/Renewable-tender-tracker/Renewable-tender-tracker/Python/core/http.py", line 21, in get_text
    raise RuntimeError(f"Unable to fetch {url}: {last_error}")
RuntimeError: Unable to fetch https://karnatakapower.com/: HTTPSConnectionPool(host='karnatakapower.com', port=443): Max retries exceeded with url: / (Caused by SSLError(SSLCertVerificationError(1, "[SSL: CERTIFICATE_VERIFY_FAILED] certificate verify failed: Hostname mismatch, certificate is not valid for 'karnatakapower.com'. (_ssl.c:1010)")))
2026-08-04 05:41:15,232 INFO daily_update KPCL: 0 accepted; Failed
2026-08-04 05:41:17,209 INFO daily_update MPUVNL: 0 accepted; Success
2026-08-04 05:41:17,722 INFO daily_update MPPMCL: 0 accepted; Success
2026-08-04 05:41:25,484 ERROR connector.MP Urja Vikas Nigam Connector failed
Traceback (most recent call last):
  File "/home/runner/work/Renewable-tender-tracker/Renewable-tender-tracker/Python/connectors/base.py", line 50, in run
    result.records = self.parse(self.fetch())
                                ^^^^^^^^^^^^
  File "/home/runner/work/Renewable-tender-tracker/Renewable-tender-tracker/Python/connectors/base.py", line 45, in fetch
    return get_text(self.source_url)
           ^^^^^^^^^^^^^^^^^^^^^^^^^
  File "/home/runner/work/Renewable-tender-tracker/Renewable-tender-tracker/Python/core/http.py", line 21, in get_text
    raise RuntimeError(f"Unable to fetch {url}: {last_error}")
RuntimeError: Unable to fetch https://www.mprenewable.nic.in/: HTTPSConnectionPool(host='www.mprenewable.nic.in', port=443): Max retries exceeded with url: / (Caused by NameResolutionError("HTTPSConnection(host='www.mprenewable.nic.in', port=443): Failed to resolve 'www.mprenewable.nic.in' ([Errno -2] Name or service not known)"))
2026-08-04 05:41:25,486 INFO daily_update MP Urja Vikas Nigam: 0 accepted; Failed
2026-08-04 05:41:29,435 INFO daily_update MSEDCL: 0 accepted; Success
2026-08-04 05:41:31,102 INFO daily_update MAHAGENCO: 0 accepted; Success
2026-08-04 05:41:40,983 ERROR connector.GUVNL Connector failed
Traceback (most recent call last):
  File "/home/runner/work/Renewable-tender-tracker/Renewable-tender-tracker/Python/connectors/base.py", line 50, in run
    result.records = self.parse(self.fetch())
                                ^^^^^^^^^^^^
  File "/home/runner/work/Renewable-tender-tracker/Renewable-tender-tracker/Python/connectors/base.py", line 45, in fetch
    return get_text(self.source_url)
           ^^^^^^^^^^^^^^^^^^^^^^^^^
  File "/home/runner/work/Renewable-tender-tracker/Renewable-tender-tracker/Python/core/http.py", line 21, in get_text
    raise RuntimeError(f"Unable to fetch {url}: {last_error}")
RuntimeError: Unable to fetch https://www.guvnl.com/: HTTPSConnectionPool(host='www.guvnl.com', port=443): Max retries exceeded with url: / (Caused by SSLError(SSLEOFError(8, '[SSL: UNEXPECTED_EOF_WHILE_READING] EOF occurred in violation of protocol (_ssl.c:1010)')))
2026-08-04 05:41:40,983 INFO daily_update GUVNL: 0 accepted; Failed
2026-08-04 05:44:08,823 ERROR connector.GPCL Connector failed
Traceback (most recent call last):
  File "/home/runner/work/Renewable-tender-tracker/Renewable-tender-tracker/Python/connectors/base.py", line 50, in run
    result.records = self.parse(self.fetch())
                                ^^^^^^^^^^^^
  File "/home/runner/work/Renewable-tender-tracker/Renewable-tender-tracker/Python/connectors/base.py", line 45, in fetch
    return get_text(self.source_url)
           ^^^^^^^^^^^^^^^^^^^^^^^^^
  File "/home/runner/work/Renewable-tender-tracker/Renewable-tender-tracker/Python/core/http.py", line 21, in get_text
    raise RuntimeError(f"Unable to fetch {url}: {last_error}")
RuntimeError: Unable to fetch https://gpcl.gujarat.gov.in/: HTTPSConnectionPool(host='gpcl.gujarat.gov.in', port=443): Read timed out. (read timeout=45)
2026-08-04 05:44:08,823 INFO daily_update GPCL: 0 accepted; Failed
2026-08-04 05:44:10,025 INFO daily_update APSPDCL: 0 accepted; Success
2026-08-04 05:44:21,741 INFO daily_update APGENCO: 0 accepted; Success
2026-08-04 05:44:30,730 ERROR connector.NREDCAP Connector failed
Traceback (most recent call last):
  File "/home/runner/work/Renewable-tender-tracker/Renewable-tender-tracker/Python/connectors/base.py", line 50, in run
    result.records = self.parse(self.fetch())
                                ^^^^^^^^^^^^
  File "/home/runner/work/Renewable-tender-tracker/Renewable-tender-tracker/Python/connectors/base.py", line 45, in fetch
    return get_text(self.source_url)
           ^^^^^^^^^^^^^^^^^^^^^^^^^
  File "/home/runner/work/Renewable-tender-tracker/Renewable-tender-tracker/Python/core/http.py", line 21, in get_text
    raise RuntimeError(f"Unable to fetch {url}: {last_error}")
RuntimeError: Unable to fetch https://nredcap.in/: HTTPSConnectionPool(host='nredcap.in', port=443): Max retries exceeded with url: / (Caused by SSLError(SSLCertVerificationError(1, '[SSL: CERTIFICATE_VERIFY_FAILED] certificate verify failed: unable to get local issuer certificate (_ssl.c:1010)')))
2026-08-04 05:44:30,730 INFO daily_update NREDCAP: 0 accepted; Failed
2026-08-04 05:44:41,498 ERROR connector.TGNPDCL Connector failed
Traceback (most recent call last):
  File "/home/runner/work/Renewable-tender-tracker/Renewable-tender-tracker/Python/connectors/base.py", line 50, in run
    result.records = self.parse(self.fetch())
                                ^^^^^^^^^^^^
  File "/home/runner/work/Renewable-tender-tracker/Renewable-tender-tracker/Python/connectors/base.py", line 45, in fetch
    return get_text(self.source_url)
           ^^^^^^^^^^^^^^^^^^^^^^^^^
  File "/home/runner/work/Renewable-tender-tracker/Renewable-tender-tracker/Python/core/http.py", line 21, in get_text
    raise RuntimeError(f"Unable to fetch {url}: {last_error}")
RuntimeError: Unable to fetch https://tgnpdcl.com/: HTTPSConnectionPool(host='tgnpdcl.com', port=443): Max retries exceeded with url: / (Caused by SSLError(SSLError(1, '[SSL: SSLV3_ALERT_HANDSHAKE_FAILURE] sslv3 alert handshake failure (_ssl.c:1010)')))
2026-08-04 05:44:41,498 INFO daily_update TGNPDCL: 0 accepted; Failed
2026-08-04 05:44:42,219 INFO daily_update TSSPDCL: 0 accepted; Success
2026-08-04 05:45:17,302 ERROR connector.TNGECL Connector failed
Traceback (most recent call last):
  File "/home/runner/work/Renewable-tender-tracker/Renewable-tender-tracker/Python/connectors/base.py", line 50, in run
    result.records = self.parse(self.fetch())
                                ^^^^^^^^^^^^
  File "/home/runner/work/Renewable-tender-tracker/Renewable-tender-tracker/Python/connectors/base.py", line 45, in fetch
    return get_text(self.source_url)
           ^^^^^^^^^^^^^^^^^^^^^^^^^
  File "/home/runner/work/Renewable-tender-tracker/Renewable-tender-tracker/Python/core/http.py", line 21, in get_text
    raise RuntimeError(f"Unable to fetch {url}: {last_error}")
RuntimeError: Unable to fetch https://www.tangedco.gov.in/: HTTPSConnectionPool(host='www.tangedco.gov.in', port=443): Max retries exceeded with url: / (Caused by NameResolutionError("HTTPSConnection(host='www.tangedco.gov.in', port=443): Failed to resolve 'www.tangedco.gov.in' ([Errno -3] Temporary failure in name resolution)"))
2026-08-04 05:45:17,302 INFO daily_update TNGECL: 0 accepted; Failed
2026-08-04 05:45:51,626 ERROR connector.TANTRANSCO Connector failed
Traceback (most recent call last):
  File "/home/runner/work/Renewable-tender-tracker/Renewable-tender-tracker/Python/connectors/base.py", line 50, in run
    result.records = self.parse(self.fetch())
                                ^^^^^^^^^^^^
  File "/home/runner/work/Renewable-tender-tracker/Renewable-tender-tracker/Python/connectors/base.py", line 45, in fetch
    return get_text(self.source_url)
           ^^^^^^^^^^^^^^^^^^^^^^^^^
  File "/home/runner/work/Renewable-tender-tracker/Renewable-tender-tracker/Python/core/http.py", line 21, in get_text
    raise RuntimeError(f"Unable to fetch {url}: {last_error}")
RuntimeError: Unable to fetch https://www.tantransco.gov.in/: HTTPSConnectionPool(host='www.tantransco.gov.in', port=443): Max retries exceeded with url: / (Caused by NameResolutionError("HTTPSConnection(host='www.tantransco.gov.in', port=443): Failed to resolve 'www.tantransco.gov.in' ([Errno -3] Temporary failure in name resolution)"))
2026-08-04 05:45:51,626 INFO daily_update TANTRANSCO: 0 accepted; Failed
2026-08-04 05:45:53,332 INFO daily_update GRIDCO: 4 accepted; Success
2026-08-04 05:45:54,904 INFO daily_update HAREDA: 0 accepted; Success
2026-08-04 05:45:58,224 INFO daily_update PSPCL: 0 accepted; Success
2026-08-04 05:48:20,441 ERROR connector.UPNEDA Connector failed
Traceback (most recent call last):
  File "/home/runner/work/Renewable-tender-tracker/Renewable-tender-tracker/Python/connectors/base.py", line 50, in run
    result.records = self.parse(self.fetch())
                                ^^^^^^^^^^^^
  File "/home/runner/work/Renewable-tender-tracker/Renewable-tender-tracker/Python/connectors/portals.py", line 24, in fetch
    return super().fetch()
           ^^^^^^^^^^^^^^^
  File "/home/runner/work/Renewable-tender-tracker/Renewable-tender-tracker/Python/connectors/base.py", line 45, in fetch
    return get_text(self.source_url)
           ^^^^^^^^^^^^^^^^^^^^^^^^^
  File "/home/runner/work/Renewable-tender-tracker/Renewable-tender-tracker/Python/core/http.py", line 21, in get_text
    raise RuntimeError(f"Unable to fetch {url}: {last_error}")
RuntimeError: Unable to fetch https://upneda.org.in/: HTTPSConnectionPool(host='upneda.org.in', port=443): Max retries exceeded with url: / (Caused by ConnectTimeoutError(<HTTPSConnection(host='upneda.org.in', port=443) at 0x7fbfc8644f50>, 'Connection to upneda.org.in timed out. (connect timeout=45)'))
2026-08-04 05:48:20,442 INFO daily_update UPNEDA: 0 accepted; Failed
2026-08-04 05:48:21,472 INFO daily_update BSPHCL: 0 accepted; Success
2026-08-05 05:29:31,831 INFO daily_update SECI: 7 accepted; Success
2026-08-05 05:29:33,232 INFO daily_update NTPC REL: 1 accepted; Success
2026-08-05 05:29:51,809 INFO daily_update NHPC: 0 accepted; Success
2026-08-05 05:29:54,098 INFO daily_update SJVN: 0 accepted; Success
2026-08-05 05:34:31,512 ERROR connector.NLCIL Connector failed
Traceback (most recent call last):
  File "/home/runner/work/Renewable-tender-tracker/Renewable-tender-tracker/Python/connectors/base.py", line 50, in run
    result.records = self.parse(self.fetch())
                                ^^^^^^^^^^^^
  File "/home/runner/work/Renewable-tender-tracker/Renewable-tender-tracker/Python/connectors/base.py", line 45, in fetch
    return get_text(self.source_url)
           ^^^^^^^^^^^^^^^^^^^^^^^^^
  File "/home/runner/work/Renewable-tender-tracker/Renewable-tender-tracker/Python/core/http.py", line 21, in get_text
    raise RuntimeError(f"Unable to fetch {url}: {last_error}")
RuntimeError: Unable to fetch https://www.nlcindia.in/: HTTPSConnectionPool(host='www.nlcindia.in', port=443): Max retries exceeded with url: / (Caused by ConnectTimeoutError(<HTTPSConnection(host='www.nlcindia.in', port=443) at 0x7ffa3e17c170>, 'Connection to www.nlcindia.in timed out. (connect timeout=45)'))
2026-08-05 05:34:31,512 INFO daily_update NLCIL: 0 accepted; Failed
2026-08-05 05:34:41,461 ERROR connector.GUVNL (ISTS) Connector failed
Traceback (most recent call last):
  File "/home/runner/work/Renewable-tender-tracker/Renewable-tender-tracker/Python/connectors/base.py", line 50, in run
    result.records = self.parse(self.fetch())
                                ^^^^^^^^^^^^
  File "/home/runner/work/Renewable-tender-tracker/Renewable-tender-tracker/Python/connectors/base.py", line 45, in fetch
    return get_text(self.source_url)
           ^^^^^^^^^^^^^^^^^^^^^^^^^
  File "/home/runner/work/Renewable-tender-tracker/Renewable-tender-tracker/Python/core/http.py", line 21, in get_text
    raise RuntimeError(f"Unable to fetch {url}: {last_error}")
RuntimeError: Unable to fetch https://www.guvnl.com/: HTTPSConnectionPool(host='www.guvnl.com', port=443): Max retries exceeded with url: / (Caused by SSLError(SSLEOFError(8, '[SSL: UNEXPECTED_EOF_WHILE_READING] EOF occurred in violation of protocol (_ssl.c:1010)')))
2026-08-05 05:34:41,462 INFO daily_update GUVNL (ISTS): 0 accepted; Failed
2026-08-05 05:37:07,757 ERROR connector.REMCL Connector failed
Traceback (most recent call last):
  File "/home/runner/work/Renewable-tender-tracker/Renewable-tender-tracker/Python/connectors/base.py", line 50, in run
    result.records = self.parse(self.fetch())
                                ^^^^^^^^^^^^
  File "/home/runner/work/Renewable-tender-tracker/Renewable-tender-tracker/Python/connectors/base.py", line 45, in fetch
    return get_text(self.source_url)
           ^^^^^^^^^^^^^^^^^^^^^^^^^
  File "/home/runner/work/Renewable-tender-tracker/Renewable-tender-tracker/Python/core/http.py", line 21, in get_text
    raise RuntimeError(f"Unable to fetch {url}: {last_error}")
RuntimeError: Unable to fetch https://www.remcl.in/: HTTPSConnectionPool(host='www.remcl.in', port=443): Max retries exceeded with url: / (Caused by ConnectTimeoutError(<HTTPSConnection(host='www.remcl.in', port=443) at 0x7ffa3e17ebd0>, 'Connection to www.remcl.in timed out. (connect timeout=45)'))
2026-08-05 05:37:07,757 INFO daily_update REMCL: 0 accepted; Failed
2026-08-05 05:37:09,805 INFO daily_update RUVNL: 0 accepted; Success
2026-08-05 05:37:11,010 INFO daily_update RVPN: 0 accepted; Success
2026-08-05 05:37:12,104 INFO daily_update KREDL: 0 accepted; Success
2026-08-05 05:39:35,015 ERROR connector.KPTCL Connector failed
Traceback (most recent call last):
  File "/home/runner/work/Renewable-tender-tracker/Renewable-tender-tracker/Python/connectors/base.py", line 50, in run
    result.records = self.parse(self.fetch())
                                ^^^^^^^^^^^^
  File "/home/runner/work/Renewable-tender-tracker/Renewable-tender-tracker/Python/connectors/base.py", line 45, in fetch
    return get_text(self.source_url)
           ^^^^^^^^^^^^^^^^^^^^^^^^^
  File "/home/runner/work/Renewable-tender-tracker/Renewable-tender-tracker/Python/core/http.py", line 21, in get_text
    raise RuntimeError(f"Unable to fetch {url}: {last_error}")
RuntimeError: Unable to fetch https://kptcl.karnataka.gov.in/: HTTPSConnectionPool(host='kptcl.karnataka.gov.in', port=443): Max retries exceeded with url: / (Caused by ConnectTimeoutError(<HTTPSConnection(host='kptcl.karnataka.gov.in', port=443) at 0x7ffa3a73e6f0>, 'Connection to kptcl.karnataka.gov.in timed out. (connect timeout=45)'))
2026-08-05 05:39:35,016 INFO daily_update KPTCL: 0 accepted; Failed
2026-08-05 05:39:42,783 ERROR connector.KPCL Connector failed
Traceback (most recent call last):
  File "/home/runner/work/Renewable-tender-tracker/Renewable-tender-tracker/Python/connectors/base.py", line 50, in run
    result.records = self.parse(self.fetch())
                                ^^^^^^^^^^^^
  File "/home/runner/work/Renewable-tender-tracker/Renewable-tender-tracker/Python/connectors/base.py", line 45, in fetch
    return get_text(self.source_url)
           ^^^^^^^^^^^^^^^^^^^^^^^^^
  File "/home/runner/work/Renewable-tender-tracker/Renewable-tender-tracker/Python/core/http.py", line 21, in get_text
    raise RuntimeError(f"Unable to fetch {url}: {last_error}")
RuntimeError: Unable to fetch https://karnatakapower.com/: HTTPSConnectionPool(host='karnatakapower.com', port=443): Max retries exceeded with url: / (Caused by SSLError(SSLCertVerificationError(1, "[SSL: CERTIFICATE_VERIFY_FAILED] certificate verify failed: Hostname mismatch, certificate is not valid for 'karnatakapower.com'. (_ssl.c:1010)")))
2026-08-05 05:39:42,784 INFO daily_update KPCL: 0 accepted; Failed
2026-08-05 05:39:44,773 INFO daily_update MPUVNL: 0 accepted; Success
2026-08-05 05:39:45,334 INFO daily_update MPPMCL: 0 accepted; Success
2026-08-05 05:39:53,110 ERROR connector.MP Urja Vikas Nigam Connector failed
Traceback (most recent call last):
  File "/home/runner/work/Renewable-tender-tracker/Renewable-tender-tracker/Python/connectors/base.py", line 50, in run
    result.records = self.parse(self.fetch())
                                ^^^^^^^^^^^^
  File "/home/runner/work/Renewable-tender-tracker/Renewable-tender-tracker/Python/connectors/base.py", line 45, in fetch
    return get_text(self.source_url)
           ^^^^^^^^^^^^^^^^^^^^^^^^^
  File "/home/runner/work/Renewable-tender-tracker/Renewable-tender-tracker/Python/core/http.py", line 21, in get_text
    raise RuntimeError(f"Unable to fetch {url}: {last_error}")
RuntimeError: Unable to fetch https://www.mprenewable.nic.in/: HTTPSConnectionPool(host='www.mprenewable.nic.in', port=443): Max retries exceeded with url: / (Caused by NameResolutionError("HTTPSConnection(host='www.mprenewable.nic.in', port=443): Failed to resolve 'www.mprenewable.nic.in' ([Errno -2] Name or service not known)"))
2026-08-05 05:39:53,111 INFO daily_update MP Urja Vikas Nigam: 0 accepted; Failed
2026-08-05 05:39:57,190 INFO daily_update MSEDCL: 0 accepted; Success
2026-08-05 05:39:59,192 INFO daily_update MAHAGENCO: 0 accepted; Success
2026-08-05 05:40:09,111 ERROR connector.GUVNL Connector failed
Traceback (most recent call last):
  File "/home/runner/work/Renewable-tender-tracker/Renewable-tender-tracker/Python/connectors/base.py", line 50, in run
    result.records = self.parse(self.fetch())
                                ^^^^^^^^^^^^
  File "/home/runner/work/Renewable-tender-tracker/Renewable-tender-tracker/Python/connectors/base.py", line 45, in fetch
    return get_text(self.source_url)
           ^^^^^^^^^^^^^^^^^^^^^^^^^
  File "/home/runner/work/Renewable-tender-tracker/Renewable-tender-tracker/Python/core/http.py", line 21, in get_text
    raise RuntimeError(f"Unable to fetch {url}: {last_error}")
RuntimeError: Unable to fetch https://www.guvnl.com/: HTTPSConnectionPool(host='www.guvnl.com', port=443): Max retries exceeded with url: / (Caused by SSLError(SSLEOFError(8, '[SSL: UNEXPECTED_EOF_WHILE_READING] EOF occurred in violation of protocol (_ssl.c:1010)')))
2026-08-05 05:40:09,112 INFO daily_update GUVNL: 0 accepted; Failed
2026-08-05 05:42:32,235 ERROR connector.GPCL Connector failed
Traceback (most recent call last):
  File "/home/runner/work/Renewable-tender-tracker/Renewable-tender-tracker/Python/connectors/base.py", line 50, in run
    result.records = self.parse(self.fetch())
                                ^^^^^^^^^^^^
  File "/home/runner/work/Renewable-tender-tracker/Renewable-tender-tracker/Python/connectors/base.py", line 45, in fetch
    return get_text(self.source_url)
           ^^^^^^^^^^^^^^^^^^^^^^^^^
  File "/home/runner/work/Renewable-tender-tracker/Renewable-tender-tracker/Python/core/http.py", line 21, in get_text
    raise RuntimeError(f"Unable to fetch {url}: {last_error}")
RuntimeError: Unable to fetch https://gpcl.gujarat.gov.in/: HTTPSConnectionPool(host='gpcl.gujarat.gov.in', port=443): Read timed out. (read timeout=45)
2026-08-05 05:42:32,235 INFO daily_update GPCL: 0 accepted; Failed
2026-08-05 05:42:33,429 INFO daily_update APSPDCL: 0 accepted; Success
2026-08-05 05:42:55,185 INFO daily_update APGENCO: 0 accepted; Success
2026-08-05 05:43:04,101 ERROR connector.NREDCAP Connector failed
Traceback (most recent call last):
  File "/home/runner/work/Renewable-tender-tracker/Renewable-tender-tracker/Python/connectors/base.py", line 50, in run
    result.records = self.parse(self.fetch())
                                ^^^^^^^^^^^^
  File "/home/runner/work/Renewable-tender-tracker/Renewable-tender-tracker/Python/connectors/base.py", line 45, in fetch
    return get_text(self.source_url)
           ^^^^^^^^^^^^^^^^^^^^^^^^^
  File "/home/runner/work/Renewable-tender-tracker/Renewable-tender-tracker/Python/core/http.py", line 21, in get_text
    raise RuntimeError(f"Unable to fetch {url}: {last_error}")
RuntimeError: Unable to fetch https://nredcap.in/: HTTPSConnectionPool(host='nredcap.in', port=443): Max retries exceeded with url: / (Caused by SSLError(SSLCertVerificationError(1, '[SSL: CERTIFICATE_VERIFY_FAILED] certificate verify failed: unable to get local issuer certificate (_ssl.c:1010)')))
2026-08-05 05:43:04,102 INFO daily_update NREDCAP: 0 accepted; Failed
2026-08-05 05:43:13,184 ERROR connector.TGNPDCL Connector failed
Traceback (most recent call last):
  File "/home/runner/work/Renewable-tender-tracker/Renewable-tender-tracker/Python/connectors/base.py", line 50, in run
    result.records = self.parse(self.fetch())
                                ^^^^^^^^^^^^
  File "/home/runner/work/Renewable-tender-tracker/Renewable-tender-tracker/Python/connectors/base.py", line 45, in fetch
    return get_text(self.source_url)
           ^^^^^^^^^^^^^^^^^^^^^^^^^
  File "/home/runner/work/Renewable-tender-tracker/Renewable-tender-tracker/Python/core/http.py", line 21, in get_text
    raise RuntimeError(f"Unable to fetch {url}: {last_error}")
RuntimeError: Unable to fetch https://tgnpdcl.com/: HTTPSConnectionPool(host='tgnpdcl.com', port=443): Max retries exceeded with url: / (Caused by SSLError(SSLError(1, '[SSL: SSLV3_ALERT_HANDSHAKE_FAILURE] sslv3 alert handshake failure (_ssl.c:1010)')))
2026-08-05 05:43:13,185 INFO daily_update TGNPDCL: 0 accepted; Failed
2026-08-05 05:43:13,877 INFO daily_update TSSPDCL: 0 accepted; Success
2026-08-05 05:43:50,925 ERROR connector.TNGECL Connector failed
Traceback (most recent call last):
  File "/home/runner/work/Renewable-tender-tracker/Renewable-tender-tracker/Python/connectors/base.py", line 50, in run
    result.records = self.parse(self.fetch())
                                ^^^^^^^^^^^^
  File "/home/runner/work/Renewable-tender-tracker/Renewable-tender-tracker/Python/connectors/base.py", line 45, in fetch
    return get_text(self.source_url)
           ^^^^^^^^^^^^^^^^^^^^^^^^^
  File "/home/runner/work/Renewable-tender-tracker/Renewable-tender-tracker/Python/core/http.py", line 21, in get_text
    raise RuntimeError(f"Unable to fetch {url}: {last_error}")
RuntimeError: Unable to fetch https://www.tangedco.gov.in/: HTTPSConnectionPool(host='www.tangedco.gov.in', port=443): Max retries exceeded with url: / (Caused by NameResolutionError("HTTPSConnection(host='www.tangedco.gov.in', port=443): Failed to resolve 'www.tangedco.gov.in' ([Errno -3] Temporary failure in name resolution)"))
2026-08-05 05:43:50,925 INFO daily_update TNGECL: 0 accepted; Failed
2026-08-05 05:44:27,982 ERROR connector.TANTRANSCO Connector failed
Traceback (most recent call last):
  File "/home/runner/work/Renewable-tender-tracker/Renewable-tender-tracker/Python/connectors/base.py", line 50, in run
    result.records = self.parse(self.fetch())
                                ^^^^^^^^^^^^
  File "/home/runner/work/Renewable-tender-tracker/Renewable-tender-tracker/Python/connectors/base.py", line 45, in fetch
    return get_text(self.source_url)
           ^^^^^^^^^^^^^^^^^^^^^^^^^
  File "/home/runner/work/Renewable-tender-tracker/Renewable-tender-tracker/Python/core/http.py", line 21, in get_text
    raise RuntimeError(f"Unable to fetch {url}: {last_error}")
RuntimeError: Unable to fetch https://www.tantransco.gov.in/: HTTPSConnectionPool(host='www.tantransco.gov.in', port=443): Max retries exceeded with url: / (Caused by NameResolutionError("HTTPSConnection(host='www.tantransco.gov.in', port=443): Failed to resolve 'www.tantransco.gov.in' ([Errno -3] Temporary failure in name resolution)"))
2026-08-05 05:44:27,982 INFO daily_update TANTRANSCO: 0 accepted; Failed
2026-08-05 05:44:29,592 INFO daily_update GRIDCO: 4 accepted; Success
2026-08-05 05:44:32,160 INFO daily_update HAREDA: 0 accepted; Success
2026-08-05 05:44:36,561 INFO daily_update PSPCL: 0 accepted; Success
2026-08-05 05:46:59,185 ERROR connector.UPNEDA Connector failed
Traceback (most recent call last):
  File "/home/runner/work/Renewable-tender-tracker/Renewable-tender-tracker/Python/connectors/base.py", line 50, in run
    result.records = self.parse(self.fetch())
                                ^^^^^^^^^^^^
  File "/home/runner/work/Renewable-tender-tracker/Renewable-tender-tracker/Python/connectors/portals.py", line 24, in fetch
    return super().fetch()
           ^^^^^^^^^^^^^^^
  File "/home/runner/work/Renewable-tender-tracker/Renewable-tender-tracker/Python/connectors/base.py", line 45, in fetch
    return get_text(self.source_url)
           ^^^^^^^^^^^^^^^^^^^^^^^^^
  File "/home/runner/work/Renewable-tender-tracker/Renewable-tender-tracker/Python/core/http.py", line 21, in get_text
    raise RuntimeError(f"Unable to fetch {url}: {last_error}")
RuntimeError: Unable to fetch https://upneda.org.in/: HTTPSConnectionPool(host='upneda.org.in', port=443): Max retries exceeded with url: / (Caused by ConnectTimeoutError(<HTTPSConnection(host='upneda.org.in', port=443) at 0x7ffa3fe4a8a0>, 'Connection to upneda.org.in timed out. (connect timeout=45)'))
2026-08-05 05:46:59,186 INFO daily_update UPNEDA: 0 accepted; Failed
2026-08-05 05:47:00,216 INFO daily_update BSPHCL: 0 accepted; Success
2026-08-06 05:32:24,572 INFO daily_update SECI: 7 accepted; Success
2026-08-06 05:32:26,114 INFO daily_update NTPC REL: 2 accepted; Success
2026-08-06 05:32:45,223 INFO daily_update NHPC: 0 accepted; Success
2026-08-06 05:33:15,496 INFO daily_update SJVN: 0 accepted; Success
2026-08-06 05:37:52,798 ERROR connector.NLCIL Connector failed
Traceback (most recent call last):
  File "/home/runner/work/Renewable-tender-tracker/Renewable-tender-tracker/Python/connectors/base.py", line 50, in run
    result.records = self.parse(self.fetch())
                                ^^^^^^^^^^^^
  File "/home/runner/work/Renewable-tender-tracker/Renewable-tender-tracker/Python/connectors/base.py", line 45, in fetch
    return get_text(self.source_url)
           ^^^^^^^^^^^^^^^^^^^^^^^^^
  File "/home/runner/work/Renewable-tender-tracker/Renewable-tender-tracker/Python/core/http.py", line 21, in get_text
    raise RuntimeError(f"Unable to fetch {url}: {last_error}")
RuntimeError: Unable to fetch https://www.nlcindia.in/: HTTPSConnectionPool(host='www.nlcindia.in', port=443): Max retries exceeded with url: / (Caused by ConnectTimeoutError(<HTTPSConnection(host='www.nlcindia.in', port=443) at 0x7f2defbf43e0>, 'Connection to www.nlcindia.in timed out. (connect timeout=45)'))
2026-08-06 05:37:52,799 INFO daily_update NLCIL: 0 accepted; Failed
2026-08-06 05:38:02,924 ERROR connector.GUVNL (ISTS) Connector failed
Traceback (most recent call last):
  File "/home/runner/work/Renewable-tender-tracker/Renewable-tender-tracker/Python/connectors/base.py", line 50, in run
    result.records = self.parse(self.fetch())
                                ^^^^^^^^^^^^
  File "/home/runner/work/Renewable-tender-tracker/Renewable-tender-tracker/Python/connectors/base.py", line 45, in fetch
    return get_text(self.source_url)
           ^^^^^^^^^^^^^^^^^^^^^^^^^
  File "/home/runner/work/Renewable-tender-tracker/Renewable-tender-tracker/Python/core/http.py", line 21, in get_text
    raise RuntimeError(f"Unable to fetch {url}: {last_error}")
RuntimeError: Unable to fetch https://www.guvnl.com/: HTTPSConnectionPool(host='www.guvnl.com', port=443): Max retries exceeded with url: / (Caused by SSLError(SSLEOFError(8, '[SSL: UNEXPECTED_EOF_WHILE_READING] EOF occurred in violation of protocol (_ssl.c:1010)')))
2026-08-06 05:38:02,925 INFO daily_update GUVNL (ISTS): 0 accepted; Failed
2026-08-06 05:40:25,207 ERROR connector.REMCL Connector failed
Traceback (most recent call last):
  File "/home/runner/work/Renewable-tender-tracker/Renewable-tender-tracker/Python/connectors/base.py", line 50, in run
    result.records = self.parse(self.fetch())
                                ^^^^^^^^^^^^
  File "/home/runner/work/Renewable-tender-tracker/Renewable-tender-tracker/Python/connectors/base.py", line 45, in fetch
    return get_text(self.source_url)
           ^^^^^^^^^^^^^^^^^^^^^^^^^
  File "/home/runner/work/Renewable-tender-tracker/Renewable-tender-tracker/Python/core/http.py", line 21, in get_text
    raise RuntimeError(f"Unable to fetch {url}: {last_error}")
RuntimeError: Unable to fetch https://www.remcl.in/: HTTPSConnectionPool(host='www.remcl.in', port=443): Max retries exceeded with url: / (Caused by ConnectTimeoutError(<HTTPSConnection(host='www.remcl.in', port=443) at 0x7f2defbd66c0>, 'Connection to www.remcl.in timed out. (connect timeout=45)'))
2026-08-06 05:40:25,207 INFO daily_update REMCL: 0 accepted; Failed
2026-08-06 05:40:31,632 INFO daily_update RUVNL: 0 accepted; Success
2026-08-06 05:40:32,980 INFO daily_update RVPN: 0 accepted; Success
2026-08-06 05:40:34,177 INFO daily_update KREDL: 0 accepted; Success
2026-08-06 05:42:56,982 ERROR connector.KPTCL Connector failed
Traceback (most recent call last):
  File "/home/runner/work/Renewable-tender-tracker/Renewable-tender-tracker/Python/connectors/base.py", line 50, in run
    result.records = self.parse(self.fetch())
                                ^^^^^^^^^^^^
  File "/home/runner/work/Renewable-tender-tracker/Renewable-tender-tracker/Python/connectors/base.py", line 45, in fetch
    return get_text(self.source_url)
           ^^^^^^^^^^^^^^^^^^^^^^^^^
  File "/home/runner/work/Renewable-tender-tracker/Renewable-tender-tracker/Python/core/http.py", line 21, in get_text
    raise RuntimeError(f"Unable to fetch {url}: {last_error}")
RuntimeError: Unable to fetch https://kptcl.karnataka.gov.in/: HTTPSConnectionPool(host='kptcl.karnataka.gov.in', port=443): Max retries exceeded with url: / (Caused by ConnectTimeoutError(<HTTPSConnection(host='kptcl.karnataka.gov.in', port=443) at 0x7f2df1f0e360>, 'Connection to kptcl.karnataka.gov.in timed out. (connect timeout=45)'))
2026-08-06 05:42:56,982 INFO daily_update KPTCL: 0 accepted; Failed
2026-08-06 05:43:04,751 ERROR connector.KPCL Connector failed
Traceback (most recent call last):
  File "/home/runner/work/Renewable-tender-tracker/Renewable-tender-tracker/Python/connectors/base.py", line 50, in run
    result.records = self.parse(self.fetch())
                                ^^^^^^^^^^^^
  File "/home/runner/work/Renewable-tender-tracker/Renewable-tender-tracker/Python/connectors/base.py", line 45, in fetch
    return get_text(self.source_url)
           ^^^^^^^^^^^^^^^^^^^^^^^^^
  File "/home/runner/work/Renewable-tender-tracker/Renewable-tender-tracker/Python/core/http.py", line 21, in get_text
    raise RuntimeError(f"Unable to fetch {url}: {last_error}")
RuntimeError: Unable to fetch https://karnatakapower.com/: HTTPSConnectionPool(host='karnatakapower.com', port=443): Max retries exceeded with url: / (Caused by SSLError(SSLCertVerificationError(1, "[SSL: CERTIFICATE_VERIFY_FAILED] certificate verify failed: Hostname mismatch, certificate is not valid for 'karnatakapower.com'. (_ssl.c:1010)")))
2026-08-06 05:43:04,752 INFO daily_update KPCL: 0 accepted; Failed
2026-08-06 05:43:06,742 INFO daily_update MPUVNL: 0 accepted; Success
2026-08-06 05:43:09,837 INFO daily_update MPPMCL: 0 accepted; Success
2026-08-06 05:43:17,597 ERROR connector.MP Urja Vikas Nigam Connector failed
Traceback (most recent call last):
  File "/home/runner/work/Renewable-tender-tracker/Renewable-tender-tracker/Python/connectors/base.py", line 50, in run
    result.records = self.parse(self.fetch())
                                ^^^^^^^^^^^^
  File "/home/runner/work/Renewable-tender-tracker/Renewable-tender-tracker/Python/connectors/base.py", line 45, in fetch
    return get_text(self.source_url)
           ^^^^^^^^^^^^^^^^^^^^^^^^^
  File "/home/runner/work/Renewable-tender-tracker/Renewable-tender-tracker/Python/core/http.py", line 21, in get_text
    raise RuntimeError(f"Unable to fetch {url}: {last_error}")
RuntimeError: Unable to fetch https://www.mprenewable.nic.in/: HTTPSConnectionPool(host='www.mprenewable.nic.in', port=443): Max retries exceeded with url: / (Caused by NameResolutionError("HTTPSConnection(host='www.mprenewable.nic.in', port=443): Failed to resolve 'www.mprenewable.nic.in' ([Errno -2] Name or service not known)"))
2026-08-06 05:43:17,598 INFO daily_update MP Urja Vikas Nigam: 0 accepted; Failed
2026-08-06 05:43:22,212 INFO daily_update MSEDCL: 0 accepted; Success
2026-08-06 05:43:24,214 INFO daily_update MAHAGENCO: 0 accepted; Success
2026-08-06 05:43:34,254 ERROR connector.GUVNL Connector failed
Traceback (most recent call last):
  File "/home/runner/work/Renewable-tender-tracker/Renewable-tender-tracker/Python/connectors/base.py", line 50, in run
    result.records = self.parse(self.fetch())
                                ^^^^^^^^^^^^
  File "/home/runner/work/Renewable-tender-tracker/Renewable-tender-tracker/Python/connectors/base.py", line 45, in fetch
    return get_text(self.source_url)
           ^^^^^^^^^^^^^^^^^^^^^^^^^
  File "/home/runner/work/Renewable-tender-tracker/Renewable-tender-tracker/Python/core/http.py", line 21, in get_text
    raise RuntimeError(f"Unable to fetch {url}: {last_error}")
RuntimeError: Unable to fetch https://www.guvnl.com/: HTTPSConnectionPool(host='www.guvnl.com', port=443): Max retries exceeded with url: / (Caused by SSLError(SSLEOFError(8, '[SSL: UNEXPECTED_EOF_WHILE_READING] EOF occurred in violation of protocol (_ssl.c:1010)')))
2026-08-06 05:43:34,255 INFO daily_update GUVNL: 0 accepted; Failed
2026-08-06 05:45:57,352 ERROR connector.GPCL Connector failed
Traceback (most recent call last):
  File "/home/runner/work/Renewable-tender-tracker/Renewable-tender-tracker/Python/connectors/base.py", line 50, in run
    result.records = self.parse(self.fetch())
                                ^^^^^^^^^^^^
  File "/home/runner/work/Renewable-tender-tracker/Renewable-tender-tracker/Python/connectors/base.py", line 45, in fetch
    return get_text(self.source_url)
           ^^^^^^^^^^^^^^^^^^^^^^^^^
  File "/home/runner/work/Renewable-tender-tracker/Renewable-tender-tracker/Python/core/http.py", line 21, in get_text
    raise RuntimeError(f"Unable to fetch {url}: {last_error}")
RuntimeError: Unable to fetch https://gpcl.gujarat.gov.in/: HTTPSConnectionPool(host='gpcl.gujarat.gov.in', port=443): Read timed out. (read timeout=45)
2026-08-06 05:45:57,352 INFO daily_update GPCL: 0 accepted; Failed
2026-08-06 05:45:58,605 INFO daily_update APSPDCL: 0 accepted; Success
2026-08-06 05:46:05,505 INFO daily_update APGENCO: 0 accepted; Success
2026-08-06 05:46:14,123 ERROR connector.NREDCAP Connector failed
Traceback (most recent call last):
  File "/home/runner/work/Renewable-tender-tracker/Renewable-tender-tracker/Python/connectors/base.py", line 50, in run
    result.records = self.parse(self.fetch())
                                ^^^^^^^^^^^^
  File "/home/runner/work/Renewable-tender-tracker/Renewable-tender-tracker/Python/connectors/base.py", line 45, in fetch
    return get_text(self.source_url)
           ^^^^^^^^^^^^^^^^^^^^^^^^^
  File "/home/runner/work/Renewable-tender-tracker/Renewable-tender-tracker/Python/core/http.py", line 21, in get_text
    raise RuntimeError(f"Unable to fetch {url}: {last_error}")
RuntimeError: Unable to fetch https://nredcap.in/: HTTPSConnectionPool(host='nredcap.in', port=443): Max retries exceeded with url: / (Caused by SSLError(SSLCertVerificationError(1, '[SSL: CERTIFICATE_VERIFY_FAILED] certificate verify failed: unable to get local issuer certificate (_ssl.c:1010)')))
2026-08-06 05:46:14,124 INFO daily_update NREDCAP: 0 accepted; Failed
2026-08-06 05:46:23,014 ERROR connector.TGNPDCL Connector failed
Traceback (most recent call last):
  File "/home/runner/work/Renewable-tender-tracker/Renewable-tender-tracker/Python/connectors/base.py", line 50, in run
    result.records = self.parse(self.fetch())
                                ^^^^^^^^^^^^
  File "/home/runner/work/Renewable-tender-tracker/Renewable-tender-tracker/Python/connectors/base.py", line 45, in fetch
    return get_text(self.source_url)
           ^^^^^^^^^^^^^^^^^^^^^^^^^
  File "/home/runner/work/Renewable-tender-tracker/Renewable-tender-tracker/Python/core/http.py", line 21, in get_text
    raise RuntimeError(f"Unable to fetch {url}: {last_error}")
RuntimeError: Unable to fetch https://tgnpdcl.com/: HTTPSConnectionPool(host='tgnpdcl.com', port=443): Max retries exceeded with url: / (Caused by SSLError(SSLError(1, '[SSL: SSLV3_ALERT_HANDSHAKE_FAILURE] sslv3 alert handshake failure (_ssl.c:1010)')))
2026-08-06 05:46:23,015 INFO daily_update TGNPDCL: 0 accepted; Failed
2026-08-06 05:46:23,750 INFO daily_update TSSPDCL: 0 accepted; Success
2026-08-06 05:47:00,814 ERROR connector.TNGECL Connector failed
Traceback (most recent call last):
  File "/home/runner/work/Renewable-tender-tracker/Renewable-tender-tracker/Python/connectors/base.py", line 50, in run
    result.records = self.parse(self.fetch())
                                ^^^^^^^^^^^^
  File "/home/runner/work/Renewable-tender-tracker/Renewable-tender-tracker/Python/connectors/base.py", line 45, in fetch
    return get_text(self.source_url)
           ^^^^^^^^^^^^^^^^^^^^^^^^^
  File "/home/runner/work/Renewable-tender-tracker/Renewable-tender-tracker/Python/core/http.py", line 21, in get_text
    raise RuntimeError(f"Unable to fetch {url}: {last_error}")
RuntimeError: Unable to fetch https://www.tangedco.gov.in/: HTTPSConnectionPool(host='www.tangedco.gov.in', port=443): Max retries exceeded with url: / (Caused by NameResolutionError("HTTPSConnection(host='www.tangedco.gov.in', port=443): Failed to resolve 'www.tangedco.gov.in' ([Errno -3] Temporary failure in name resolution)"))
2026-08-06 05:47:00,814 INFO daily_update TNGECL: 0 accepted; Failed
2026-08-06 05:47:37,854 ERROR connector.TANTRANSCO Connector failed
Traceback (most recent call last):
  File "/home/runner/work/Renewable-tender-tracker/Renewable-tender-tracker/Python/connectors/base.py", line 50, in run
    result.records = self.parse(self.fetch())
                                ^^^^^^^^^^^^
  File "/home/runner/work/Renewable-tender-tracker/Renewable-tender-tracker/Python/connectors/base.py", line 45, in fetch
    return get_text(self.source_url)
           ^^^^^^^^^^^^^^^^^^^^^^^^^
  File "/home/runner/work/Renewable-tender-tracker/Renewable-tender-tracker/Python/core/http.py", line 21, in get_text
    raise RuntimeError(f"Unable to fetch {url}: {last_error}")
RuntimeError: Unable to fetch https://www.tantransco.gov.in/: HTTPSConnectionPool(host='www.tantransco.gov.in', port=443): Max retries exceeded with url: / (Caused by NameResolutionError("HTTPSConnection(host='www.tantransco.gov.in', port=443): Failed to resolve 'www.tantransco.gov.in' ([Errno -3] Temporary failure in name resolution)"))
2026-08-06 05:47:37,854 INFO daily_update TANTRANSCO: 0 accepted; Failed
2026-08-06 05:47:39,774 INFO daily_update GRIDCO: 4 accepted; Success
2026-08-06 05:47:41,715 INFO daily_update HAREDA: 0 accepted; Success
2026-08-06 05:47:45,350 INFO daily_update PSPCL: 0 accepted; Success
2026-08-06 05:50:07,574 ERROR connector.UPNEDA Connector failed
Traceback (most recent call last):
  File "/home/runner/work/Renewable-tender-tracker/Renewable-tender-tracker/Python/connectors/base.py", line 50, in run
    result.records = self.parse(self.fetch())
                                ^^^^^^^^^^^^
  File "/home/runner/work/Renewable-tender-tracker/Renewable-tender-tracker/Python/connectors/portals.py", line 24, in fetch
    return super().fetch()
           ^^^^^^^^^^^^^^^
  File "/home/runner/work/Renewable-tender-tracker/Renewable-tender-tracker/Python/connectors/base.py", line 45, in fetch
    return get_text(self.source_url)
           ^^^^^^^^^^^^^^^^^^^^^^^^^
  File "/home/runner/work/Renewable-tender-tracker/Renewable-tender-tracker/Python/core/http.py", line 21, in get_text
    raise RuntimeError(f"Unable to fetch {url}: {last_error}")
RuntimeError: Unable to fetch https://upneda.org.in/: HTTPSConnectionPool(host='upneda.org.in', port=443): Max retries exceeded with url: / (Caused by ConnectTimeoutError(<HTTPSConnection(host='upneda.org.in', port=443) at 0x7f2df1d21be0>, 'Connection to upneda.org.in timed out. (connect timeout=45)'))
2026-08-06 05:50:07,574 INFO daily_update UPNEDA: 0 accepted; Failed
2026-08-06 05:50:10,298 INFO daily_update BSPHCL: 0 accepted; Success
2026-08-07 04:36:28,597 INFO daily_update SECI: 8 accepted; Success
2026-08-07 04:36:30,055 INFO daily_update NTPC REL: 2 accepted; Success
2026-08-07 04:36:47,937 INFO daily_update NHPC: 0 accepted; Success
2026-08-07 04:36:50,053 INFO daily_update SJVN: 0 accepted; Success
2026-08-07 04:41:27,429 ERROR connector.NLCIL Connector failed
Traceback (most recent call last):
  File "/home/runner/work/Renewable-tender-tracker/Renewable-tender-tracker/Python/connectors/base.py", line 50, in run
    result.records = self.parse(self.fetch())
                                ^^^^^^^^^^^^
  File "/home/runner/work/Renewable-tender-tracker/Renewable-tender-tracker/Python/connectors/base.py", line 45, in fetch
    return get_text(self.source_url)
           ^^^^^^^^^^^^^^^^^^^^^^^^^
  File "/home/runner/work/Renewable-tender-tracker/Renewable-tender-tracker/Python/core/http.py", line 21, in get_text
    raise RuntimeError(f"Unable to fetch {url}: {last_error}")
RuntimeError: Unable to fetch https://www.nlcindia.in/: HTTPSConnectionPool(host='www.nlcindia.in', port=443): Max retries exceeded with url: / (Caused by ConnectTimeoutError(<HTTPSConnection(host='www.nlcindia.in', port=443) at 0x7f04fcabf230>, 'Connection to www.nlcindia.in timed out. (connect timeout=45)'))
2026-08-07 04:41:27,430 INFO daily_update NLCIL: 0 accepted; Failed
2026-08-07 04:41:37,322 ERROR connector.GUVNL (ISTS) Connector failed
Traceback (most recent call last):
  File "/home/runner/work/Renewable-tender-tracker/Renewable-tender-tracker/Python/connectors/base.py", line 50, in run
    result.records = self.parse(self.fetch())
                                ^^^^^^^^^^^^
  File "/home/runner/work/Renewable-tender-tracker/Renewable-tender-tracker/Python/connectors/base.py", line 45, in fetch
    return get_text(self.source_url)
           ^^^^^^^^^^^^^^^^^^^^^^^^^
  File "/home/runner/work/Renewable-tender-tracker/Renewable-tender-tracker/Python/core/http.py", line 21, in get_text
    raise RuntimeError(f"Unable to fetch {url}: {last_error}")
RuntimeError: Unable to fetch https://www.guvnl.com/: HTTPSConnectionPool(host='www.guvnl.com', port=443): Max retries exceeded with url: / (Caused by SSLError(SSLEOFError(8, '[SSL: UNEXPECTED_EOF_WHILE_READING] EOF occurred in violation of protocol (_ssl.c:1010)')))
2026-08-07 04:41:37,322 INFO daily_update GUVNL (ISTS): 0 accepted; Failed
2026-08-07 04:44:03,568 ERROR connector.REMCL Connector failed
Traceback (most recent call last):
  File "/home/runner/work/Renewable-tender-tracker/Renewable-tender-tracker/Python/connectors/base.py", line 50, in run
    result.records = self.parse(self.fetch())
                                ^^^^^^^^^^^^
  File "/home/runner/work/Renewable-tender-tracker/Renewable-tender-tracker/Python/connectors/base.py", line 45, in fetch
    return get_text(self.source_url)
           ^^^^^^^^^^^^^^^^^^^^^^^^^
  File "/home/runner/work/Renewable-tender-tracker/Renewable-tender-tracker/Python/core/http.py", line 21, in get_text
    raise RuntimeError(f"Unable to fetch {url}: {last_error}")
RuntimeError: Unable to fetch https://www.remcl.in/: HTTPSConnectionPool(host='www.remcl.in', port=443): Max retries exceeded with url: / (Caused by ConnectTimeoutError(<HTTPSConnection(host='www.remcl.in', port=443) at 0x7f04fca8be90>, 'Connection to www.remcl.in timed out. (connect timeout=45)'))
2026-08-07 04:44:03,568 INFO daily_update REMCL: 0 accepted; Failed
2026-08-07 04:44:05,595 INFO daily_update RUVNL: 0 accepted; Success
2026-08-07 04:44:06,850 INFO daily_update RVPN: 0 accepted; Success
2026-08-07 04:44:08,125 INFO daily_update KREDL: 0 accepted; Success
2026-08-07 04:46:31,253 ERROR connector.KPTCL Connector failed
Traceback (most recent call last):
  File "/home/runner/work/Renewable-tender-tracker/Renewable-tender-tracker/Python/connectors/base.py", line 50, in run
    result.records = self.parse(self.fetch())
                                ^^^^^^^^^^^^
  File "/home/runner/work/Renewable-tender-tracker/Renewable-tender-tracker/Python/connectors/base.py", line 45, in fetch
    return get_text(self.source_url)
           ^^^^^^^^^^^^^^^^^^^^^^^^^
  File "/home/runner/work/Renewable-tender-tracker/Renewable-tender-tracker/Python/core/http.py", line 21, in get_text
    raise RuntimeError(f"Unable to fetch {url}: {last_error}")
RuntimeError: Unable to fetch https://kptcl.karnataka.gov.in/: HTTPSConnectionPool(host='kptcl.karnataka.gov.in', port=443): Max retries exceeded with url: / (Caused by ConnectTimeoutError(<HTTPSConnection(host='kptcl.karnataka.gov.in', port=443) at 0x7f04feded2e0>, 'Connection to kptcl.karnataka.gov.in timed out. (connect timeout=45)'))
2026-08-07 04:46:31,253 INFO daily_update KPTCL: 0 accepted; Failed
2026-08-07 04:46:39,267 ERROR connector.KPCL Connector failed
Traceback (most recent call last):
  File "/home/runner/work/Renewable-tender-tracker/Renewable-tender-tracker/Python/connectors/base.py", line 50, in run
    result.records = self.parse(self.fetch())
                                ^^^^^^^^^^^^
  File "/home/runner/work/Renewable-tender-tracker/Renewable-tender-tracker/Python/connectors/base.py", line 45, in fetch
    return get_text(self.source_url)
           ^^^^^^^^^^^^^^^^^^^^^^^^^
  File "/home/runner/work/Renewable-tender-tracker/Renewable-tender-tracker/Python/core/http.py", line 21, in get_text
    raise RuntimeError(f"Unable to fetch {url}: {last_error}")
RuntimeError: Unable to fetch https://karnatakapower.com/: HTTPSConnectionPool(host='karnatakapower.com', port=443): Max retries exceeded with url: / (Caused by SSLError(SSLCertVerificationError(1, "[SSL: CERTIFICATE_VERIFY_FAILED] certificate verify failed: Hostname mismatch, certificate is not valid for 'karnatakapower.com'. (_ssl.c:1010)")))
2026-08-07 04:46:39,270 INFO daily_update KPCL: 0 accepted; Failed
2026-08-07 04:46:41,090 INFO daily_update MPUVNL: 0 accepted; Success
2026-08-07 04:46:41,619 INFO daily_update MPPMCL: 0 accepted; Success
2026-08-07 04:46:49,170 ERROR connector.MP Urja Vikas Nigam Connector failed
Traceback (most recent call last):
  File "/home/runner/work/Renewable-tender-tracker/Renewable-tender-tracker/Python/connectors/base.py", line 50, in run
    result.records = self.parse(self.fetch())
                                ^^^^^^^^^^^^
  File "/home/runner/work/Renewable-tender-tracker/Renewable-tender-tracker/Python/connectors/base.py", line 45, in fetch
    return get_text(self.source_url)
           ^^^^^^^^^^^^^^^^^^^^^^^^^
  File "/home/runner/work/Renewable-tender-tracker/Renewable-tender-tracker/Python/core/http.py", line 21, in get_text
    raise RuntimeError(f"Unable to fetch {url}: {last_error}")
RuntimeError: Unable to fetch https://www.mprenewable.nic.in/: HTTPSConnectionPool(host='www.mprenewable.nic.in', port=443): Max retries exceeded with url: / (Caused by NameResolutionError("HTTPSConnection(host='www.mprenewable.nic.in', port=443): Failed to resolve 'www.mprenewable.nic.in' ([Errno -2] Name or service not known)"))
2026-08-07 04:46:49,170 INFO daily_update MP Urja Vikas Nigam: 0 accepted; Failed
2026-08-07 04:46:54,051 INFO daily_update MSEDCL: 0 accepted; Success
2026-08-07 04:46:55,872 INFO daily_update MAHAGENCO: 0 accepted; Success
2026-08-07 04:47:05,691 ERROR connector.GUVNL Connector failed
Traceback (most recent call last):
  File "/home/runner/work/Renewable-tender-tracker/Renewable-tender-tracker/Python/connectors/base.py", line 50, in run
    result.records = self.parse(self.fetch())
                                ^^^^^^^^^^^^
  File "/home/runner/work/Renewable-tender-tracker/Renewable-tender-tracker/Python/connectors/base.py", line 45, in fetch
    return get_text(self.source_url)
           ^^^^^^^^^^^^^^^^^^^^^^^^^
  File "/home/runner/work/Renewable-tender-tracker/Renewable-tender-tracker/Python/core/http.py", line 21, in get_text
    raise RuntimeError(f"Unable to fetch {url}: {last_error}")
RuntimeError: Unable to fetch https://www.guvnl.com/: HTTPSConnectionPool(host='www.guvnl.com', port=443): Max retries exceeded with url: / (Caused by SSLError(SSLEOFError(8, '[SSL: UNEXPECTED_EOF_WHILE_READING] EOF occurred in violation of protocol (_ssl.c:1010)')))
2026-08-07 04:47:05,691 INFO daily_update GUVNL: 0 accepted; Failed
2026-08-07 04:49:28,793 ERROR connector.GPCL Connector failed
Traceback (most recent call last):
  File "/home/runner/work/Renewable-tender-tracker/Renewable-tender-tracker/Python/connectors/base.py", line 50, in run
    result.records = self.parse(self.fetch())
                                ^^^^^^^^^^^^
  File "/home/runner/work/Renewable-tender-tracker/Renewable-tender-tracker/Python/connectors/base.py", line 45, in fetch
    return get_text(self.source_url)
           ^^^^^^^^^^^^^^^^^^^^^^^^^
  File "/home/runner/work/Renewable-tender-tracker/Renewable-tender-tracker/Python/core/http.py", line 21, in get_text
    raise RuntimeError(f"Unable to fetch {url}: {last_error}")
RuntimeError: Unable to fetch https://gpcl.gujarat.gov.in/: HTTPSConnectionPool(host='gpcl.gujarat.gov.in', port=443): Read timed out. (read timeout=45)
2026-08-07 04:49:28,793 INFO daily_update GPCL: 0 accepted; Failed
2026-08-07 04:49:30,070 INFO daily_update APSPDCL: 0 accepted; Success
2026-08-07 04:49:31,949 INFO daily_update APGENCO: 0 accepted; Success
2026-08-07 04:49:40,600 ERROR connector.NREDCAP Connector failed
Traceback (most recent call last):
  File "/home/runner/work/Renewable-tender-tracker/Renewable-tender-tracker/Python/connectors/base.py", line 50, in run
    result.records = self.parse(self.fetch())
                                ^^^^^^^^^^^^
  File "/home/runner/work/Renewable-tender-tracker/Renewable-tender-tracker/Python/connectors/base.py", line 45, in fetch
    return get_text(self.source_url)
           ^^^^^^^^^^^^^^^^^^^^^^^^^
  File "/home/runner/work/Renewable-tender-tracker/Renewable-tender-tracker/Python/core/http.py", line 21, in get_text
    raise RuntimeError(f"Unable to fetch {url}: {last_error}")
RuntimeError: Unable to fetch https://nredcap.in/: HTTPSConnectionPool(host='nredcap.in', port=443): Max retries exceeded with url: / (Caused by SSLError(SSLCertVerificationError(1, '[SSL: CERTIFICATE_VERIFY_FAILED] certificate verify failed: unable to get local issuer certificate (_ssl.c:1010)')))
2026-08-07 04:49:40,600 INFO daily_update NREDCAP: 0 accepted; Failed
2026-08-07 04:49:49,267 ERROR connector.TGNPDCL Connector failed
Traceback (most recent call last):
  File "/home/runner/work/Renewable-tender-tracker/Renewable-tender-tracker/Python/connectors/base.py", line 50, in run
    result.records = self.parse(self.fetch())
                                ^^^^^^^^^^^^
  File "/home/runner/work/Renewable-tender-tracker/Renewable-tender-tracker/Python/connectors/base.py", line 45, in fetch
    return get_text(self.source_url)
           ^^^^^^^^^^^^^^^^^^^^^^^^^
  File "/home/runner/work/Renewable-tender-tracker/Renewable-tender-tracker/Python/core/http.py", line 21, in get_text
    raise RuntimeError(f"Unable to fetch {url}: {last_error}")
RuntimeError: Unable to fetch https://tgnpdcl.com/: HTTPSConnectionPool(host='tgnpdcl.com', port=443): Max retries exceeded with url: / (Caused by SSLError(SSLError(1, '[SSL: SSLV3_ALERT_HANDSHAKE_FAILURE] sslv3 alert handshake failure (_ssl.c:1010)')))
2026-08-07 04:49:49,268 INFO daily_update TGNPDCL: 0 accepted; Failed
2026-08-07 04:49:50,060 INFO daily_update TSSPDCL: 0 accepted; Success
2026-08-07 04:50:27,108 ERROR connector.TNGECL Connector failed
Traceback (most recent call last):
  File "/home/runner/work/Renewable-tender-tracker/Renewable-tender-tracker/Python/connectors/base.py", line 50, in run
    result.records = self.parse(self.fetch())
                                ^^^^^^^^^^^^
  File "/home/runner/work/Renewable-tender-tracker/Renewable-tender-tracker/Python/connectors/base.py", line 45, in fetch
    return get_text(self.source_url)
           ^^^^^^^^^^^^^^^^^^^^^^^^^
  File "/home/runner/work/Renewable-tender-tracker/Renewable-tender-tracker/Python/core/http.py", line 21, in get_text
    raise RuntimeError(f"Unable to fetch {url}: {last_error}")
RuntimeError: Unable to fetch https://www.tangedco.gov.in/: HTTPSConnectionPool(host='www.tangedco.gov.in', port=443): Max retries exceeded with url: / (Caused by NameResolutionError("HTTPSConnection(host='www.tangedco.gov.in', port=443): Failed to resolve 'www.tangedco.gov.in' ([Errno -3] Temporary failure in name resolution)"))
2026-08-07 04:50:27,108 INFO daily_update TNGECL: 0 accepted; Failed
2026-08-07 04:51:01,992 ERROR connector.TANTRANSCO Connector failed
Traceback (most recent call last):
  File "/home/runner/work/Renewable-tender-tracker/Renewable-tender-tracker/Python/connectors/base.py", line 50, in run
    result.records = self.parse(self.fetch())
                                ^^^^^^^^^^^^
  File "/home/runner/work/Renewable-tender-tracker/Renewable-tender-tracker/Python/connectors/base.py", line 45, in fetch
    return get_text(self.source_url)
           ^^^^^^^^^^^^^^^^^^^^^^^^^
  File "/home/runner/work/Renewable-tender-tracker/Renewable-tender-tracker/Python/core/http.py", line 21, in get_text
    raise RuntimeError(f"Unable to fetch {url}: {last_error}")
RuntimeError: Unable to fetch https://www.tantransco.gov.in/: HTTPSConnectionPool(host='www.tantransco.gov.in', port=443): Max retries exceeded with url: / (Caused by NameResolutionError("HTTPSConnection(host='www.tantransco.gov.in', port=443): Failed to resolve 'www.tantransco.gov.in' ([Errno -3] Temporary failure in name resolution)"))
2026-08-07 04:51:01,993 INFO daily_update TANTRANSCO: 0 accepted; Failed
2026-08-07 04:51:03,623 INFO daily_update GRIDCO: 4 accepted; Success
2026-08-07 04:51:05,478 INFO daily_update HAREDA: 0 accepted; Success
2026-08-07 04:51:09,058 INFO daily_update PSPCL: 0 accepted; Success
2026-08-07 04:53:31,314 ERROR connector.UPNEDA Connector failed
Traceback (most recent call last):
  File "/home/runner/work/Renewable-tender-tracker/Renewable-tender-tracker/Python/connectors/base.py", line 50, in run
    result.records = self.parse(self.fetch())
                                ^^^^^^^^^^^^
  File "/home/runner/work/Renewable-tender-tracker/Renewable-tender-tracker/Python/connectors/portals.py", line 24, in fetch
    return super().fetch()
           ^^^^^^^^^^^^^^^
  File "/home/runner/work/Renewable-tender-tracker/Renewable-tender-tracker/Python/connectors/base.py", line 45, in fetch
    return get_text(self.source_url)
           ^^^^^^^^^^^^^^^^^^^^^^^^^
  File "/home/runner/work/Renewable-tender-tracker/Renewable-tender-tracker/Python/core/http.py", line 21, in get_text
    raise RuntimeError(f"Unable to fetch {url}: {last_error}")
RuntimeError: Unable to fetch https://upneda.org.in/: HTTPSConnectionPool(host='upneda.org.in', port=443): Max retries exceeded with url: / (Caused by ConnectTimeoutError(<HTTPSConnection(host='upneda.org.in', port=443) at 0x7f04fa7e9700>, 'Connection to upneda.org.in timed out. (connect timeout=45)'))
2026-08-07 04:53:31,315 INFO daily_update UPNEDA: 0 accepted; Failed
2026-08-07 04:53:32,357 INFO daily_update BSPHCL: 0 accepted; Success
2026-08-08 03:49:40,305 INFO daily_update SECI: 9 accepted; Success
2026-08-08 03:49:41,622 INFO daily_update NTPC REL: 2 accepted; Success
2026-08-08 03:50:03,583 INFO daily_update NHPC: 0 accepted; Success
2026-08-08 03:50:05,359 INFO daily_update SJVN: 0 accepted; Success
2026-08-08 03:54:42,797 ERROR connector.NLCIL Connector failed
Traceback (most recent call last):
  File "/home/runner/work/Renewable-tender-tracker/Renewable-tender-tracker/Python/connectors/base.py", line 50, in run
    result.records = self.parse(self.fetch())
                                ^^^^^^^^^^^^
  File "/home/runner/work/Renewable-tender-tracker/Renewable-tender-tracker/Python/connectors/base.py", line 45, in fetch
    return get_text(self.source_url)
           ^^^^^^^^^^^^^^^^^^^^^^^^^
  File "/home/runner/work/Renewable-tender-tracker/Renewable-tender-tracker/Python/core/http.py", line 21, in get_text
    raise RuntimeError(f"Unable to fetch {url}: {last_error}")
RuntimeError: Unable to fetch https://www.nlcindia.in/: HTTPSConnectionPool(host='www.nlcindia.in', port=443): Max retries exceeded with url: / (Caused by ConnectTimeoutError(<HTTPSConnection(host='www.nlcindia.in', port=443) at 0x7f5b67ce7470>, 'Connection to www.nlcindia.in timed out. (connect timeout=45)'))
2026-08-08 03:54:42,798 INFO daily_update NLCIL: 0 accepted; Failed
2026-08-08 03:54:52,941 ERROR connector.GUVNL (ISTS) Connector failed
Traceback (most recent call last):
  File "/home/runner/work/Renewable-tender-tracker/Renewable-tender-tracker/Python/connectors/base.py", line 50, in run
    result.records = self.parse(self.fetch())
                                ^^^^^^^^^^^^
  File "/home/runner/work/Renewable-tender-tracker/Renewable-tender-tracker/Python/connectors/base.py", line 45, in fetch
    return get_text(self.source_url)
           ^^^^^^^^^^^^^^^^^^^^^^^^^
  File "/home/runner/work/Renewable-tender-tracker/Renewable-tender-tracker/Python/core/http.py", line 21, in get_text
    raise RuntimeError(f"Unable to fetch {url}: {last_error}")
RuntimeError: Unable to fetch https://www.guvnl.com/: HTTPSConnectionPool(host='www.guvnl.com', port=443): Max retries exceeded with url: / (Caused by SSLError(SSLEOFError(8, '[SSL: UNEXPECTED_EOF_WHILE_READING] EOF occurred in violation of protocol (_ssl.c:1010)')))
2026-08-08 03:54:52,941 INFO daily_update GUVNL (ISTS): 0 accepted; Failed
2026-08-08 03:57:15,268 ERROR connector.REMCL Connector failed
Traceback (most recent call last):
  File "/home/runner/work/Renewable-tender-tracker/Renewable-tender-tracker/Python/connectors/base.py", line 50, in run
    result.records = self.parse(self.fetch())
                                ^^^^^^^^^^^^
  File "/home/runner/work/Renewable-tender-tracker/Renewable-tender-tracker/Python/connectors/base.py", line 45, in fetch
    return get_text(self.source_url)
           ^^^^^^^^^^^^^^^^^^^^^^^^^
  File "/home/runner/work/Renewable-tender-tracker/Renewable-tender-tracker/Python/core/http.py", line 21, in get_text
    raise RuntimeError(f"Unable to fetch {url}: {last_error}")
RuntimeError: Unable to fetch https://www.remcl.in/: HTTPSConnectionPool(host='www.remcl.in', port=443): Max retries exceeded with url: / (Caused by ConnectTimeoutError(<HTTPSConnection(host='www.remcl.in', port=443) at 0x7f5b67ce4410>, 'Connection to www.remcl.in timed out. (connect timeout=45)'))
2026-08-08 03:57:15,269 INFO daily_update REMCL: 0 accepted; Failed
2026-08-08 03:57:17,250 INFO daily_update RUVNL: 0 accepted; Success
2026-08-08 03:57:18,465 INFO daily_update RVPN: 0 accepted; Success
2026-08-08 03:57:19,671 INFO daily_update KREDL: 0 accepted; Success
2026-08-08 03:59:42,887 ERROR connector.KPTCL Connector failed
Traceback (most recent call last):
  File "/home/runner/work/Renewable-tender-tracker/Renewable-tender-tracker/Python/connectors/base.py", line 50, in run
    result.records = self.parse(self.fetch())
                                ^^^^^^^^^^^^
  File "/home/runner/work/Renewable-tender-tracker/Renewable-tender-tracker/Python/connectors/base.py", line 45, in fetch
    return get_text(self.source_url)
           ^^^^^^^^^^^^^^^^^^^^^^^^^
  File "/home/runner/work/Renewable-tender-tracker/Renewable-tender-tracker/Python/core/http.py", line 21, in get_text
    raise RuntimeError(f"Unable to fetch {url}: {last_error}")
RuntimeError: Unable to fetch https://kptcl.karnataka.gov.in/: HTTPSConnectionPool(host='kptcl.karnataka.gov.in', port=443): Max retries exceeded with url: / (Caused by ConnectTimeoutError(<HTTPSConnection(host='kptcl.karnataka.gov.in', port=443) at 0x7f5b6a06fb60>, 'Connection to kptcl.karnataka.gov.in timed out. (connect timeout=45)'))
2026-08-08 03:59:42,888 INFO daily_update KPTCL: 0 accepted; Failed
2026-08-08 03:59:50,622 ERROR connector.KPCL Connector failed
Traceback (most recent call last):
  File "/home/runner/work/Renewable-tender-tracker/Renewable-tender-tracker/Python/connectors/base.py", line 50, in run
    result.records = self.parse(self.fetch())
                                ^^^^^^^^^^^^
  File "/home/runner/work/Renewable-tender-tracker/Renewable-tender-tracker/Python/connectors/base.py", line 45, in fetch
    return get_text(self.source_url)
           ^^^^^^^^^^^^^^^^^^^^^^^^^
  File "/home/runner/work/Renewable-tender-tracker/Renewable-tender-tracker/Python/core/http.py", line 21, in get_text
    raise RuntimeError(f"Unable to fetch {url}: {last_error}")
RuntimeError: Unable to fetch https://karnatakapower.com/: HTTPSConnectionPool(host='karnatakapower.com', port=443): Max retries exceeded with url: / (Caused by SSLError(SSLCertVerificationError(1, "[SSL: CERTIFICATE_VERIFY_FAILED] certificate verify failed: Hostname mismatch, certificate is not valid for 'karnatakapower.com'. (_ssl.c:1010)")))
2026-08-08 03:59:50,623 INFO daily_update KPCL: 0 accepted; Failed
2026-08-08 03:59:52,540 INFO daily_update MPUVNL: 0 accepted; Success
2026-08-08 03:59:53,350 INFO daily_update MPPMCL: 0 accepted; Success
2026-08-08 04:00:00,836 ERROR connector.MP Urja Vikas Nigam Connector failed
Traceback (most recent call last):
  File "/home/runner/work/Renewable-tender-tracker/Renewable-tender-tracker/Python/connectors/base.py", line 50, in run
    result.records = self.parse(self.fetch())
                                ^^^^^^^^^^^^
  File "/home/runner/work/Renewable-tender-tracker/Renewable-tender-tracker/Python/connectors/base.py", line 45, in fetch
    return get_text(self.source_url)
           ^^^^^^^^^^^^^^^^^^^^^^^^^
  File "/home/runner/work/Renewable-tender-tracker/Renewable-tender-tracker/Python/core/http.py", line 21, in get_text
    raise RuntimeError(f"Unable to fetch {url}: {last_error}")
RuntimeError: Unable to fetch https://www.mprenewable.nic.in/: HTTPSConnectionPool(host='www.mprenewable.nic.in', port=443): Max retries exceeded with url: / (Caused by NameResolutionError("HTTPSConnection(host='www.mprenewable.nic.in', port=443): Failed to resolve 'www.mprenewable.nic.in' ([Errno -2] Name or service not known)"))
2026-08-08 04:00:00,836 INFO daily_update MP Urja Vikas Nigam: 0 accepted; Failed
2026-08-08 04:00:05,771 INFO daily_update MSEDCL: 0 accepted; Success
2026-08-08 04:00:07,693 INFO daily_update MAHAGENCO: 0 accepted; Success
2026-08-08 04:00:17,762 ERROR connector.GUVNL Connector failed
Traceback (most recent call last):
  File "/home/runner/work/Renewable-tender-tracker/Renewable-tender-tracker/Python/connectors/base.py", line 50, in run
    result.records = self.parse(self.fetch())
                                ^^^^^^^^^^^^
  File "/home/runner/work/Renewable-tender-tracker/Renewable-tender-tracker/Python/connectors/base.py", line 45, in fetch
    return get_text(self.source_url)
           ^^^^^^^^^^^^^^^^^^^^^^^^^
  File "/home/runner/work/Renewable-tender-tracker/Renewable-tender-tracker/Python/core/http.py", line 21, in get_text
    raise RuntimeError(f"Unable to fetch {url}: {last_error}")
RuntimeError: Unable to fetch https://www.guvnl.com/: HTTPSConnectionPool(host='www.guvnl.com', port=443): Max retries exceeded with url: / (Caused by SSLError(SSLEOFError(8, '[SSL: UNEXPECTED_EOF_WHILE_READING] EOF occurred in violation of protocol (_ssl.c:1010)')))
2026-08-08 04:00:17,762 INFO daily_update GUVNL: 0 accepted; Failed
2026-08-08 04:02:41,484 ERROR connector.GPCL Connector failed
Traceback (most recent call last):
  File "/home/runner/work/Renewable-tender-tracker/Renewable-tender-tracker/Python/connectors/base.py", line 50, in run
    result.records = self.parse(self.fetch())
                                ^^^^^^^^^^^^
  File "/home/runner/work/Renewable-tender-tracker/Renewable-tender-tracker/Python/connectors/base.py", line 45, in fetch
    return get_text(self.source_url)
           ^^^^^^^^^^^^^^^^^^^^^^^^^
  File "/home/runner/work/Renewable-tender-tracker/Renewable-tender-tracker/Python/core/http.py", line 21, in get_text
    raise RuntimeError(f"Unable to fetch {url}: {last_error}")
RuntimeError: Unable to fetch https://gpcl.gujarat.gov.in/: HTTPSConnectionPool(host='gpcl.gujarat.gov.in', port=443): Read timed out. (read timeout=45)
2026-08-08 04:02:41,484 INFO daily_update GPCL: 0 accepted; Failed
2026-08-08 04:02:42,762 INFO daily_update APSPDCL: 0 accepted; Success
2026-08-08 04:02:46,667 INFO daily_update APGENCO: 0 accepted; Success
2026-08-08 04:02:55,573 ERROR connector.NREDCAP Connector failed
Traceback (most recent call last):
  File "/home/runner/work/Renewable-tender-tracker/Renewable-tender-tracker/Python/connectors/base.py", line 50, in run
    result.records = self.parse(self.fetch())
                                ^^^^^^^^^^^^
  File "/home/runner/work/Renewable-tender-tracker/Renewable-tender-tracker/Python/connectors/base.py", line 45, in fetch
    return get_text(self.source_url)
           ^^^^^^^^^^^^^^^^^^^^^^^^^
  File "/home/runner/work/Renewable-tender-tracker/Renewable-tender-tracker/Python/core/http.py", line 21, in get_text
    raise RuntimeError(f"Unable to fetch {url}: {last_error}")
RuntimeError: Unable to fetch https://nredcap.in/: HTTPSConnectionPool(host='nredcap.in', port=443): Max retries exceeded with url: / (Caused by SSLError(SSLCertVerificationError(1, '[SSL: CERTIFICATE_VERIFY_FAILED] certificate verify failed: unable to get local issuer certificate (_ssl.c:1010)')))
2026-08-08 04:02:55,573 INFO daily_update NREDCAP: 0 accepted; Failed
2026-08-08 04:03:04,335 ERROR connector.TGNPDCL Connector failed
Traceback (most recent call last):
  File "/home/runner/work/Renewable-tender-tracker/Renewable-tender-tracker/Python/connectors/base.py", line 50, in run
    result.records = self.parse(self.fetch())
                                ^^^^^^^^^^^^
  File "/home/runner/work/Renewable-tender-tracker/Renewable-tender-tracker/Python/connectors/base.py", line 45, in fetch
    return get_text(self.source_url)
           ^^^^^^^^^^^^^^^^^^^^^^^^^
  File "/home/runner/work/Renewable-tender-tracker/Renewable-tender-tracker/Python/core/http.py", line 21, in get_text
    raise RuntimeError(f"Unable to fetch {url}: {last_error}")
RuntimeError: Unable to fetch https://tgnpdcl.com/: HTTPSConnectionPool(host='tgnpdcl.com', port=443): Max retries exceeded with url: / (Caused by SSLError(SSLError(1, '[SSL: SSLV3_ALERT_HANDSHAKE_FAILURE] sslv3 alert handshake failure (_ssl.c:1010)')))
2026-08-08 04:03:04,336 INFO daily_update TGNPDCL: 0 accepted; Failed
2026-08-08 04:03:05,084 INFO daily_update TSSPDCL: 0 accepted; Success
2026-08-08 04:03:42,121 ERROR connector.TNGECL Connector failed
Traceback (most recent call last):
  File "/home/runner/work/Renewable-tender-tracker/Renewable-tender-tracker/Python/connectors/base.py", line 50, in run
    result.records = self.parse(self.fetch())
                                ^^^^^^^^^^^^
  File "/home/runner/work/Renewable-tender-tracker/Renewable-tender-tracker/Python/connectors/base.py", line 45, in fetch
    return get_text(self.source_url)
           ^^^^^^^^^^^^^^^^^^^^^^^^^
  File "/home/runner/work/Renewable-tender-tracker/Renewable-tender-tracker/Python/core/http.py", line 21, in get_text
    raise RuntimeError(f"Unable to fetch {url}: {last_error}")
RuntimeError: Unable to fetch https://www.tangedco.gov.in/: HTTPSConnectionPool(host='www.tangedco.gov.in', port=443): Max retries exceeded with url: / (Caused by NameResolutionError("HTTPSConnection(host='www.tangedco.gov.in', port=443): Failed to resolve 'www.tangedco.gov.in' ([Errno -3] Temporary failure in name resolution)"))
2026-08-08 04:03:42,121 INFO daily_update TNGECL: 0 accepted; Failed
2026-08-08 04:04:19,160 ERROR connector.TANTRANSCO Connector failed
Traceback (most recent call last):
  File "/home/runner/work/Renewable-tender-tracker/Renewable-tender-tracker/Python/connectors/base.py", line 50, in run
    result.records = self.parse(self.fetch())
                                ^^^^^^^^^^^^
  File "/home/runner/work/Renewable-tender-tracker/Renewable-tender-tracker/Python/connectors/base.py", line 45, in fetch
    return get_text(self.source_url)
           ^^^^^^^^^^^^^^^^^^^^^^^^^
  File "/home/runner/work/Renewable-tender-tracker/Renewable-tender-tracker/Python/core/http.py", line 21, in get_text
    raise RuntimeError(f"Unable to fetch {url}: {last_error}")
RuntimeError: Unable to fetch https://www.tantransco.gov.in/: HTTPSConnectionPool(host='www.tantransco.gov.in', port=443): Max retries exceeded with url: / (Caused by NameResolutionError("HTTPSConnection(host='www.tantransco.gov.in', port=443): Failed to resolve 'www.tantransco.gov.in' ([Errno -3] Temporary failure in name resolution)"))
2026-08-08 04:04:19,160 INFO daily_update TANTRANSCO: 0 accepted; Failed
2026-08-08 04:04:20,732 INFO daily_update GRIDCO: 4 accepted; Success
2026-08-08 04:04:22,340 INFO daily_update HAREDA: 0 accepted; Success
2026-08-08 04:04:25,757 INFO daily_update PSPCL: 0 accepted; Success
2026-08-08 04:06:48,004 ERROR connector.UPNEDA Connector failed
Traceback (most recent call last):
  File "/home/runner/work/Renewable-tender-tracker/Renewable-tender-tracker/Python/connectors/base.py", line 50, in run
    result.records = self.parse(self.fetch())
                                ^^^^^^^^^^^^
  File "/home/runner/work/Renewable-tender-tracker/Renewable-tender-tracker/Python/connectors/portals.py", line 24, in fetch
    return super().fetch()
           ^^^^^^^^^^^^^^^
  File "/home/runner/work/Renewable-tender-tracker/Renewable-tender-tracker/Python/connectors/base.py", line 45, in fetch
    return get_text(self.source_url)
           ^^^^^^^^^^^^^^^^^^^^^^^^^
  File "/home/runner/work/Renewable-tender-tracker/Renewable-tender-tracker/Python/core/http.py", line 21, in get_text
    raise RuntimeError(f"Unable to fetch {url}: {last_error}")
RuntimeError: Unable to fetch https://upneda.org.in/: HTTPSConnectionPool(host='upneda.org.in', port=443): Max retries exceeded with url: / (Caused by ConnectTimeoutError(<HTTPSConnection(host='upneda.org.in', port=443) at 0x7f5b654551f0>, 'Connection to upneda.org.in timed out. (connect timeout=45)'))
2026-08-08 04:06:48,005 INFO daily_update UPNEDA: 0 accepted; Failed
2026-08-08 04:06:49,115 INFO daily_update BSPHCL: 0 accepted; Success
2026-08-09 03:57:42,678 INFO daily_update SECI: 9 accepted; Success
2026-08-09 03:57:44,048 INFO daily_update NTPC REL: 2 accepted; Success
2026-08-09 03:57:59,666 INFO daily_update NHPC: 0 accepted; Success
2026-08-09 03:58:01,550 INFO daily_update SJVN: 0 accepted; Success
2026-08-09 04:02:38,948 ERROR connector.NLCIL Connector failed
Traceback (most recent call last):
  File "/home/runner/work/Renewable-tender-tracker/Renewable-tender-tracker/Python/connectors/base.py", line 50, in run
    result.records = self.parse(self.fetch())
                                ^^^^^^^^^^^^
  File "/home/runner/work/Renewable-tender-tracker/Renewable-tender-tracker/Python/connectors/base.py", line 45, in fetch
    return get_text(self.source_url)
           ^^^^^^^^^^^^^^^^^^^^^^^^^
  File "/home/runner/work/Renewable-tender-tracker/Renewable-tender-tracker/Python/core/http.py", line 21, in get_text
    raise RuntimeError(f"Unable to fetch {url}: {last_error}")
RuntimeError: Unable to fetch https://www.nlcindia.in/: HTTPSConnectionPool(host='www.nlcindia.in', port=443): Max retries exceeded with url: / (Caused by ConnectTimeoutError(<HTTPSConnection(host='www.nlcindia.in', port=443) at 0x7f0ed8ddb7a0>, 'Connection to www.nlcindia.in timed out. (connect timeout=45)'))
2026-08-09 04:02:38,948 INFO daily_update NLCIL: 0 accepted; Failed
2026-08-09 04:02:48,994 ERROR connector.GUVNL (ISTS) Connector failed
Traceback (most recent call last):
  File "/home/runner/work/Renewable-tender-tracker/Renewable-tender-tracker/Python/connectors/base.py", line 50, in run
    result.records = self.parse(self.fetch())
                                ^^^^^^^^^^^^
  File "/home/runner/work/Renewable-tender-tracker/Renewable-tender-tracker/Python/connectors/base.py", line 45, in fetch
    return get_text(self.source_url)
           ^^^^^^^^^^^^^^^^^^^^^^^^^
  File "/home/runner/work/Renewable-tender-tracker/Renewable-tender-tracker/Python/core/http.py", line 21, in get_text
    raise RuntimeError(f"Unable to fetch {url}: {last_error}")
RuntimeError: Unable to fetch https://www.guvnl.com/: HTTPSConnectionPool(host='www.guvnl.com', port=443): Max retries exceeded with url: / (Caused by SSLError(SSLEOFError(8, '[SSL: UNEXPECTED_EOF_WHILE_READING] EOF occurred in violation of protocol (_ssl.c:1010)')))
2026-08-09 04:02:48,995 INFO daily_update GUVNL (ISTS): 0 accepted; Failed
2026-08-09 04:05:11,242 ERROR connector.REMCL Connector failed
Traceback (most recent call last):
  File "/home/runner/work/Renewable-tender-tracker/Renewable-tender-tracker/Python/connectors/base.py", line 50, in run
    result.records = self.parse(self.fetch())
                                ^^^^^^^^^^^^
  File "/home/runner/work/Renewable-tender-tracker/Renewable-tender-tracker/Python/connectors/base.py", line 45, in fetch
    return get_text(self.source_url)
           ^^^^^^^^^^^^^^^^^^^^^^^^^
  File "/home/runner/work/Renewable-tender-tracker/Renewable-tender-tracker/Python/core/http.py", line 21, in get_text
    raise RuntimeError(f"Unable to fetch {url}: {last_error}")
RuntimeError: Unable to fetch https://www.remcl.in/: HTTPSConnectionPool(host='www.remcl.in', port=443): Max retries exceeded with url: / (Caused by ConnectTimeoutError(<HTTPSConnection(host='www.remcl.in', port=443) at 0x7f0ed91c2fc0>, 'Connection to www.remcl.in timed out. (connect timeout=45)'))
2026-08-09 04:05:11,243 INFO daily_update REMCL: 0 accepted; Failed
2026-08-09 04:05:13,301 INFO daily_update RUVNL: 0 accepted; Success
2026-08-09 04:05:14,536 INFO daily_update RVPN: 0 accepted; Success
2026-08-09 04:05:15,807 INFO daily_update KREDL: 0 accepted; Success
2026-08-09 04:07:39,411 ERROR connector.KPTCL Connector failed
Traceback (most recent call last):
  File "/home/runner/work/Renewable-tender-tracker/Renewable-tender-tracker/Python/connectors/base.py", line 50, in run
    result.records = self.parse(self.fetch())
                                ^^^^^^^^^^^^
  File "/home/runner/work/Renewable-tender-tracker/Renewable-tender-tracker/Python/connectors/base.py", line 45, in fetch
    return get_text(self.source_url)
           ^^^^^^^^^^^^^^^^^^^^^^^^^
  File "/home/runner/work/Renewable-tender-tracker/Renewable-tender-tracker/Python/core/http.py", line 21, in get_text
    raise RuntimeError(f"Unable to fetch {url}: {last_error}")
RuntimeError: Unable to fetch https://kptcl.karnataka.gov.in/: HTTPSConnectionPool(host='kptcl.karnataka.gov.in', port=443): Max retries exceeded with url: / (Caused by ConnectTimeoutError(<HTTPSConnection(host='kptcl.karnataka.gov.in', port=443) at 0x7f0ed8b8aa80>, 'Connection to kptcl.karnataka.gov.in timed out. (connect timeout=45)'))
2026-08-09 04:07:39,412 INFO daily_update KPTCL: 0 accepted; Failed
2026-08-09 04:07:47,280 ERROR connector.KPCL Connector failed
Traceback (most recent call last):
  File "/home/runner/work/Renewable-tender-tracker/Renewable-tender-tracker/Python/connectors/base.py", line 50, in run
    result.records = self.parse(self.fetch())
                                ^^^^^^^^^^^^
  File "/home/runner/work/Renewable-tender-tracker/Renewable-tender-tracker/Python/connectors/base.py", line 45, in fetch
    return get_text(self.source_url)
           ^^^^^^^^^^^^^^^^^^^^^^^^^
  File "/home/runner/work/Renewable-tender-tracker/Renewable-tender-tracker/Python/core/http.py", line 21, in get_text
    raise RuntimeError(f"Unable to fetch {url}: {last_error}")
RuntimeError: Unable to fetch https://karnatakapower.com/: HTTPSConnectionPool(host='karnatakapower.com', port=443): Max retries exceeded with url: / (Caused by SSLError(SSLCertVerificationError(1, "[SSL: CERTIFICATE_VERIFY_FAILED] certificate verify failed: Hostname mismatch, certificate is not valid for 'karnatakapower.com'. (_ssl.c:1010)")))
2026-08-09 04:07:47,280 INFO daily_update KPCL: 0 accepted; Failed
2026-08-09 04:07:49,579 INFO daily_update MPUVNL: 0 accepted; Success
2026-08-09 04:07:50,278 INFO daily_update MPPMCL: 0 accepted; Success
2026-08-09 04:07:58,029 ERROR connector.MP Urja Vikas Nigam Connector failed
Traceback (most recent call last):
  File "/home/runner/work/Renewable-tender-tracker/Renewable-tender-tracker/Python/connectors/base.py", line 50, in run
    result.records = self.parse(self.fetch())
                                ^^^^^^^^^^^^
  File "/home/runner/work/Renewable-tender-tracker/Renewable-tender-tracker/Python/connectors/base.py", line 45, in fetch
    return get_text(self.source_url)
           ^^^^^^^^^^^^^^^^^^^^^^^^^
  File "/home/runner/work/Renewable-tender-tracker/Renewable-tender-tracker/Python/core/http.py", line 21, in get_text
    raise RuntimeError(f"Unable to fetch {url}: {last_error}")
RuntimeError: Unable to fetch https://www.mprenewable.nic.in/: HTTPSConnectionPool(host='www.mprenewable.nic.in', port=443): Max retries exceeded with url: / (Caused by NameResolutionError("HTTPSConnection(host='www.mprenewable.nic.in', port=443): Failed to resolve 'www.mprenewable.nic.in' ([Errno -2] Name or service not known)"))
2026-08-09 04:07:58,030 INFO daily_update MP Urja Vikas Nigam: 0 accepted; Failed
2026-08-09 04:08:02,961 INFO daily_update MSEDCL: 0 accepted; Success
2026-08-09 04:08:04,797 INFO daily_update MAHAGENCO: 0 accepted; Success
2026-08-09 04:08:14,859 ERROR connector.GUVNL Connector failed
Traceback (most recent call last):
  File "/home/runner/work/Renewable-tender-tracker/Renewable-tender-tracker/Python/connectors/base.py", line 50, in run
    result.records = self.parse(self.fetch())
                                ^^^^^^^^^^^^
  File "/home/runner/work/Renewable-tender-tracker/Renewable-tender-tracker/Python/connectors/base.py", line 45, in fetch
    return get_text(self.source_url)
           ^^^^^^^^^^^^^^^^^^^^^^^^^
  File "/home/runner/work/Renewable-tender-tracker/Renewable-tender-tracker/Python/core/http.py", line 21, in get_text
    raise RuntimeError(f"Unable to fetch {url}: {last_error}")
RuntimeError: Unable to fetch https://www.guvnl.com/: HTTPSConnectionPool(host='www.guvnl.com', port=443): Max retries exceeded with url: / (Caused by SSLError(SSLEOFError(8, '[SSL: UNEXPECTED_EOF_WHILE_READING] EOF occurred in violation of protocol (_ssl.c:1010)')))
2026-08-09 04:08:14,859 INFO daily_update GUVNL: 0 accepted; Failed
2026-08-09 04:10:37,936 ERROR connector.GPCL Connector failed
Traceback (most recent call last):
  File "/home/runner/work/Renewable-tender-tracker/Renewable-tender-tracker/Python/connectors/base.py", line 50, in run
    result.records = self.parse(self.fetch())
                                ^^^^^^^^^^^^
  File "/home/runner/work/Renewable-tender-tracker/Renewable-tender-tracker/Python/connectors/base.py", line 45, in fetch
    return get_text(self.source_url)
           ^^^^^^^^^^^^^^^^^^^^^^^^^
  File "/home/runner/work/Renewable-tender-tracker/Renewable-tender-tracker/Python/core/http.py", line 21, in get_text
    raise RuntimeError(f"Unable to fetch {url}: {last_error}")
RuntimeError: Unable to fetch https://gpcl.gujarat.gov.in/: HTTPSConnectionPool(host='gpcl.gujarat.gov.in', port=443): Read timed out. (read timeout=45)
2026-08-09 04:10:37,936 INFO daily_update GPCL: 0 accepted; Failed
2026-08-09 04:10:39,182 INFO daily_update APSPDCL: 0 accepted; Success
2026-08-09 04:10:41,256 INFO daily_update APGENCO: 0 accepted; Success
2026-08-09 04:10:50,053 ERROR connector.NREDCAP Connector failed
Traceback (most recent call last):
  File "/home/runner/work/Renewable-tender-tracker/Renewable-tender-tracker/Python/connectors/base.py", line 50, in run
    result.records = self.parse(self.fetch())
                                ^^^^^^^^^^^^
  File "/home/runner/work/Renewable-tender-tracker/Renewable-tender-tracker/Python/connectors/base.py", line 45, in fetch
    return get_text(self.source_url)
           ^^^^^^^^^^^^^^^^^^^^^^^^^
  File "/home/runner/work/Renewable-tender-tracker/Renewable-tender-tracker/Python/core/http.py", line 21, in get_text
    raise RuntimeError(f"Unable to fetch {url}: {last_error}")
RuntimeError: Unable to fetch https://nredcap.in/: HTTPSConnectionPool(host='nredcap.in', port=443): Max retries exceeded with url: / (Caused by SSLError(SSLCertVerificationError(1, '[SSL: CERTIFICATE_VERIFY_FAILED] certificate verify failed: unable to get local issuer certificate (_ssl.c:1010)')))
2026-08-09 04:10:50,054 INFO daily_update NREDCAP: 0 accepted; Failed
2026-08-09 04:10:58,773 ERROR connector.TGNPDCL Connector failed
Traceback (most recent call last):
  File "/home/runner/work/Renewable-tender-tracker/Renewable-tender-tracker/Python/connectors/base.py", line 50, in run
    result.records = self.parse(self.fetch())
                                ^^^^^^^^^^^^
  File "/home/runner/work/Renewable-tender-tracker/Renewable-tender-tracker/Python/connectors/base.py", line 45, in fetch
    return get_text(self.source_url)
           ^^^^^^^^^^^^^^^^^^^^^^^^^
  File "/home/runner/work/Renewable-tender-tracker/Renewable-tender-tracker/Python/core/http.py", line 21, in get_text
    raise RuntimeError(f"Unable to fetch {url}: {last_error}")
RuntimeError: Unable to fetch https://tgnpdcl.com/: HTTPSConnectionPool(host='tgnpdcl.com', port=443): Max retries exceeded with url: / (Caused by SSLError(SSLError(1, '[SSL: SSLV3_ALERT_HANDSHAKE_FAILURE] sslv3 alert handshake failure (_ssl.c:1010)')))
2026-08-09 04:10:58,774 INFO daily_update TGNPDCL: 0 accepted; Failed
2026-08-09 04:10:59,473 INFO daily_update TSSPDCL: 0 accepted; Success
2026-08-09 04:11:35,369 ERROR connector.TNGECL Connector failed
Traceback (most recent call last):
  File "/home/runner/work/Renewable-tender-tracker/Renewable-tender-tracker/Python/connectors/base.py", line 50, in run
    result.records = self.parse(self.fetch())
                                ^^^^^^^^^^^^
  File "/home/runner/work/Renewable-tender-tracker/Renewable-tender-tracker/Python/connectors/base.py", line 45, in fetch
    return get_text(self.source_url)
           ^^^^^^^^^^^^^^^^^^^^^^^^^
  File "/home/runner/work/Renewable-tender-tracker/Renewable-tender-tracker/Python/core/http.py", line 21, in get_text
    raise RuntimeError(f"Unable to fetch {url}: {last_error}")
RuntimeError: Unable to fetch https://www.tangedco.gov.in/: HTTPSConnectionPool(host='www.tangedco.gov.in', port=443): Max retries exceeded with url: / (Caused by NameResolutionError("HTTPSConnection(host='www.tangedco.gov.in', port=443): Failed to resolve 'www.tangedco.gov.in' ([Errno -3] Temporary failure in name resolution)"))
2026-08-09 04:11:35,369 INFO daily_update TNGECL: 0 accepted; Failed
2026-08-09 04:12:10,790 ERROR connector.TANTRANSCO Connector failed
Traceback (most recent call last):
  File "/home/runner/work/Renewable-tender-tracker/Renewable-tender-tracker/Python/connectors/base.py", line 50, in run
    result.records = self.parse(self.fetch())
                                ^^^^^^^^^^^^
  File "/home/runner/work/Renewable-tender-tracker/Renewable-tender-tracker/Python/connectors/base.py", line 45, in fetch
    return get_text(self.source_url)
           ^^^^^^^^^^^^^^^^^^^^^^^^^
  File "/home/runner/work/Renewable-tender-tracker/Renewable-tender-tracker/Python/core/http.py", line 21, in get_text
    raise RuntimeError(f"Unable to fetch {url}: {last_error}")
RuntimeError: Unable to fetch https://www.tantransco.gov.in/: HTTPSConnectionPool(host='www.tantransco.gov.in', port=443): Max retries exceeded with url: / (Caused by NameResolutionError("HTTPSConnection(host='www.tantransco.gov.in', port=443): Failed to resolve 'www.tantransco.gov.in' ([Errno -3] Temporary failure in name resolution)"))
2026-08-09 04:12:10,791 INFO daily_update TANTRANSCO: 0 accepted; Failed
2026-08-09 04:12:12,268 INFO daily_update GRIDCO: 4 accepted; Success
2026-08-09 04:12:13,907 INFO daily_update HAREDA: 0 accepted; Success
2026-08-09 04:12:17,489 INFO daily_update PSPCL: 0 accepted; Success
2026-08-09 04:14:39,769 ERROR connector.UPNEDA Connector failed
Traceback (most recent call last):
  File "/home/runner/work/Renewable-tender-tracker/Renewable-tender-tracker/Python/connectors/base.py", line 50, in run
    result.records = self.parse(self.fetch())
                                ^^^^^^^^^^^^
  File "/home/runner/work/Renewable-tender-tracker/Renewable-tender-tracker/Python/connectors/portals.py", line 24, in fetch
    return super().fetch()
           ^^^^^^^^^^^^^^^
  File "/home/runner/work/Renewable-tender-tracker/Renewable-tender-tracker/Python/connectors/base.py", line 45, in fetch
    return get_text(self.source_url)
           ^^^^^^^^^^^^^^^^^^^^^^^^^
  File "/home/runner/work/Renewable-tender-tracker/Renewable-tender-tracker/Python/core/http.py", line 21, in get_text
    raise RuntimeError(f"Unable to fetch {url}: {last_error}")
RuntimeError: Unable to fetch https://upneda.org.in/: HTTPSConnectionPool(host='upneda.org.in', port=443): Max retries exceeded with url: / (Caused by ConnectTimeoutError(<HTTPSConnection(host='upneda.org.in', port=443) at 0x7f0ed4596480>, 'Connection to upneda.org.in timed out. (connect timeout=45)'))
2026-08-09 04:14:39,770 INFO daily_update UPNEDA: 0 accepted; Failed
2026-08-09 04:14:40,857 INFO daily_update BSPHCL: 0 accepted; Success
2026-08-10 04:12:21,571 INFO daily_update SECI: 9 accepted; Success
2026-08-10 04:12:23,015 INFO daily_update NTPC REL: 2 accepted; Success
2026-08-10 04:14:45,674 ERROR connector.NHPC Connector failed
Traceback (most recent call last):
  File "/home/runner/work/Renewable-tender-tracker/Renewable-tender-tracker/Python/connectors/base.py", line 50, in run
    result.records = self.parse(self.fetch())
                                ^^^^^^^^^^^^
  File "/home/runner/work/Renewable-tender-tracker/Renewable-tender-tracker/Python/connectors/base.py", line 45, in fetch
    return get_text(self.source_url)
           ^^^^^^^^^^^^^^^^^^^^^^^^^
  File "/home/runner/work/Renewable-tender-tracker/Renewable-tender-tracker/Python/core/http.py", line 21, in get_text
    raise RuntimeError(f"Unable to fetch {url}: {last_error}")
RuntimeError: Unable to fetch https://www.nhpcindia.com/welcome/tender.html: HTTPSConnectionPool(host='www.nhpcindia.com', port=443): Max retries exceeded with url: /welcome/tender.html (Caused by ConnectTimeoutError(<HTTPSConnection(host='www.nhpcindia.com', port=443) at 0x7f6680598fe0>, 'Connection to www.nhpcindia.com timed out. (connect timeout=45)'))
2026-08-10 04:14:45,675 INFO daily_update NHPC: 0 accepted; Failed
2026-08-10 04:14:47,850 INFO daily_update SJVN: 0 accepted; Success
2026-08-10 04:19:25,167 ERROR connector.NLCIL Connector failed
Traceback (most recent call last):
  File "/home/runner/work/Renewable-tender-tracker/Renewable-tender-tracker/Python/connectors/base.py", line 50, in run
    result.records = self.parse(self.fetch())
                                ^^^^^^^^^^^^
  File "/home/runner/work/Renewable-tender-tracker/Renewable-tender-tracker/Python/connectors/base.py", line 45, in fetch
    return get_text(self.source_url)
           ^^^^^^^^^^^^^^^^^^^^^^^^^
  File "/home/runner/work/Renewable-tender-tracker/Renewable-tender-tracker/Python/core/http.py", line 21, in get_text
    raise RuntimeError(f"Unable to fetch {url}: {last_error}")
RuntimeError: Unable to fetch https://www.nlcindia.in/: HTTPSConnectionPool(host='www.nlcindia.in', port=443): Max retries exceeded with url: / (Caused by ConnectTimeoutError(<HTTPSConnection(host='www.nlcindia.in', port=443) at 0x7f66804d6510>, 'Connection to www.nlcindia.in timed out. (connect timeout=45)'))
2026-08-10 04:19:25,167 INFO daily_update NLCIL: 0 accepted; Failed
2026-08-10 04:19:35,215 ERROR connector.GUVNL (ISTS) Connector failed
Traceback (most recent call last):
  File "/home/runner/work/Renewable-tender-tracker/Renewable-tender-tracker/Python/connectors/base.py", line 50, in run
    result.records = self.parse(self.fetch())
                                ^^^^^^^^^^^^
  File "/home/runner/work/Renewable-tender-tracker/Renewable-tender-tracker/Python/connectors/base.py", line 45, in fetch
    return get_text(self.source_url)
           ^^^^^^^^^^^^^^^^^^^^^^^^^
  File "/home/runner/work/Renewable-tender-tracker/Renewable-tender-tracker/Python/core/http.py", line 21, in get_text
    raise RuntimeError(f"Unable to fetch {url}: {last_error}")
RuntimeError: Unable to fetch https://www.guvnl.com/: HTTPSConnectionPool(host='www.guvnl.com', port=443): Max retries exceeded with url: / (Caused by SSLError(SSLEOFError(8, '[SSL: UNEXPECTED_EOF_WHILE_READING] EOF occurred in violation of protocol (_ssl.c:1010)')))
2026-08-10 04:19:35,215 INFO daily_update GUVNL (ISTS): 0 accepted; Failed
2026-08-10 04:21:57,660 ERROR connector.REMCL Connector failed
Traceback (most recent call last):
  File "/home/runner/work/Renewable-tender-tracker/Renewable-tender-tracker/Python/connectors/base.py", line 50, in run
    result.records = self.parse(self.fetch())
                                ^^^^^^^^^^^^
  File "/home/runner/work/Renewable-tender-tracker/Renewable-tender-tracker/Python/connectors/base.py", line 45, in fetch
    return get_text(self.source_url)
           ^^^^^^^^^^^^^^^^^^^^^^^^^
  File "/home/runner/work/Renewable-tender-tracker/Renewable-tender-tracker/Python/core/http.py", line 21, in get_text
    raise RuntimeError(f"Unable to fetch {url}: {last_error}")
RuntimeError: Unable to fetch https://www.remcl.in/: HTTPSConnectionPool(host='www.remcl.in', port=443): Max retries exceeded with url: / (Caused by ConnectTimeoutError(<HTTPSConnection(host='www.remcl.in', port=443) at 0x7f66804d6900>, 'Connection to www.remcl.in timed out. (connect timeout=45)'))
2026-08-10 04:21:57,661 INFO daily_update REMCL: 0 accepted; Failed
2026-08-10 04:21:59,825 INFO daily_update RUVNL: 0 accepted; Success
2026-08-10 04:22:01,127 INFO daily_update RVPN: 0 accepted; Success
2026-08-10 04:22:02,156 INFO daily_update KREDL: 0 accepted; Success
2026-08-10 04:24:25,563 ERROR connector.KPTCL Connector failed
Traceback (most recent call last):
  File "/home/runner/work/Renewable-tender-tracker/Renewable-tender-tracker/Python/connectors/base.py", line 50, in run
    result.records = self.parse(self.fetch())
                                ^^^^^^^^^^^^
  File "/home/runner/work/Renewable-tender-tracker/Renewable-tender-tracker/Python/connectors/base.py", line 45, in fetch
    return get_text(self.source_url)
           ^^^^^^^^^^^^^^^^^^^^^^^^^
  File "/home/runner/work/Renewable-tender-tracker/Renewable-tender-tracker/Python/core/http.py", line 21, in get_text
    raise RuntimeError(f"Unable to fetch {url}: {last_error}")
RuntimeError: Unable to fetch https://kptcl.karnataka.gov.in/: HTTPSConnectionPool(host='kptcl.karnataka.gov.in', port=443): Max retries exceeded with url: / (Caused by ConnectTimeoutError(<HTTPSConnection(host='kptcl.karnataka.gov.in', port=443) at 0x7f66803e74d0>, 'Connection to kptcl.karnataka.gov.in timed out. (connect timeout=45)'))
2026-08-10 04:24:25,563 INFO daily_update KPTCL: 0 accepted; Failed
2026-08-10 04:24:33,478 ERROR connector.KPCL Connector failed
Traceback (most recent call last):
  File "/home/runner/work/Renewable-tender-tracker/Renewable-tender-tracker/Python/connectors/base.py", line 50, in run
    result.records = self.parse(self.fetch())
                                ^^^^^^^^^^^^
  File "/home/runner/work/Renewable-tender-tracker/Renewable-tender-tracker/Python/connectors/base.py", line 45, in fetch
    return get_text(self.source_url)
           ^^^^^^^^^^^^^^^^^^^^^^^^^
  File "/home/runner/work/Renewable-tender-tracker/Renewable-tender-tracker/Python/core/http.py", line 21, in get_text
    raise RuntimeError(f"Unable to fetch {url}: {last_error}")
RuntimeError: Unable to fetch https://karnatakapower.com/: HTTPSConnectionPool(host='karnatakapower.com', port=443): Max retries exceeded with url: / (Caused by SSLError(SSLCertVerificationError(1, "[SSL: CERTIFICATE_VERIFY_FAILED] certificate verify failed: Hostname mismatch, certificate is not valid for 'karnatakapower.com'. (_ssl.c:1010)")))
2026-08-10 04:24:33,479 INFO daily_update KPCL: 0 accepted; Failed
2026-08-10 04:24:35,330 INFO daily_update MPUVNL: 0 accepted; Success
2026-08-10 04:24:36,083 INFO daily_update MPPMCL: 0 accepted; Success
2026-08-10 04:24:43,898 ERROR connector.MP Urja Vikas Nigam Connector failed
Traceback (most recent call last):
  File "/home/runner/work/Renewable-tender-tracker/Renewable-tender-tracker/Python/connectors/base.py", line 50, in run
    result.records = self.parse(self.fetch())
                                ^^^^^^^^^^^^
  File "/home/runner/work/Renewable-tender-tracker/Renewable-tender-tracker/Python/connectors/base.py", line 45, in fetch
    return get_text(self.source_url)
           ^^^^^^^^^^^^^^^^^^^^^^^^^
  File "/home/runner/work/Renewable-tender-tracker/Renewable-tender-tracker/Python/core/http.py", line 21, in get_text
    raise RuntimeError(f"Unable to fetch {url}: {last_error}")
RuntimeError: Unable to fetch https://www.mprenewable.nic.in/: HTTPSConnectionPool(host='www.mprenewable.nic.in', port=443): Max retries exceeded with url: / (Caused by NameResolutionError("HTTPSConnection(host='www.mprenewable.nic.in', port=443): Failed to resolve 'www.mprenewable.nic.in' ([Errno -2] Name or service not known)"))
2026-08-10 04:24:43,899 INFO daily_update MP Urja Vikas Nigam: 0 accepted; Failed
2026-08-10 04:24:48,263 INFO daily_update MSEDCL: 0 accepted; Success
2026-08-10 04:24:50,244 INFO daily_update MAHAGENCO: 0 accepted; Success
2026-08-10 04:25:00,275 ERROR connector.GUVNL Connector failed
Traceback (most recent call last):
  File "/home/runner/work/Renewable-tender-tracker/Renewable-tender-tracker/Python/connectors/base.py", line 50, in run
    result.records = self.parse(self.fetch())
                                ^^^^^^^^^^^^
  File "/home/runner/work/Renewable-tender-tracker/Renewable-tender-tracker/Python/connectors/base.py", line 45, in fetch
    return get_text(self.source_url)
           ^^^^^^^^^^^^^^^^^^^^^^^^^
  File "/home/runner/work/Renewable-tender-tracker/Renewable-tender-tracker/Python/core/http.py", line 21, in get_text
    raise RuntimeError(f"Unable to fetch {url}: {last_error}")
RuntimeError: Unable to fetch https://www.guvnl.com/: HTTPSConnectionPool(host='www.guvnl.com', port=443): Max retries exceeded with url: / (Caused by SSLError(SSLEOFError(8, '[SSL: UNEXPECTED_EOF_WHILE_READING] EOF occurred in violation of protocol (_ssl.c:1010)')))
2026-08-10 04:25:00,276 INFO daily_update GUVNL: 0 accepted; Failed
2026-08-10 04:27:23,356 ERROR connector.GPCL Connector failed
Traceback (most recent call last):
  File "/home/runner/work/Renewable-tender-tracker/Renewable-tender-tracker/Python/connectors/base.py", line 50, in run
    result.records = self.parse(self.fetch())
                                ^^^^^^^^^^^^
  File "/home/runner/work/Renewable-tender-tracker/Renewable-tender-tracker/Python/connectors/base.py", line 45, in fetch
    return get_text(self.source_url)
           ^^^^^^^^^^^^^^^^^^^^^^^^^
  File "/home/runner/work/Renewable-tender-tracker/Renewable-tender-tracker/Python/core/http.py", line 21, in get_text
    raise RuntimeError(f"Unable to fetch {url}: {last_error}")
RuntimeError: Unable to fetch https://gpcl.gujarat.gov.in/: HTTPSConnectionPool(host='gpcl.gujarat.gov.in', port=443): Read timed out. (read timeout=45)
2026-08-10 04:27:23,357 INFO daily_update GPCL: 0 accepted; Failed
2026-08-10 04:27:24,536 INFO daily_update APSPDCL: 0 accepted; Success
2026-08-10 04:27:31,646 INFO daily_update APGENCO: 0 accepted; Success
2026-08-10 04:27:42,723 ERROR connector.NREDCAP Connector failed
Traceback (most recent call last):
  File "/home/runner/work/Renewable-tender-tracker/Renewable-tender-tracker/Python/connectors/base.py", line 50, in run
    result.records = self.parse(self.fetch())
                                ^^^^^^^^^^^^
  File "/home/runner/work/Renewable-tender-tracker/Renewable-tender-tracker/Python/connectors/base.py", line 45, in fetch
    return get_text(self.source_url)
           ^^^^^^^^^^^^^^^^^^^^^^^^^
  File "/home/runner/work/Renewable-tender-tracker/Renewable-tender-tracker/Python/core/http.py", line 21, in get_text
    raise RuntimeError(f"Unable to fetch {url}: {last_error}")
RuntimeError: Unable to fetch https://nredcap.in/: HTTPSConnectionPool(host='nredcap.in', port=443): Max retries exceeded with url: / (Caused by SSLError(SSLCertVerificationError(1, '[SSL: CERTIFICATE_VERIFY_FAILED] certificate verify failed: unable to get local issuer certificate (_ssl.c:1010)')))
2026-08-10 04:27:42,723 INFO daily_update NREDCAP: 0 accepted; Failed
2026-08-10 04:27:51,520 ERROR connector.TGNPDCL Connector failed
Traceback (most recent call last):
  File "/home/runner/work/Renewable-tender-tracker/Renewable-tender-tracker/Python/connectors/base.py", line 50, in run
    result.records = self.parse(self.fetch())
                                ^^^^^^^^^^^^
  File "/home/runner/work/Renewable-tender-tracker/Renewable-tender-tracker/Python/connectors/base.py", line 45, in fetch
    return get_text(self.source_url)
           ^^^^^^^^^^^^^^^^^^^^^^^^^
  File "/home/runner/work/Renewable-tender-tracker/Renewable-tender-tracker/Python/core/http.py", line 21, in get_text
    raise RuntimeError(f"Unable to fetch {url}: {last_error}")
RuntimeError: Unable to fetch https://tgnpdcl.com/: HTTPSConnectionPool(host='tgnpdcl.com', port=443): Max retries exceeded with url: / (Caused by SSLError(SSLError(1, '[SSL: SSLV3_ALERT_HANDSHAKE_FAILURE] sslv3 alert handshake failure (_ssl.c:1010)')))
2026-08-10 04:27:51,520 INFO daily_update TGNPDCL: 0 accepted; Failed
2026-08-10 04:27:52,535 INFO daily_update TSSPDCL: 0 accepted; Success
2026-08-10 04:28:29,610 ERROR connector.TNGECL Connector failed
Traceback (most recent call last):
  File "/home/runner/work/Renewable-tender-tracker/Renewable-tender-tracker/Python/connectors/base.py", line 50, in run
    result.records = self.parse(self.fetch())
                                ^^^^^^^^^^^^
  File "/home/runner/work/Renewable-tender-tracker/Renewable-tender-tracker/Python/connectors/base.py", line 45, in fetch
    return get_text(self.source_url)
           ^^^^^^^^^^^^^^^^^^^^^^^^^
  File "/home/runner/work/Renewable-tender-tracker/Renewable-tender-tracker/Python/core/http.py", line 21, in get_text
    raise RuntimeError(f"Unable to fetch {url}: {last_error}")
RuntimeError: Unable to fetch https://www.tangedco.gov.in/: HTTPSConnectionPool(host='www.tangedco.gov.in', port=443): Max retries exceeded with url: / (Caused by NameResolutionError("HTTPSConnection(host='www.tangedco.gov.in', port=443): Failed to resolve 'www.tangedco.gov.in' ([Errno -3] Temporary failure in name resolution)"))
2026-08-10 04:28:29,611 INFO daily_update TNGECL: 0 accepted; Failed
2026-08-10 04:29:06,695 ERROR connector.TANTRANSCO Connector failed
Traceback (most recent call last):
  File "/home/runner/work/Renewable-tender-tracker/Renewable-tender-tracker/Python/connectors/base.py", line 50, in run
    result.records = self.parse(self.fetch())
                                ^^^^^^^^^^^^
  File "/home/runner/work/Renewable-tender-tracker/Renewable-tender-tracker/Python/connectors/base.py", line 45, in fetch
    return get_text(self.source_url)
           ^^^^^^^^^^^^^^^^^^^^^^^^^
  File "/home/runner/work/Renewable-tender-tracker/Renewable-tender-tracker/Python/core/http.py", line 21, in get_text
    raise RuntimeError(f"Unable to fetch {url}: {last_error}")
RuntimeError: Unable to fetch https://www.tantransco.gov.in/: HTTPSConnectionPool(host='www.tantransco.gov.in', port=443): Max retries exceeded with url: / (Caused by NameResolutionError("HTTPSConnection(host='www.tantransco.gov.in', port=443): Failed to resolve 'www.tantransco.gov.in' ([Errno -3] Temporary failure in name resolution)"))
2026-08-10 04:29:06,695 INFO daily_update TANTRANSCO: 0 accepted; Failed
2026-08-10 04:29:08,599 INFO daily_update GRIDCO: 4 accepted; Success
2026-08-10 04:29:10,720 INFO daily_update HAREDA: 0 accepted; Success
2026-08-10 04:29:14,345 INFO daily_update PSPCL: 0 accepted; Success
2026-08-10 04:31:36,716 ERROR connector.UPNEDA Connector failed
Traceback (most recent call last):
  File "/home/runner/work/Renewable-tender-tracker/Renewable-tender-tracker/Python/connectors/base.py", line 50, in run
    result.records = self.parse(self.fetch())
                                ^^^^^^^^^^^^
  File "/home/runner/work/Renewable-tender-tracker/Renewable-tender-tracker/Python/connectors/portals.py", line 24, in fetch
    return super().fetch()
           ^^^^^^^^^^^^^^^
  File "/home/runner/work/Renewable-tender-tracker/Renewable-tender-tracker/Python/connectors/base.py", line 45, in fetch
    return get_text(self.source_url)
           ^^^^^^^^^^^^^^^^^^^^^^^^^
  File "/home/runner/work/Renewable-tender-tracker/Renewable-tender-tracker/Python/core/http.py", line 21, in get_text
    raise RuntimeError(f"Unable to fetch {url}: {last_error}")
RuntimeError: Unable to fetch https://upneda.org.in/: HTTPSConnectionPool(host='upneda.org.in', port=443): Max retries exceeded with url: / (Caused by ConnectTimeoutError(<HTTPSConnection(host='upneda.org.in', port=443) at 0x7f66816db020>, 'Connection to upneda.org.in timed out. (connect timeout=45)'))
2026-08-10 04:31:36,716 INFO daily_update UPNEDA: 0 accepted; Failed
2026-08-10 04:31:37,943 INFO daily_update BSPHCL: 0 accepted; Success
2026-08-11 03:59:43,414 INFO daily_update SECI: 9 accepted; Success
2026-08-11 03:59:44,704 INFO daily_update NTPC REL: 1 accepted; Success
2026-08-11 04:00:00,632 INFO daily_update NHPC: 0 accepted; Success
2026-08-11 04:00:02,686 INFO daily_update SJVN: 0 accepted; Success
2026-08-11 04:04:40,042 ERROR connector.NLCIL Connector failed
Traceback (most recent call last):
  File "/home/runner/work/Renewable-tender-tracker/Renewable-tender-tracker/Python/connectors/base.py", line 50, in run
    result.records = self.parse(self.fetch())
                                ^^^^^^^^^^^^
  File "/home/runner/work/Renewable-tender-tracker/Renewable-tender-tracker/Python/connectors/base.py", line 45, in fetch
    return get_text(self.source_url)
           ^^^^^^^^^^^^^^^^^^^^^^^^^
  File "/home/runner/work/Renewable-tender-tracker/Renewable-tender-tracker/Python/core/http.py", line 21, in get_text
    raise RuntimeError(f"Unable to fetch {url}: {last_error}")
RuntimeError: Unable to fetch https://www.nlcindia.in/: HTTPSConnectionPool(host='www.nlcindia.in', port=443): Max retries exceeded with url: / (Caused by ConnectTimeoutError(<HTTPSConnection(host='www.nlcindia.in', port=443) at 0x7f3e30ae9fd0>, 'Connection to www.nlcindia.in timed out. (connect timeout=45)'))
2026-08-11 04:04:40,043 INFO daily_update NLCIL: 0 accepted; Failed
2026-08-11 04:04:49,925 ERROR connector.GUVNL (ISTS) Connector failed
Traceback (most recent call last):
  File "/home/runner/work/Renewable-tender-tracker/Renewable-tender-tracker/Python/connectors/base.py", line 50, in run
    result.records = self.parse(self.fetch())
                                ^^^^^^^^^^^^
  File "/home/runner/work/Renewable-tender-tracker/Renewable-tender-tracker/Python/connectors/base.py", line 45, in fetch
    return get_text(self.source_url)
           ^^^^^^^^^^^^^^^^^^^^^^^^^
  File "/home/runner/work/Renewable-tender-tracker/Renewable-tender-tracker/Python/core/http.py", line 21, in get_text
    raise RuntimeError(f"Unable to fetch {url}: {last_error}")
RuntimeError: Unable to fetch https://www.guvnl.com/: HTTPSConnectionPool(host='www.guvnl.com', port=443): Max retries exceeded with url: / (Caused by SSLError(SSLEOFError(8, '[SSL: UNEXPECTED_EOF_WHILE_READING] EOF occurred in violation of protocol (_ssl.c:1010)')))
2026-08-11 04:04:49,926 INFO daily_update GUVNL (ISTS): 0 accepted; Failed
2026-08-11 04:07:12,191 ERROR connector.REMCL Connector failed
Traceback (most recent call last):
  File "/home/runner/work/Renewable-tender-tracker/Renewable-tender-tracker/Python/connectors/base.py", line 50, in run
    result.records = self.parse(self.fetch())
                                ^^^^^^^^^^^^
  File "/home/runner/work/Renewable-tender-tracker/Renewable-tender-tracker/Python/connectors/base.py", line 45, in fetch
    return get_text(self.source_url)
           ^^^^^^^^^^^^^^^^^^^^^^^^^
  File "/home/runner/work/Renewable-tender-tracker/Renewable-tender-tracker/Python/core/http.py", line 21, in get_text
    raise RuntimeError(f"Unable to fetch {url}: {last_error}")
RuntimeError: Unable to fetch https://www.remcl.in/: HTTPSConnectionPool(host='www.remcl.in', port=443): Max retries exceeded with url: / (Caused by ConnectTimeoutError(<HTTPSConnection(host='www.remcl.in', port=443) at 0x7f3e30ade990>, 'Connection to www.remcl.in timed out. (connect timeout=45)'))
2026-08-11 04:07:12,191 INFO daily_update REMCL: 0 accepted; Failed
2026-08-11 04:07:14,079 INFO daily_update RUVNL: 0 accepted; Success
2026-08-11 04:07:15,274 INFO daily_update RVPN: 0 accepted; Success
2026-08-11 04:07:16,226 INFO daily_update KREDL: 0 accepted; Success
2026-08-11 04:09:39,134 ERROR connector.KPTCL Connector failed
Traceback (most recent call last):
  File "/home/runner/work/Renewable-tender-tracker/Renewable-tender-tracker/Python/connectors/base.py", line 50, in run
    result.records = self.parse(self.fetch())
                                ^^^^^^^^^^^^
  File "/home/runner/work/Renewable-tender-tracker/Renewable-tender-tracker/Python/connectors/base.py", line 45, in fetch
    return get_text(self.source_url)
           ^^^^^^^^^^^^^^^^^^^^^^^^^
  File "/home/runner/work/Renewable-tender-tracker/Renewable-tender-tracker/Python/core/http.py", line 21, in get_text
    raise RuntimeError(f"Unable to fetch {url}: {last_error}")
RuntimeError: Unable to fetch https://kptcl.karnataka.gov.in/: HTTPSConnectionPool(host='kptcl.karnataka.gov.in', port=443): Max retries exceeded with url: / (Caused by ConnectTimeoutError(<HTTPSConnection(host='kptcl.karnataka.gov.in', port=443) at 0x7f3e3071d1c0>, 'Connection to kptcl.karnataka.gov.in timed out. (connect timeout=45)'))
2026-08-11 04:09:39,138 INFO daily_update KPTCL: 0 accepted; Failed
2026-08-11 04:09:46,824 ERROR connector.KPCL Connector failed
Traceback (most recent call last):
  File "/home/runner/work/Renewable-tender-tracker/Renewable-tender-tracker/Python/connectors/base.py", line 50, in run
    result.records = self.parse(self.fetch())
                                ^^^^^^^^^^^^
  File "/home/runner/work/Renewable-tender-tracker/Renewable-tender-tracker/Python/connectors/base.py", line 45, in fetch
    return get_text(self.source_url)
           ^^^^^^^^^^^^^^^^^^^^^^^^^
  File "/home/runner/work/Renewable-tender-tracker/Renewable-tender-tracker/Python/core/http.py", line 21, in get_text
    raise RuntimeError(f"Unable to fetch {url}: {last_error}")
RuntimeError: Unable to fetch https://karnatakapower.com/: HTTPSConnectionPool(host='karnatakapower.com', port=443): Max retries exceeded with url: / (Caused by SSLError(SSLCertVerificationError(1, "[SSL: CERTIFICATE_VERIFY_FAILED] certificate verify failed: Hostname mismatch, certificate is not valid for 'karnatakapower.com'. (_ssl.c:1010)")))
2026-08-11 04:09:46,825 INFO daily_update KPCL: 0 accepted; Failed
2026-08-11 04:09:49,044 INFO daily_update MPUVNL: 0 accepted; Success
2026-08-11 04:09:49,419 INFO daily_update MPPMCL: 0 accepted; Success
2026-08-11 04:09:56,968 ERROR connector.MP Urja Vikas Nigam Connector failed
Traceback (most recent call last):
  File "/home/runner/work/Renewable-tender-tracker/Renewable-tender-tracker/Python/connectors/base.py", line 50, in run
    result.records = self.parse(self.fetch())
                                ^^^^^^^^^^^^
  File "/home/runner/work/Renewable-tender-tracker/Renewable-tender-tracker/Python/connectors/base.py", line 45, in fetch
    return get_text(self.source_url)
           ^^^^^^^^^^^^^^^^^^^^^^^^^
  File "/home/runner/work/Renewable-tender-tracker/Renewable-tender-tracker/Python/core/http.py", line 21, in get_text
    raise RuntimeError(f"Unable to fetch {url}: {last_error}")
RuntimeError: Unable to fetch https://www.mprenewable.nic.in/: HTTPSConnectionPool(host='www.mprenewable.nic.in', port=443): Max retries exceeded with url: / (Caused by NameResolutionError("HTTPSConnection(host='www.mprenewable.nic.in', port=443): Failed to resolve 'www.mprenewable.nic.in' ([Errno -2] Name or service not known)"))
2026-08-11 04:09:56,968 INFO daily_update MP Urja Vikas Nigam: 0 accepted; Failed
2026-08-11 04:10:02,184 INFO daily_update MSEDCL: 0 accepted; Success
2026-08-11 04:10:03,984 INFO daily_update MAHAGENCO: 0 accepted; Success
2026-08-11 04:10:13,812 ERROR connector.GUVNL Connector failed
Traceback (most recent call last):
  File "/home/runner/work/Renewable-tender-tracker/Renewable-tender-tracker/Python/connectors/base.py", line 50, in run
    result.records = self.parse(self.fetch())
                                ^^^^^^^^^^^^
  File "/home/runner/work/Renewable-tender-tracker/Renewable-tender-tracker/Python/connectors/base.py", line 45, in fetch
    return get_text(self.source_url)
           ^^^^^^^^^^^^^^^^^^^^^^^^^
  File "/home/runner/work/Renewable-tender-tracker/Renewable-tender-tracker/Python/core/http.py", line 21, in get_text
    raise RuntimeError(f"Unable to fetch {url}: {last_error}")
RuntimeError: Unable to fetch https://www.guvnl.com/: HTTPSConnectionPool(host='www.guvnl.com', port=443): Max retries exceeded with url: / (Caused by SSLError(SSLEOFError(8, '[SSL: UNEXPECTED_EOF_WHILE_READING] EOF occurred in violation of protocol (_ssl.c:1010)')))
2026-08-11 04:10:13,813 INFO daily_update GUVNL: 0 accepted; Failed
2026-08-11 04:12:36,907 ERROR connector.GPCL Connector failed
Traceback (most recent call last):
  File "/home/runner/work/Renewable-tender-tracker/Renewable-tender-tracker/Python/connectors/base.py", line 50, in run
    result.records = self.parse(self.fetch())
                                ^^^^^^^^^^^^
  File "/home/runner/work/Renewable-tender-tracker/Renewable-tender-tracker/Python/connectors/base.py", line 45, in fetch
    return get_text(self.source_url)
           ^^^^^^^^^^^^^^^^^^^^^^^^^
  File "/home/runner/work/Renewable-tender-tracker/Renewable-tender-tracker/Python/core/http.py", line 21, in get_text
    raise RuntimeError(f"Unable to fetch {url}: {last_error}")
RuntimeError: Unable to fetch https://gpcl.gujarat.gov.in/: HTTPSConnectionPool(host='gpcl.gujarat.gov.in', port=443): Read timed out. (read timeout=45)
2026-08-11 04:12:36,907 INFO daily_update GPCL: 0 accepted; Failed
2026-08-11 04:12:38,097 INFO daily_update APSPDCL: 0 accepted; Success
2026-08-11 04:13:20,155 ERROR connector.APGENCO Connector failed
Traceback (most recent call last):
  File "/home/runner/work/Renewable-tender-tracker/Renewable-tender-tracker/Python/connectors/base.py", line 50, in run
    result.records = self.parse(self.fetch())
                                ^^^^^^^^^^^^
  File "/home/runner/work/Renewable-tender-tracker/Renewable-tender-tracker/Python/connectors/base.py", line 45, in fetch
    return get_text(self.source_url)
           ^^^^^^^^^^^^^^^^^^^^^^^^^
  File "/home/runner/work/Renewable-tender-tracker/Renewable-tender-tracker/Python/core/http.py", line 21, in get_text
    raise RuntimeError(f"Unable to fetch {url}: {last_error}")
RuntimeError: Unable to fetch https://apgenco.gov.in/: HTTPSConnectionPool(host='apgenco.gov.in', port=443): Max retries exceeded with url: / (Caused by NameResolutionError("HTTPSConnection(host='apgenco.gov.in', port=443): Failed to resolve 'apgenco.gov.in' ([Errno -3] Temporary failure in name resolution)"))
2026-08-11 04:13:20,156 INFO daily_update APGENCO: 0 accepted; Failed
2026-08-11 04:13:29,268 ERROR connector.NREDCAP Connector failed
Traceback (most recent call last):
  File "/home/runner/work/Renewable-tender-tracker/Renewable-tender-tracker/Python/connectors/base.py", line 50, in run
    result.records = self.parse(self.fetch())
                                ^^^^^^^^^^^^
  File "/home/runner/work/Renewable-tender-tracker/Renewable-tender-tracker/Python/connectors/base.py", line 45, in fetch
    return get_text(self.source_url)
           ^^^^^^^^^^^^^^^^^^^^^^^^^
  File "/home/runner/work/Renewable-tender-tracker/Renewable-tender-tracker/Python/core/http.py", line 21, in get_text
    raise RuntimeError(f"Unable to fetch {url}: {last_error}")
RuntimeError: Unable to fetch https://nredcap.in/: HTTPSConnectionPool(host='nredcap.in', port=443): Max retries exceeded with url: / (Caused by SSLError(SSLCertVerificationError(1, '[SSL: CERTIFICATE_VERIFY_FAILED] certificate verify failed: unable to get local issuer certificate (_ssl.c:1010)')))
2026-08-11 04:13:29,270 INFO daily_update NREDCAP: 0 accepted; Failed
2026-08-11 04:13:38,235 ERROR connector.TGNPDCL Connector failed
Traceback (most recent call last):
  File "/home/runner/work/Renewable-tender-tracker/Renewable-tender-tracker/Python/connectors/base.py", line 50, in run
    result.records = self.parse(self.fetch())
                                ^^^^^^^^^^^^
  File "/home/runner/work/Renewable-tender-tracker/Renewable-tender-tracker/Python/connectors/base.py", line 45, in fetch
    return get_text(self.source_url)
           ^^^^^^^^^^^^^^^^^^^^^^^^^
  File "/home/runner/work/Renewable-tender-tracker/Renewable-tender-tracker/Python/core/http.py", line 21, in get_text
    raise RuntimeError(f"Unable to fetch {url}: {last_error}")
RuntimeError: Unable to fetch https://tgnpdcl.com/: HTTPSConnectionPool(host='tgnpdcl.com', port=443): Max retries exceeded with url: / (Caused by SSLError(SSLError(1, '[SSL: SSLV3_ALERT_HANDSHAKE_FAILURE] sslv3 alert handshake failure (_ssl.c:1010)')))
2026-08-11 04:13:38,236 INFO daily_update TGNPDCL: 0 accepted; Failed
2026-08-11 04:13:38,877 INFO daily_update TSSPDCL: 0 accepted; Success
2026-08-11 04:14:15,958 ERROR connector.TNGECL Connector failed
Traceback (most recent call last):
  File "/home/runner/work/Renewable-tender-tracker/Renewable-tender-tracker/Python/connectors/base.py", line 50, in run
    result.records = self.parse(self.fetch())
                                ^^^^^^^^^^^^
  File "/home/runner/work/Renewable-tender-tracker/Renewable-tender-tracker/Python/connectors/base.py", line 45, in fetch
    return get_text(self.source_url)
           ^^^^^^^^^^^^^^^^^^^^^^^^^
  File "/home/runner/work/Renewable-tender-tracker/Renewable-tender-tracker/Python/core/http.py", line 21, in get_text
    raise RuntimeError(f"Unable to fetch {url}: {last_error}")
RuntimeError: Unable to fetch https://www.tangedco.gov.in/: HTTPSConnectionPool(host='www.tangedco.gov.in', port=443): Max retries exceeded with url: / (Caused by NameResolutionError("HTTPSConnection(host='www.tangedco.gov.in', port=443): Failed to resolve 'www.tangedco.gov.in' ([Errno -3] Temporary failure in name resolution)"))
2026-08-11 04:14:15,958 INFO daily_update TNGECL: 0 accepted; Failed
2026-08-11 04:14:53,034 ERROR connector.TANTRANSCO Connector failed
Traceback (most recent call last):
  File "/home/runner/work/Renewable-tender-tracker/Renewable-tender-tracker/Python/connectors/base.py", line 50, in run
    result.records = self.parse(self.fetch())
                                ^^^^^^^^^^^^
  File "/home/runner/work/Renewable-tender-tracker/Renewable-tender-tracker/Python/connectors/base.py", line 45, in fetch
    return get_text(self.source_url)
           ^^^^^^^^^^^^^^^^^^^^^^^^^
  File "/home/runner/work/Renewable-tender-tracker/Renewable-tender-tracker/Python/core/http.py", line 21, in get_text
    raise RuntimeError(f"Unable to fetch {url}: {last_error}")
RuntimeError: Unable to fetch https://www.tantransco.gov.in/: HTTPSConnectionPool(host='www.tantransco.gov.in', port=443): Max retries exceeded with url: / (Caused by NameResolutionError("HTTPSConnection(host='www.tantransco.gov.in', port=443): Failed to resolve 'www.tantransco.gov.in' ([Errno -3] Temporary failure in name resolution)"))
2026-08-11 04:14:53,035 INFO daily_update TANTRANSCO: 0 accepted; Failed
2026-08-11 04:14:54,751 INFO daily_update GRIDCO: 2 accepted; Success
2026-08-11 04:14:56,906 INFO daily_update HAREDA: 0 accepted; Success
2026-08-11 04:15:00,371 INFO daily_update PSPCL: 0 accepted; Success
2026-08-11 04:17:22,823 ERROR connector.UPNEDA Connector failed
Traceback (most recent call last):
  File "/home/runner/work/Renewable-tender-tracker/Renewable-tender-tracker/Python/connectors/base.py", line 50, in run
    result.records = self.parse(self.fetch())
                                ^^^^^^^^^^^^
  File "/home/runner/work/Renewable-tender-tracker/Renewable-tender-tracker/Python/connectors/portals.py", line 24, in fetch
    return super().fetch()
           ^^^^^^^^^^^^^^^
  File "/home/runner/work/Renewable-tender-tracker/Renewable-tender-tracker/Python/connectors/base.py", line 45, in fetch
    return get_text(self.source_url)
           ^^^^^^^^^^^^^^^^^^^^^^^^^
  File "/home/runner/work/Renewable-tender-tracker/Renewable-tender-tracker/Python/core/http.py", line 21, in get_text
    raise RuntimeError(f"Unable to fetch {url}: {last_error}")
RuntimeError: Unable to fetch https://upneda.org.in/: HTTPSConnectionPool(host='upneda.org.in', port=443): Max retries exceeded with url: / (Caused by ConnectTimeoutError(<HTTPSConnection(host='upneda.org.in', port=443) at 0x7f3e307549e0>, 'Connection to upneda.org.in timed out. (connect timeout=45)'))
2026-08-11 04:17:22,824 INFO daily_update UPNEDA: 0 accepted; Failed
2026-08-11 04:17:24,090 INFO daily_update BSPHCL: 0 accepted; Success
2026-08-12 04:21:30,004 INFO daily_update SECI: 9 accepted; Success
2026-08-12 04:21:31,332 INFO daily_update NTPC REL: 1 accepted; Success
2026-08-12 04:21:48,017 INFO daily_update NHPC: 0 accepted; Success
2026-08-12 04:21:53,193 INFO daily_update SJVN: 0 accepted; Success
2026-08-12 04:26:30,709 ERROR connector.NLCIL Connector failed
Traceback (most recent call last):
  File "/home/runner/work/Renewable-tender-tracker/Renewable-tender-tracker/Python/connectors/base.py", line 50, in run
    result.records = self.parse(self.fetch())
                                ^^^^^^^^^^^^
  File "/home/runner/work/Renewable-tender-tracker/Renewable-tender-tracker/Python/connectors/base.py", line 45, in fetch
    return get_text(self.source_url)
           ^^^^^^^^^^^^^^^^^^^^^^^^^
  File "/home/runner/work/Renewable-tender-tracker/Renewable-tender-tracker/Python/core/http.py", line 21, in get_text
    raise RuntimeError(f"Unable to fetch {url}: {last_error}")
RuntimeError: Unable to fetch https://www.nlcindia.in/: HTTPSConnectionPool(host='www.nlcindia.in', port=443): Max retries exceeded with url: / (Caused by ConnectTimeoutError(<HTTPSConnection(host='www.nlcindia.in', port=443) at 0x7fec74dca120>, 'Connection to www.nlcindia.in timed out. (connect timeout=45)'))
2026-08-12 04:26:30,709 INFO daily_update NLCIL: 0 accepted; Failed
2026-08-12 04:26:40,632 ERROR connector.GUVNL (ISTS) Connector failed
Traceback (most recent call last):
  File "/home/runner/work/Renewable-tender-tracker/Renewable-tender-tracker/Python/connectors/base.py", line 50, in run
    result.records = self.parse(self.fetch())
                                ^^^^^^^^^^^^
  File "/home/runner/work/Renewable-tender-tracker/Renewable-tender-tracker/Python/connectors/base.py", line 45, in fetch
    return get_text(self.source_url)
           ^^^^^^^^^^^^^^^^^^^^^^^^^
  File "/home/runner/work/Renewable-tender-tracker/Renewable-tender-tracker/Python/core/http.py", line 21, in get_text
    raise RuntimeError(f"Unable to fetch {url}: {last_error}")
RuntimeError: Unable to fetch https://www.guvnl.com/: HTTPSConnectionPool(host='www.guvnl.com', port=443): Max retries exceeded with url: / (Caused by SSLError(SSLEOFError(8, '[SSL: UNEXPECTED_EOF_WHILE_READING] EOF occurred in violation of protocol (_ssl.c:1010)')))
2026-08-12 04:26:40,633 INFO daily_update GUVNL (ISTS): 0 accepted; Failed
2026-08-12 04:29:25,488 ERROR connector.REMCL Connector failed
Traceback (most recent call last):
  File "/home/runner/work/Renewable-tender-tracker/Renewable-tender-tracker/Python/connectors/base.py", line 50, in run
    result.records = self.parse(self.fetch())
                                ^^^^^^^^^^^^
  File "/home/runner/work/Renewable-tender-tracker/Renewable-tender-tracker/Python/connectors/base.py", line 45, in fetch
    return get_text(self.source_url)
           ^^^^^^^^^^^^^^^^^^^^^^^^^
  File "/home/runner/work/Renewable-tender-tracker/Renewable-tender-tracker/Python/core/http.py", line 21, in get_text
    raise RuntimeError(f"Unable to fetch {url}: {last_error}")
RuntimeError: Unable to fetch https://www.remcl.in/: HTTPSConnectionPool(host='www.remcl.in', port=443): Max retries exceeded with url: / (Caused by ConnectTimeoutError(<HTTPSConnection(host='www.remcl.in', port=443) at 0x7fec75be7110>, 'Connection to www.remcl.in timed out. (connect timeout=45)'))
2026-08-12 04:29:25,489 INFO daily_update REMCL: 0 accepted; Failed
2026-08-12 04:29:27,572 INFO daily_update RUVNL: 0 accepted; Success
2026-08-12 04:29:28,978 INFO daily_update RVPN: 0 accepted; Success
2026-08-12 04:29:30,412 INFO daily_update KREDL: 0 accepted; Success
2026-08-12 04:31:53,488 ERROR connector.KPTCL Connector failed
Traceback (most recent call last):
  File "/home/runner/work/Renewable-tender-tracker/Renewable-tender-tracker/Python/connectors/base.py", line 50, in run
    result.records = self.parse(self.fetch())
                                ^^^^^^^^^^^^
  File "/home/runner/work/Renewable-tender-tracker/Renewable-tender-tracker/Python/connectors/base.py", line 45, in fetch
    return get_text(self.source_url)
           ^^^^^^^^^^^^^^^^^^^^^^^^^
  File "/home/runner/work/Renewable-tender-tracker/Renewable-tender-tracker/Python/core/http.py", line 21, in get_text
    raise RuntimeError(f"Unable to fetch {url}: {last_error}")
RuntimeError: Unable to fetch https://kptcl.karnataka.gov.in/: HTTPSConnectionPool(host='kptcl.karnataka.gov.in', port=443): Max retries exceeded with url: / (Caused by ConnectTimeoutError(<HTTPSConnection(host='kptcl.karnataka.gov.in', port=443) at 0x7fec7530e390>, 'Connection to kptcl.karnataka.gov.in timed out. (connect timeout=45)'))
2026-08-12 04:31:53,489 INFO daily_update KPTCL: 0 accepted; Failed
2026-08-12 04:32:01,222 ERROR connector.KPCL Connector failed
Traceback (most recent call last):
  File "/home/runner/work/Renewable-tender-tracker/Renewable-tender-tracker/Python/connectors/base.py", line 50, in run
    result.records = self.parse(self.fetch())
                                ^^^^^^^^^^^^
  File "/home/runner/work/Renewable-tender-tracker/Renewable-tender-tracker/Python/connectors/base.py", line 45, in fetch
    return get_text(self.source_url)
           ^^^^^^^^^^^^^^^^^^^^^^^^^
  File "/home/runner/work/Renewable-tender-tracker/Renewable-tender-tracker/Python/core/http.py", line 21, in get_text
    raise RuntimeError(f"Unable to fetch {url}: {last_error}")
RuntimeError: Unable to fetch https://karnatakapower.com/: HTTPSConnectionPool(host='karnatakapower.com', port=443): Max retries exceeded with url: / (Caused by SSLError(SSLCertVerificationError(1, "[SSL: CERTIFICATE_VERIFY_FAILED] certificate verify failed: Hostname mismatch, certificate is not valid for 'karnatakapower.com'. (_ssl.c:1010)")))
2026-08-12 04:32:01,222 INFO daily_update KPCL: 0 accepted; Failed
2026-08-12 04:32:03,691 INFO daily_update MPUVNL: 0 accepted; Success
2026-08-12 04:32:04,132 INFO daily_update MPPMCL: 0 accepted; Success
2026-08-12 04:32:12,448 ERROR connector.MP Urja Vikas Nigam Connector failed
Traceback (most recent call last):
  File "/home/runner/work/Renewable-tender-tracker/Renewable-tender-tracker/Python/connectors/base.py", line 50, in run
    result.records = self.parse(self.fetch())
                                ^^^^^^^^^^^^
  File "/home/runner/work/Renewable-tender-tracker/Renewable-tender-tracker/Python/connectors/base.py", line 45, in fetch
    return get_text(self.source_url)
           ^^^^^^^^^^^^^^^^^^^^^^^^^
  File "/home/runner/work/Renewable-tender-tracker/Renewable-tender-tracker/Python/core/http.py", line 21, in get_text
    raise RuntimeError(f"Unable to fetch {url}: {last_error}")
RuntimeError: Unable to fetch https://www.mprenewable.nic.in/: HTTPSConnectionPool(host='www.mprenewable.nic.in', port=443): Max retries exceeded with url: / (Caused by NameResolutionError("HTTPSConnection(host='www.mprenewable.nic.in', port=443): Failed to resolve 'www.mprenewable.nic.in' ([Errno -2] Name or service not known)"))
2026-08-12 04:32:12,449 INFO daily_update MP Urja Vikas Nigam: 0 accepted; Failed
2026-08-12 04:32:18,046 INFO daily_update MSEDCL: 0 accepted; Success
2026-08-12 04:32:19,928 INFO daily_update MAHAGENCO: 0 accepted; Success
2026-08-12 04:32:30,816 ERROR connector.GUVNL Connector failed
Traceback (most recent call last):
  File "/home/runner/work/Renewable-tender-tracker/Renewable-tender-tracker/Python/connectors/base.py", line 50, in run
    result.records = self.parse(self.fetch())
                                ^^^^^^^^^^^^
  File "/home/runner/work/Renewable-tender-tracker/Renewable-tender-tracker/Python/connectors/base.py", line 45, in fetch
    return get_text(self.source_url)
           ^^^^^^^^^^^^^^^^^^^^^^^^^
  File "/home/runner/work/Renewable-tender-tracker/Renewable-tender-tracker/Python/core/http.py", line 21, in get_text
    raise RuntimeError(f"Unable to fetch {url}: {last_error}")
RuntimeError: Unable to fetch https://www.guvnl.com/: HTTPSConnectionPool(host='www.guvnl.com', port=443): Max retries exceeded with url: / (Caused by SSLError(SSLEOFError(8, '[SSL: UNEXPECTED_EOF_WHILE_READING] EOF occurred in violation of protocol (_ssl.c:1010)')))
2026-08-12 04:32:30,817 INFO daily_update GUVNL: 0 accepted; Failed
2026-08-12 04:34:54,205 ERROR connector.GPCL Connector failed
Traceback (most recent call last):
  File "/home/runner/work/Renewable-tender-tracker/Renewable-tender-tracker/Python/connectors/base.py", line 50, in run
    result.records = self.parse(self.fetch())
                                ^^^^^^^^^^^^
  File "/home/runner/work/Renewable-tender-tracker/Renewable-tender-tracker/Python/connectors/base.py", line 45, in fetch
    return get_text(self.source_url)
           ^^^^^^^^^^^^^^^^^^^^^^^^^
  File "/home/runner/work/Renewable-tender-tracker/Renewable-tender-tracker/Python/core/http.py", line 21, in get_text
    raise RuntimeError(f"Unable to fetch {url}: {last_error}")
RuntimeError: Unable to fetch https://gpcl.gujarat.gov.in/: HTTPSConnectionPool(host='gpcl.gujarat.gov.in', port=443): Read timed out. (read timeout=45)
2026-08-12 04:34:54,205 INFO daily_update GPCL: 0 accepted; Failed
2026-08-12 04:34:55,540 INFO daily_update APSPDCL: 0 accepted; Success
2026-08-12 04:34:57,959 INFO daily_update APGENCO: 0 accepted; Success
2026-08-12 04:35:07,054 ERROR connector.NREDCAP Connector failed
Traceback (most recent call last):
  File "/home/runner/work/Renewable-tender-tracker/Renewable-tender-tracker/Python/connectors/base.py", line 50, in run
    result.records = self.parse(self.fetch())
                                ^^^^^^^^^^^^
  File "/home/runner/work/Renewable-tender-tracker/Renewable-tender-tracker/Python/connectors/base.py", line 45, in fetch
    return get_text(self.source_url)
           ^^^^^^^^^^^^^^^^^^^^^^^^^
  File "/home/runner/work/Renewable-tender-tracker/Renewable-tender-tracker/Python/core/http.py", line 21, in get_text
    raise RuntimeError(f"Unable to fetch {url}: {last_error}")
RuntimeError: Unable to fetch https://nredcap.in/: HTTPSConnectionPool(host='nredcap.in', port=443): Max retries exceeded with url: / (Caused by SSLError(SSLCertVerificationError(1, '[SSL: CERTIFICATE_VERIFY_FAILED] certificate verify failed: unable to get local issuer certificate (_ssl.c:1010)')))
2026-08-12 04:35:07,054 INFO daily_update NREDCAP: 0 accepted; Failed
2026-08-12 04:35:15,843 ERROR connector.TGNPDCL Connector failed
Traceback (most recent call last):
  File "/home/runner/work/Renewable-tender-tracker/Renewable-tender-tracker/Python/connectors/base.py", line 50, in run
    result.records = self.parse(self.fetch())
                                ^^^^^^^^^^^^
  File "/home/runner/work/Renewable-tender-tracker/Renewable-tender-tracker/Python/connectors/base.py", line 45, in fetch
    return get_text(self.source_url)
           ^^^^^^^^^^^^^^^^^^^^^^^^^
  File "/home/runner/work/Renewable-tender-tracker/Renewable-tender-tracker/Python/core/http.py", line 21, in get_text
    raise RuntimeError(f"Unable to fetch {url}: {last_error}")
RuntimeError: Unable to fetch https://tgnpdcl.com/: HTTPSConnectionPool(host='tgnpdcl.com', port=443): Max retries exceeded with url: / (Caused by SSLError(SSLError(1, '[SSL: SSLV3_ALERT_HANDSHAKE_FAILURE] sslv3 alert handshake failure (_ssl.c:1010)')))
2026-08-12 04:35:15,843 INFO daily_update TGNPDCL: 0 accepted; Failed
2026-08-12 04:35:23,149 ERROR connector.TSSPDCL Connector failed
Traceback (most recent call last):
  File "/home/runner/work/Renewable-tender-tracker/Renewable-tender-tracker/Python/connectors/base.py", line 50, in run
    result.records = self.parse(self.fetch())
                                ^^^^^^^^^^^^
  File "/home/runner/work/Renewable-tender-tracker/Renewable-tender-tracker/Python/connectors/base.py", line 45, in fetch
    return get_text(self.source_url)
           ^^^^^^^^^^^^^^^^^^^^^^^^^
  File "/home/runner/work/Renewable-tender-tracker/Renewable-tender-tracker/Python/core/http.py", line 21, in get_text
    raise RuntimeError(f"Unable to fetch {url}: {last_error}")
RuntimeError: Unable to fetch https://www.tssouthernpower.com/: HTTPSConnectionPool(host='www.tssouthernpower.com', port=443): Max retries exceeded with url: / (Caused by NameResolutionError("HTTPSConnection(host='www.tssouthernpower.com', port=443): Failed to resolve 'www.tssouthernpower.com' ([Errno -2] Name or service not known)"))
2026-08-12 04:35:23,149 INFO daily_update TSSPDCL: 0 accepted; Failed
2026-08-12 04:36:00,219 ERROR connector.TNGECL Connector failed
Traceback (most recent call last):
  File "/home/runner/work/Renewable-tender-tracker/Renewable-tender-tracker/Python/connectors/base.py", line 50, in run
    result.records = self.parse(self.fetch())
                                ^^^^^^^^^^^^
  File "/home/runner/work/Renewable-tender-tracker/Renewable-tender-tracker/Python/connectors/base.py", line 45, in fetch
    return get_text(self.source_url)
           ^^^^^^^^^^^^^^^^^^^^^^^^^
  File "/home/runner/work/Renewable-tender-tracker/Renewable-tender-tracker/Python/core/http.py", line 21, in get_text
    raise RuntimeError(f"Unable to fetch {url}: {last_error}")
RuntimeError: Unable to fetch https://www.tangedco.gov.in/: HTTPSConnectionPool(host='www.tangedco.gov.in', port=443): Max retries exceeded with url: / (Caused by NameResolutionError("HTTPSConnection(host='www.tangedco.gov.in', port=443): Failed to resolve 'www.tangedco.gov.in' ([Errno -3] Temporary failure in name resolution)"))
2026-08-12 04:36:00,219 INFO daily_update TNGECL: 0 accepted; Failed
2026-08-12 04:36:37,281 ERROR connector.TANTRANSCO Connector failed
Traceback (most recent call last):
  File "/home/runner/work/Renewable-tender-tracker/Renewable-tender-tracker/Python/connectors/base.py", line 50, in run
    result.records = self.parse(self.fetch())
                                ^^^^^^^^^^^^
  File "/home/runner/work/Renewable-tender-tracker/Renewable-tender-tracker/Python/connectors/base.py", line 45, in fetch
    return get_text(self.source_url)
           ^^^^^^^^^^^^^^^^^^^^^^^^^
  File "/home/runner/work/Renewable-tender-tracker/Renewable-tender-tracker/Python/core/http.py", line 21, in get_text
    raise RuntimeError(f"Unable to fetch {url}: {last_error}")
RuntimeError: Unable to fetch https://www.tantransco.gov.in/: HTTPSConnectionPool(host='www.tantransco.gov.in', port=443): Max retries exceeded with url: / (Caused by NameResolutionError("HTTPSConnection(host='www.tantransco.gov.in', port=443): Failed to resolve 'www.tantransco.gov.in' ([Errno -3] Temporary failure in name resolution)"))
2026-08-12 04:36:37,281 INFO daily_update TANTRANSCO: 0 accepted; Failed
2026-08-12 04:36:38,834 INFO daily_update GRIDCO: 2 accepted; Success
2026-08-12 04:36:40,658 INFO daily_update HAREDA: 0 accepted; Success
2026-08-12 04:36:44,090 INFO daily_update PSPCL: 0 accepted; Success
2026-08-12 04:39:06,509 ERROR connector.UPNEDA Connector failed
Traceback (most recent call last):
  File "/home/runner/work/Renewable-tender-tracker/Renewable-tender-tracker/Python/connectors/base.py", line 50, in run
    result.records = self.parse(self.fetch())
                                ^^^^^^^^^^^^
  File "/home/runner/work/Renewable-tender-tracker/Renewable-tender-tracker/Python/connectors/portals.py", line 24, in fetch
    return super().fetch()
           ^^^^^^^^^^^^^^^
  File "/home/runner/work/Renewable-tender-tracker/Renewable-tender-tracker/Python/connectors/base.py", line 45, in fetch
    return get_text(self.source_url)
           ^^^^^^^^^^^^^^^^^^^^^^^^^
  File "/home/runner/work/Renewable-tender-tracker/Renewable-tender-tracker/Python/core/http.py", line 21, in get_text
    raise RuntimeError(f"Unable to fetch {url}: {last_error}")
RuntimeError: Unable to fetch https://upneda.org.in/: HTTPSConnectionPool(host='upneda.org.in', port=443): Max retries exceeded with url: / (Caused by ConnectTimeoutError(<HTTPSConnection(host='upneda.org.in', port=443) at 0x7fec75686c60>, 'Connection to upneda.org.in timed out. (connect timeout=45)'))
2026-08-12 04:39:06,509 INFO daily_update UPNEDA: 0 accepted; Failed
2026-08-12 04:39:07,663 INFO daily_update BSPHCL: 0 accepted; Success
2026-08-13 04:24:35,517 INFO daily_update SECI: 9 accepted; Success
2026-08-13 04:24:37,063 INFO daily_update NTPC REL: 1 accepted; Success
2026-08-13 04:24:52,826 INFO daily_update NHPC: 0 accepted; Success
2026-08-13 04:24:55,038 INFO daily_update SJVN: 0 accepted; Success
2026-08-13 04:29:32,321 ERROR connector.NLCIL Connector failed
Traceback (most recent call last):
  File "/home/runner/work/Renewable-tender-tracker/Renewable-tender-tracker/Python/connectors/base.py", line 50, in run
    result.records = self.parse(self.fetch())
                                ^^^^^^^^^^^^
  File "/home/runner/work/Renewable-tender-tracker/Renewable-tender-tracker/Python/connectors/base.py", line 45, in fetch
    return get_text(self.source_url)
           ^^^^^^^^^^^^^^^^^^^^^^^^^
  File "/home/runner/work/Renewable-tender-tracker/Renewable-tender-tracker/Python/core/http.py", line 21, in get_text
    raise RuntimeError(f"Unable to fetch {url}: {last_error}")
RuntimeError: Unable to fetch https://www.nlcindia.in/: HTTPSConnectionPool(host='www.nlcindia.in', port=443): Max retries exceeded with url: / (Caused by ConnectTimeoutError(<HTTPSConnection(host='www.nlcindia.in', port=443) at 0x7f61af092de0>, 'Connection to www.nlcindia.in timed out. (connect timeout=45)'))
2026-08-13 04:29:32,322 INFO daily_update NLCIL: 0 accepted; Failed
2026-08-13 04:29:42,269 ERROR connector.GUVNL (ISTS) Connector failed
Traceback (most recent call last):
  File "/home/runner/work/Renewable-tender-tracker/Renewable-tender-tracker/Python/connectors/base.py", line 50, in run
    result.records = self.parse(self.fetch())
                                ^^^^^^^^^^^^
  File "/home/runner/work/Renewable-tender-tracker/Renewable-tender-tracker/Python/connectors/base.py", line 45, in fetch
    return get_text(self.source_url)
           ^^^^^^^^^^^^^^^^^^^^^^^^^
  File "/home/runner/work/Renewable-tender-tracker/Renewable-tender-tracker/Python/core/http.py", line 21, in get_text
    raise RuntimeError(f"Unable to fetch {url}: {last_error}")
RuntimeError: Unable to fetch https://www.guvnl.com/: HTTPSConnectionPool(host='www.guvnl.com', port=443): Max retries exceeded with url: / (Caused by SSLError(SSLEOFError(8, '[SSL: UNEXPECTED_EOF_WHILE_READING] EOF occurred in violation of protocol (_ssl.c:1010)')))
2026-08-13 04:29:42,270 INFO daily_update GUVNL (ISTS): 0 accepted; Failed
2026-08-13 04:32:04,531 ERROR connector.REMCL Connector failed
Traceback (most recent call last):
  File "/home/runner/work/Renewable-tender-tracker/Renewable-tender-tracker/Python/connectors/base.py", line 50, in run
    result.records = self.parse(self.fetch())
                                ^^^^^^^^^^^^
  File "/home/runner/work/Renewable-tender-tracker/Renewable-tender-tracker/Python/connectors/base.py", line 45, in fetch
    return get_text(self.source_url)
           ^^^^^^^^^^^^^^^^^^^^^^^^^
  File "/home/runner/work/Renewable-tender-tracker/Renewable-tender-tracker/Python/core/http.py", line 21, in get_text
    raise RuntimeError(f"Unable to fetch {url}: {last_error}")
RuntimeError: Unable to fetch https://www.remcl.in/: HTTPSConnectionPool(host='www.remcl.in', port=443): Max retries exceeded with url: / (Caused by ConnectTimeoutError(<HTTPSConnection(host='www.remcl.in', port=443) at 0x7f61aeec4f80>, 'Connection to www.remcl.in timed out. (connect timeout=45)'))
2026-08-13 04:32:04,531 INFO daily_update REMCL: 0 accepted; Failed
2026-08-13 04:32:06,679 INFO daily_update RUVNL: 0 accepted; Success
2026-08-13 04:32:07,999 INFO daily_update RVPN: 0 accepted; Success
2026-08-13 04:32:09,054 INFO daily_update KREDL: 0 accepted; Success
2026-08-13 04:34:31,951 ERROR connector.KPTCL Connector failed
Traceback (most recent call last):
  File "/home/runner/work/Renewable-tender-tracker/Renewable-tender-tracker/Python/connectors/base.py", line 50, in run
    result.records = self.parse(self.fetch())
                                ^^^^^^^^^^^^
  File "/home/runner/work/Renewable-tender-tracker/Renewable-tender-tracker/Python/connectors/base.py", line 45, in fetch
    return get_text(self.source_url)
           ^^^^^^^^^^^^^^^^^^^^^^^^^
  File "/home/runner/work/Renewable-tender-tracker/Renewable-tender-tracker/Python/core/http.py", line 21, in get_text
    raise RuntimeError(f"Unable to fetch {url}: {last_error}")
RuntimeError: Unable to fetch https://kptcl.karnataka.gov.in/: HTTPSConnectionPool(host='kptcl.karnataka.gov.in', port=443): Max retries exceeded with url: / (Caused by ConnectTimeoutError(<HTTPSConnection(host='kptcl.karnataka.gov.in', port=443) at 0x7f61aedb3950>, 'Connection to kptcl.karnataka.gov.in timed out. (connect timeout=45)'))
2026-08-13 04:34:31,951 INFO daily_update KPTCL: 0 accepted; Failed
2026-08-13 04:34:40,005 ERROR connector.KPCL Connector failed
Traceback (most recent call last):
  File "/home/runner/work/Renewable-tender-tracker/Renewable-tender-tracker/Python/connectors/base.py", line 50, in run
    result.records = self.parse(self.fetch())
                                ^^^^^^^^^^^^
  File "/home/runner/work/Renewable-tender-tracker/Renewable-tender-tracker/Python/connectors/base.py", line 45, in fetch
    return get_text(self.source_url)
           ^^^^^^^^^^^^^^^^^^^^^^^^^
  File "/home/runner/work/Renewable-tender-tracker/Renewable-tender-tracker/Python/core/http.py", line 21, in get_text
    raise RuntimeError(f"Unable to fetch {url}: {last_error}")
RuntimeError: Unable to fetch https://karnatakapower.com/: HTTPSConnectionPool(host='karnatakapower.com', port=443): Max retries exceeded with url: / (Caused by SSLError(SSLCertVerificationError(1, "[SSL: CERTIFICATE_VERIFY_FAILED] certificate verify failed: Hostname mismatch, certificate is not valid for 'karnatakapower.com'. (_ssl.c:1010)")))
2026-08-13 04:34:40,005 INFO daily_update KPCL: 0 accepted; Failed
2026-08-13 04:34:41,821 INFO daily_update MPUVNL: 0 accepted; Success
2026-08-13 04:34:42,613 INFO daily_update MPPMCL: 0 accepted; Success
2026-08-13 04:34:50,374 ERROR connector.MP Urja Vikas Nigam Connector failed
Traceback (most recent call last):
  File "/home/runner/work/Renewable-tender-tracker/Renewable-tender-tracker/Python/connectors/base.py", line 50, in run
    result.records = self.parse(self.fetch())
                                ^^^^^^^^^^^^
  File "/home/runner/work/Renewable-tender-tracker/Renewable-tender-tracker/Python/connectors/base.py", line 45, in fetch
    return get_text(self.source_url)
           ^^^^^^^^^^^^^^^^^^^^^^^^^
  File "/home/runner/work/Renewable-tender-tracker/Renewable-tender-tracker/Python/core/http.py", line 21, in get_text
    raise RuntimeError(f"Unable to fetch {url}: {last_error}")
RuntimeError: Unable to fetch https://www.mprenewable.nic.in/: HTTPSConnectionPool(host='www.mprenewable.nic.in', port=443): Max retries exceeded with url: / (Caused by NameResolutionError("HTTPSConnection(host='www.mprenewable.nic.in', port=443): Failed to resolve 'www.mprenewable.nic.in' ([Errno -2] Name or service not known)"))
2026-08-13 04:34:50,374 INFO daily_update MP Urja Vikas Nigam: 0 accepted; Failed
2026-08-13 04:34:55,547 INFO daily_update MSEDCL: 0 accepted; Success
2026-08-13 04:34:57,471 INFO daily_update MAHAGENCO: 0 accepted; Success
2026-08-13 04:35:07,670 ERROR connector.GUVNL Connector failed
Traceback (most recent call last):
  File "/home/runner/work/Renewable-tender-tracker/Renewable-tender-tracker/Python/connectors/base.py", line 50, in run
    result.records = self.parse(self.fetch())
                                ^^^^^^^^^^^^
  File "/home/runner/work/Renewable-tender-tracker/Renewable-tender-tracker/Python/connectors/base.py", line 45, in fetch
    return get_text(self.source_url)
           ^^^^^^^^^^^^^^^^^^^^^^^^^
  File "/home/runner/work/Renewable-tender-tracker/Renewable-tender-tracker/Python/core/http.py", line 21, in get_text
    raise RuntimeError(f"Unable to fetch {url}: {last_error}")
RuntimeError: Unable to fetch https://www.guvnl.com/: HTTPSConnectionPool(host='www.guvnl.com', port=443): Max retries exceeded with url: / (Caused by SSLError(SSLEOFError(8, '[SSL: UNEXPECTED_EOF_WHILE_READING] EOF occurred in violation of protocol (_ssl.c:1010)')))
2026-08-13 04:35:07,671 INFO daily_update GUVNL: 0 accepted; Failed
2026-08-13 04:37:30,785 ERROR connector.GPCL Connector failed
Traceback (most recent call last):
  File "/home/runner/work/Renewable-tender-tracker/Renewable-tender-tracker/Python/connectors/base.py", line 50, in run
    result.records = self.parse(self.fetch())
                                ^^^^^^^^^^^^
  File "/home/runner/work/Renewable-tender-tracker/Renewable-tender-tracker/Python/connectors/base.py", line 45, in fetch
    return get_text(self.source_url)
           ^^^^^^^^^^^^^^^^^^^^^^^^^
  File "/home/runner/work/Renewable-tender-tracker/Renewable-tender-tracker/Python/core/http.py", line 21, in get_text
    raise RuntimeError(f"Unable to fetch {url}: {last_error}")
RuntimeError: Unable to fetch https://gpcl.gujarat.gov.in/: HTTPSConnectionPool(host='gpcl.gujarat.gov.in', port=443): Read timed out. (read timeout=45)
2026-08-13 04:37:30,786 INFO daily_update GPCL: 0 accepted; Failed
2026-08-13 04:37:32,028 INFO daily_update APSPDCL: 0 accepted; Success
2026-08-13 04:37:34,011 INFO daily_update APGENCO: 0 accepted; Success
2026-08-13 04:37:42,832 ERROR connector.NREDCAP Connector failed
Traceback (most recent call last):
  File "/home/runner/work/Renewable-tender-tracker/Renewable-tender-tracker/Python/connectors/base.py", line 50, in run
    result.records = self.parse(self.fetch())
                                ^^^^^^^^^^^^
  File "/home/runner/work/Renewable-tender-tracker/Renewable-tender-tracker/Python/connectors/base.py", line 45, in fetch
    return get_text(self.source_url)
           ^^^^^^^^^^^^^^^^^^^^^^^^^
  File "/home/runner/work/Renewable-tender-tracker/Renewable-tender-tracker/Python/core/http.py", line 21, in get_text
    raise RuntimeError(f"Unable to fetch {url}: {last_error}")
RuntimeError: Unable to fetch https://nredcap.in/: HTTPSConnectionPool(host='nredcap.in', port=443): Max retries exceeded with url: / (Caused by SSLError(SSLCertVerificationError(1, '[SSL: CERTIFICATE_VERIFY_FAILED] certificate verify failed: unable to get local issuer certificate (_ssl.c:1010)')))
2026-08-13 04:37:42,832 INFO daily_update NREDCAP: 0 accepted; Failed
2026-08-13 04:37:51,633 ERROR connector.TGNPDCL Connector failed
Traceback (most recent call last):
  File "/home/runner/work/Renewable-tender-tracker/Renewable-tender-tracker/Python/connectors/base.py", line 50, in run
    result.records = self.parse(self.fetch())
                                ^^^^^^^^^^^^
  File "/home/runner/work/Renewable-tender-tracker/Renewable-tender-tracker/Python/connectors/base.py", line 45, in fetch
    return get_text(self.source_url)
           ^^^^^^^^^^^^^^^^^^^^^^^^^
  File "/home/runner/work/Renewable-tender-tracker/Renewable-tender-tracker/Python/core/http.py", line 21, in get_text
    raise RuntimeError(f"Unable to fetch {url}: {last_error}")
RuntimeError: Unable to fetch https://tgnpdcl.com/: HTTPSConnectionPool(host='tgnpdcl.com', port=443): Max retries exceeded with url: / (Caused by SSLError(SSLError(1, '[SSL: SSLV3_ALERT_HANDSHAKE_FAILURE] sslv3 alert handshake failure (_ssl.c:1010)')))
2026-08-13 04:37:51,633 INFO daily_update TGNPDCL: 0 accepted; Failed
2026-08-13 04:37:52,725 INFO daily_update TSSPDCL: 0 accepted; Success
2026-08-13 04:38:29,767 ERROR connector.TNGECL Connector failed
Traceback (most recent call last):
  File "/home/runner/work/Renewable-tender-tracker/Renewable-tender-tracker/Python/connectors/base.py", line 50, in run
    result.records = self.parse(self.fetch())
                                ^^^^^^^^^^^^
  File "/home/runner/work/Renewable-tender-tracker/Renewable-tender-tracker/Python/connectors/base.py", line 45, in fetch
    return get_text(self.source_url)
           ^^^^^^^^^^^^^^^^^^^^^^^^^
  File "/home/runner/work/Renewable-tender-tracker/Renewable-tender-tracker/Python/core/http.py", line 21, in get_text
    raise RuntimeError(f"Unable to fetch {url}: {last_error}")
RuntimeError: Unable to fetch https://www.tangedco.gov.in/: HTTPSConnectionPool(host='www.tangedco.gov.in', port=443): Max retries exceeded with url: / (Caused by NameResolutionError("HTTPSConnection(host='www.tangedco.gov.in', port=443): Failed to resolve 'www.tangedco.gov.in' ([Errno -3] Temporary failure in name resolution)"))
2026-08-13 04:38:29,768 INFO daily_update TNGECL: 0 accepted; Failed
2026-08-13 04:39:11,815 ERROR connector.TANTRANSCO Connector failed
Traceback (most recent call last):
  File "/home/runner/work/Renewable-tender-tracker/Renewable-tender-tracker/Python/connectors/base.py", line 50, in run
    result.records = self.parse(self.fetch())
                                ^^^^^^^^^^^^
  File "/home/runner/work/Renewable-tender-tracker/Renewable-tender-tracker/Python/connectors/base.py", line 45, in fetch
    return get_text(self.source_url)
           ^^^^^^^^^^^^^^^^^^^^^^^^^
  File "/home/runner/work/Renewable-tender-tracker/Renewable-tender-tracker/Python/core/http.py", line 21, in get_text
    raise RuntimeError(f"Unable to fetch {url}: {last_error}")
RuntimeError: Unable to fetch https://www.tantransco.gov.in/: HTTPSConnectionPool(host='www.tantransco.gov.in', port=443): Max retries exceeded with url: / (Caused by NameResolutionError("HTTPSConnection(host='www.tantransco.gov.in', port=443): Failed to resolve 'www.tantransco.gov.in' ([Errno -3] Temporary failure in name resolution)"))
2026-08-13 04:39:11,816 INFO daily_update TANTRANSCO: 0 accepted; Failed
2026-08-13 04:39:13,522 INFO daily_update GRIDCO: 2 accepted; Success
2026-08-13 04:39:15,928 INFO daily_update HAREDA: 0 accepted; Success
2026-08-13 04:39:19,216 INFO daily_update PSPCL: 0 accepted; Success
2026-08-13 04:41:41,553 ERROR connector.UPNEDA Connector failed
Traceback (most recent call last):
  File "/home/runner/work/Renewable-tender-tracker/Renewable-tender-tracker/Python/connectors/base.py", line 50, in run
    result.records = self.parse(self.fetch())
                                ^^^^^^^^^^^^
  File "/home/runner/work/Renewable-tender-tracker/Renewable-tender-tracker/Python/connectors/portals.py", line 24, in fetch
    return super().fetch()
           ^^^^^^^^^^^^^^^
  File "/home/runner/work/Renewable-tender-tracker/Renewable-tender-tracker/Python/connectors/base.py", line 45, in fetch
    return get_text(self.source_url)
           ^^^^^^^^^^^^^^^^^^^^^^^^^
  File "/home/runner/work/Renewable-tender-tracker/Renewable-tender-tracker/Python/core/http.py", line 21, in get_text
    raise RuntimeError(f"Unable to fetch {url}: {last_error}")
RuntimeError: Unable to fetch https://upneda.org.in/: HTTPSConnectionPool(host='upneda.org.in', port=443): Max retries exceeded with url: / (Caused by ConnectTimeoutError(<HTTPSConnection(host='upneda.org.in', port=443) at 0x7f61b13f7080>, 'Connection to upneda.org.in timed out. (connect timeout=45)'))
2026-08-13 04:41:41,554 INFO daily_update UPNEDA: 0 accepted; Failed
2026-08-13 04:41:43,081 INFO daily_update BSPHCL: 0 accepted; Success
2026-08-14 04:21:53,701 INFO daily_update SECI: 9 accepted; Success
2026-08-14 04:21:55,183 INFO daily_update NTPC REL: 1 accepted; Success
2026-08-14 04:22:10,294 INFO daily_update NHPC: 0 accepted; Success
2026-08-14 04:22:12,147 INFO daily_update SJVN: 0 accepted; Success
2026-08-14 04:26:49,558 ERROR connector.NLCIL Connector failed
Traceback (most recent call last):
  File "/home/runner/work/Renewable-tender-tracker/Renewable-tender-tracker/Python/connectors/base.py", line 50, in run
    result.records = self.parse(self.fetch())
                                ^^^^^^^^^^^^
  File "/home/runner/work/Renewable-tender-tracker/Renewable-tender-tracker/Python/connectors/base.py", line 45, in fetch
    return get_text(self.source_url)
           ^^^^^^^^^^^^^^^^^^^^^^^^^
  File "/home/runner/work/Renewable-tender-tracker/Renewable-tender-tracker/Python/core/http.py", line 21, in get_text
    raise RuntimeError(f"Unable to fetch {url}: {last_error}")
RuntimeError: Unable to fetch https://www.nlcindia.in/: HTTPSConnectionPool(host='www.nlcindia.in', port=443): Max retries exceeded with url: / (Caused by ConnectTimeoutError(<HTTPSConnection(host='www.nlcindia.in', port=443) at 0x7fc3a4d3ba40>, 'Connection to www.nlcindia.in timed out. (connect timeout=45)'))
2026-08-14 04:26:49,559 INFO daily_update NLCIL: 0 accepted; Failed
2026-08-14 04:26:59,431 ERROR connector.GUVNL (ISTS) Connector failed
Traceback (most recent call last):
  File "/home/runner/work/Renewable-tender-tracker/Renewable-tender-tracker/Python/connectors/base.py", line 50, in run
    result.records = self.parse(self.fetch())
                                ^^^^^^^^^^^^
  File "/home/runner/work/Renewable-tender-tracker/Renewable-tender-tracker/Python/connectors/base.py", line 45, in fetch
    return get_text(self.source_url)
           ^^^^^^^^^^^^^^^^^^^^^^^^^
  File "/home/runner/work/Renewable-tender-tracker/Renewable-tender-tracker/Python/core/http.py", line 21, in get_text
    raise RuntimeError(f"Unable to fetch {url}: {last_error}")
RuntimeError: Unable to fetch https://www.guvnl.com/: HTTPSConnectionPool(host='www.guvnl.com', port=443): Max retries exceeded with url: / (Caused by SSLError(SSLEOFError(8, '[SSL: UNEXPECTED_EOF_WHILE_READING] EOF occurred in violation of protocol (_ssl.c:1010)')))
2026-08-14 04:26:59,431 INFO daily_update GUVNL (ISTS): 0 accepted; Failed
2026-08-14 04:29:21,650 ERROR connector.REMCL Connector failed
Traceback (most recent call last):
  File "/home/runner/work/Renewable-tender-tracker/Renewable-tender-tracker/Python/connectors/base.py", line 50, in run
    result.records = self.parse(self.fetch())
                                ^^^^^^^^^^^^
  File "/home/runner/work/Renewable-tender-tracker/Renewable-tender-tracker/Python/connectors/base.py", line 45, in fetch
    return get_text(self.source_url)
           ^^^^^^^^^^^^^^^^^^^^^^^^^
  File "/home/runner/work/Renewable-tender-tracker/Renewable-tender-tracker/Python/core/http.py", line 21, in get_text
    raise RuntimeError(f"Unable to fetch {url}: {last_error}")
RuntimeError: Unable to fetch https://www.remcl.in/: HTTPSConnectionPool(host='www.remcl.in', port=443): Max retries exceeded with url: / (Caused by ConnectTimeoutError(<HTTPSConnection(host='www.remcl.in', port=443) at 0x7fc3a4d693a0>, 'Connection to www.remcl.in timed out. (connect timeout=45)'))
2026-08-14 04:29:21,651 INFO daily_update REMCL: 0 accepted; Failed
2026-08-14 04:29:23,654 INFO daily_update RUVNL: 0 accepted; Success
2026-08-14 04:29:24,919 INFO daily_update RVPN: 0 accepted; Success
2026-08-14 04:29:26,191 INFO daily_update KREDL: 0 accepted; Success
2026-08-14 04:31:48,994 ERROR connector.KPTCL Connector failed
Traceback (most recent call last):
  File "/home/runner/work/Renewable-tender-tracker/Renewable-tender-tracker/Python/connectors/base.py", line 50, in run
    result.records = self.parse(self.fetch())
                                ^^^^^^^^^^^^
  File "/home/runner/work/Renewable-tender-tracker/Renewable-tender-tracker/Python/connectors/base.py", line 45, in fetch
    return get_text(self.source_url)
           ^^^^^^^^^^^^^^^^^^^^^^^^^
  File "/home/runner/work/Renewable-tender-tracker/Renewable-tender-tracker/Python/core/http.py", line 21, in get_text
    raise RuntimeError(f"Unable to fetch {url}: {last_error}")
RuntimeError: Unable to fetch https://kptcl.karnataka.gov.in/: HTTPSConnectionPool(host='kptcl.karnataka.gov.in', port=443): Max retries exceeded with url: / (Caused by ConnectTimeoutError(<HTTPSConnection(host='kptcl.karnataka.gov.in', port=443) at 0x7fc3a4c5b410>, 'Connection to kptcl.karnataka.gov.in timed out. (connect timeout=45)'))
2026-08-14 04:31:48,995 INFO daily_update KPTCL: 0 accepted; Failed
2026-08-14 04:31:57,067 ERROR connector.KPCL Connector failed
Traceback (most recent call last):
  File "/home/runner/work/Renewable-tender-tracker/Renewable-tender-tracker/Python/connectors/base.py", line 50, in run
    result.records = self.parse(self.fetch())
                                ^^^^^^^^^^^^
  File "/home/runner/work/Renewable-tender-tracker/Renewable-tender-tracker/Python/connectors/base.py", line 45, in fetch
    return get_text(self.source_url)
           ^^^^^^^^^^^^^^^^^^^^^^^^^
  File "/home/runner/work/Renewable-tender-tracker/Renewable-tender-tracker/Python/core/http.py", line 21, in get_text
    raise RuntimeError(f"Unable to fetch {url}: {last_error}")
RuntimeError: Unable to fetch https://karnatakapower.com/: HTTPSConnectionPool(host='karnatakapower.com', port=443): Max retries exceeded with url: / (Caused by SSLError(SSLCertVerificationError(1, "[SSL: CERTIFICATE_VERIFY_FAILED] certificate verify failed: Hostname mismatch, certificate is not valid for 'karnatakapower.com'. (_ssl.c:1010)")))
2026-08-14 04:31:57,068 INFO daily_update KPCL: 0 accepted; Failed
2026-08-14 04:31:58,885 INFO daily_update MPUVNL: 0 accepted; Success
2026-08-14 04:31:59,406 INFO daily_update MPPMCL: 0 accepted; Success
2026-08-14 04:32:07,141 ERROR connector.MP Urja Vikas Nigam Connector failed
Traceback (most recent call last):
  File "/home/runner/work/Renewable-tender-tracker/Renewable-tender-tracker/Python/connectors/base.py", line 50, in run
    result.records = self.parse(self.fetch())
                                ^^^^^^^^^^^^
  File "/home/runner/work/Renewable-tender-tracker/Renewable-tender-tracker/Python/connectors/base.py", line 45, in fetch
    return get_text(self.source_url)
           ^^^^^^^^^^^^^^^^^^^^^^^^^
  File "/home/runner/work/Renewable-tender-tracker/Renewable-tender-tracker/Python/core/http.py", line 21, in get_text
    raise RuntimeError(f"Unable to fetch {url}: {last_error}")
RuntimeError: Unable to fetch https://www.mprenewable.nic.in/: HTTPSConnectionPool(host='www.mprenewable.nic.in', port=443): Max retries exceeded with url: / (Caused by NameResolutionError("HTTPSConnection(host='www.mprenewable.nic.in', port=443): Failed to resolve 'www.mprenewable.nic.in' ([Errno -2] Name or service not known)"))
2026-08-14 04:32:07,142 INFO daily_update MP Urja Vikas Nigam: 0 accepted; Failed
2026-08-14 04:32:12,274 INFO daily_update MSEDCL: 0 accepted; Success
2026-08-14 04:32:14,075 INFO daily_update MAHAGENCO: 0 accepted; Success
2026-08-14 04:32:24,040 ERROR connector.GUVNL Connector failed
Traceback (most recent call last):
  File "/home/runner/work/Renewable-tender-tracker/Renewable-tender-tracker/Python/connectors/base.py", line 50, in run
    result.records = self.parse(self.fetch())
                                ^^^^^^^^^^^^
  File "/home/runner/work/Renewable-tender-tracker/Renewable-tender-tracker/Python/connectors/base.py", line 45, in fetch
    return get_text(self.source_url)
           ^^^^^^^^^^^^^^^^^^^^^^^^^
  File "/home/runner/work/Renewable-tender-tracker/Renewable-tender-tracker/Python/core/http.py", line 21, in get_text
    raise RuntimeError(f"Unable to fetch {url}: {last_error}")
RuntimeError: Unable to fetch https://www.guvnl.com/: HTTPSConnectionPool(host='www.guvnl.com', port=443): Max retries exceeded with url: / (Caused by SSLError(SSLEOFError(8, '[SSL: UNEXPECTED_EOF_WHILE_READING] EOF occurred in violation of protocol (_ssl.c:1010)')))
2026-08-14 04:32:24,040 INFO daily_update GUVNL: 0 accepted; Failed
2026-08-14 04:34:48,637 ERROR connector.GPCL Connector failed
Traceback (most recent call last):
  File "/home/runner/work/Renewable-tender-tracker/Renewable-tender-tracker/Python/connectors/base.py", line 50, in run
    result.records = self.parse(self.fetch())
                                ^^^^^^^^^^^^
  File "/home/runner/work/Renewable-tender-tracker/Renewable-tender-tracker/Python/connectors/base.py", line 45, in fetch
    return get_text(self.source_url)
           ^^^^^^^^^^^^^^^^^^^^^^^^^
  File "/home/runner/work/Renewable-tender-tracker/Renewable-tender-tracker/Python/core/http.py", line 21, in get_text
    raise RuntimeError(f"Unable to fetch {url}: {last_error}")
RuntimeError: Unable to fetch https://gpcl.gujarat.gov.in/: HTTPSConnectionPool(host='gpcl.gujarat.gov.in', port=443): Read timed out. (read timeout=45)
2026-08-14 04:34:48,637 INFO daily_update GPCL: 0 accepted; Failed
2026-08-14 04:34:49,863 INFO daily_update APSPDCL: 0 accepted; Success
2026-08-14 04:34:51,871 INFO daily_update APGENCO: 0 accepted; Success
2026-08-14 04:35:00,674 ERROR connector.NREDCAP Connector failed
Traceback (most recent call last):
  File "/home/runner/work/Renewable-tender-tracker/Renewable-tender-tracker/Python/connectors/base.py", line 50, in run
    result.records = self.parse(self.fetch())
                                ^^^^^^^^^^^^
  File "/home/runner/work/Renewable-tender-tracker/Renewable-tender-tracker/Python/connectors/base.py", line 45, in fetch
    return get_text(self.source_url)
           ^^^^^^^^^^^^^^^^^^^^^^^^^
  File "/home/runner/work/Renewable-tender-tracker/Renewable-tender-tracker/Python/core/http.py", line 21, in get_text
    raise RuntimeError(f"Unable to fetch {url}: {last_error}")
RuntimeError: Unable to fetch https://nredcap.in/: HTTPSConnectionPool(host='nredcap.in', port=443): Max retries exceeded with url: / (Caused by SSLError(SSLCertVerificationError(1, '[SSL: CERTIFICATE_VERIFY_FAILED] certificate verify failed: unable to get local issuer certificate (_ssl.c:1010)')))
2026-08-14 04:35:00,676 INFO daily_update NREDCAP: 0 accepted; Failed
2026-08-14 04:35:09,420 ERROR connector.TGNPDCL Connector failed
Traceback (most recent call last):
  File "/home/runner/work/Renewable-tender-tracker/Renewable-tender-tracker/Python/connectors/base.py", line 50, in run
    result.records = self.parse(self.fetch())
                                ^^^^^^^^^^^^
  File "/home/runner/work/Renewable-tender-tracker/Renewable-tender-tracker/Python/connectors/base.py", line 45, in fetch
    return get_text(self.source_url)
           ^^^^^^^^^^^^^^^^^^^^^^^^^
  File "/home/runner/work/Renewable-tender-tracker/Renewable-tender-tracker/Python/core/http.py", line 21, in get_text
    raise RuntimeError(f"Unable to fetch {url}: {last_error}")
RuntimeError: Unable to fetch https://tgnpdcl.com/: HTTPSConnectionPool(host='tgnpdcl.com', port=443): Max retries exceeded with url: / (Caused by SSLError(SSLError(1, '[SSL: SSLV3_ALERT_HANDSHAKE_FAILURE] sslv3 alert handshake failure (_ssl.c:1010)')))
2026-08-14 04:35:09,420 INFO daily_update TGNPDCL: 0 accepted; Failed
2026-08-14 04:35:10,342 INFO daily_update TSSPDCL: 0 accepted; Success
2026-08-14 04:35:47,396 ERROR connector.TNGECL Connector failed
Traceback (most recent call last):
  File "/home/runner/work/Renewable-tender-tracker/Renewable-tender-tracker/Python/connectors/base.py", line 50, in run
    result.records = self.parse(self.fetch())
                                ^^^^^^^^^^^^
  File "/home/runner/work/Renewable-tender-tracker/Renewable-tender-tracker/Python/connectors/base.py", line 45, in fetch
    return get_text(self.source_url)
           ^^^^^^^^^^^^^^^^^^^^^^^^^
  File "/home/runner/work/Renewable-tender-tracker/Renewable-tender-tracker/Python/core/http.py", line 21, in get_text
    raise RuntimeError(f"Unable to fetch {url}: {last_error}")
RuntimeError: Unable to fetch https://www.tangedco.gov.in/: HTTPSConnectionPool(host='www.tangedco.gov.in', port=443): Max retries exceeded with url: / (Caused by NameResolutionError("HTTPSConnection(host='www.tangedco.gov.in', port=443): Failed to resolve 'www.tangedco.gov.in' ([Errno -3] Temporary failure in name resolution)"))
2026-08-14 04:35:47,397 INFO daily_update TNGECL: 0 accepted; Failed
2026-08-14 04:36:20,106 ERROR connector.TANTRANSCO Connector failed
Traceback (most recent call last):
  File "/home/runner/work/Renewable-tender-tracker/Renewable-tender-tracker/Python/connectors/base.py", line 50, in run
    result.records = self.parse(self.fetch())
                                ^^^^^^^^^^^^
  File "/home/runner/work/Renewable-tender-tracker/Renewable-tender-tracker/Python/connectors/base.py", line 45, in fetch
    return get_text(self.source_url)
           ^^^^^^^^^^^^^^^^^^^^^^^^^
  File "/home/runner/work/Renewable-tender-tracker/Renewable-tender-tracker/Python/core/http.py", line 21, in get_text
    raise RuntimeError(f"Unable to fetch {url}: {last_error}")
RuntimeError: Unable to fetch https://www.tantransco.gov.in/: HTTPSConnectionPool(host='www.tantransco.gov.in', port=443): Max retries exceeded with url: / (Caused by NameResolutionError("HTTPSConnection(host='www.tantransco.gov.in', port=443): Failed to resolve 'www.tantransco.gov.in' ([Errno -3] Temporary failure in name resolution)"))
2026-08-14 04:36:20,106 INFO daily_update TANTRANSCO: 0 accepted; Failed
2026-08-14 04:36:22,001 INFO daily_update GRIDCO: 2 accepted; Success
2026-08-14 04:36:23,799 INFO daily_update HAREDA: 0 accepted; Success
2026-08-14 04:36:27,305 INFO daily_update PSPCL: 0 accepted; Success
2026-08-14 04:38:49,483 ERROR connector.UPNEDA Connector failed
Traceback (most recent call last):
  File "/home/runner/work/Renewable-tender-tracker/Renewable-tender-tracker/Python/connectors/base.py", line 50, in run
    result.records = self.parse(self.fetch())
                                ^^^^^^^^^^^^
  File "/home/runner/work/Renewable-tender-tracker/Renewable-tender-tracker/Python/connectors/portals.py", line 24, in fetch
    return super().fetch()
           ^^^^^^^^^^^^^^^
  File "/home/runner/work/Renewable-tender-tracker/Renewable-tender-tracker/Python/connectors/base.py", line 45, in fetch
    return get_text(self.source_url)
           ^^^^^^^^^^^^^^^^^^^^^^^^^
  File "/home/runner/work/Renewable-tender-tracker/Renewable-tender-tracker/Python/core/http.py", line 21, in get_text
    raise RuntimeError(f"Unable to fetch {url}: {last_error}")
RuntimeError: Unable to fetch https://upneda.org.in/: HTTPSConnectionPool(host='upneda.org.in', port=443): Max retries exceeded with url: / (Caused by ConnectTimeoutError(<HTTPSConnection(host='upneda.org.in', port=443) at 0x7fc3a63d44d0>, 'Connection to upneda.org.in timed out. (connect timeout=45)'))
2026-08-14 04:38:49,483 INFO daily_update UPNEDA: 0 accepted; Failed
2026-08-14 04:38:50,597 INFO daily_update BSPHCL: 0 accepted; Success
2026-08-15 03:11:48,697 INFO daily_update SECI: 9 accepted; Success
2026-08-15 03:11:50,127 INFO daily_update NTPC REL: 1 accepted; Success
2026-08-15 03:12:07,590 INFO daily_update NHPC: 0 accepted; Success
2026-08-15 03:12:09,615 INFO daily_update SJVN: 1 accepted; Success
2026-08-15 03:16:46,901 ERROR connector.NLCIL Connector failed
Traceback (most recent call last):
  File "/home/runner/work/Renewable-tender-tracker/Renewable-tender-tracker/Python/connectors/base.py", line 50, in run
    result.records = self.parse(self.fetch())
                                ^^^^^^^^^^^^
  File "/home/runner/work/Renewable-tender-tracker/Renewable-tender-tracker/Python/connectors/base.py", line 45, in fetch
    return get_text(self.source_url)
           ^^^^^^^^^^^^^^^^^^^^^^^^^
  File "/home/runner/work/Renewable-tender-tracker/Renewable-tender-tracker/Python/core/http.py", line 21, in get_text
    raise RuntimeError(f"Unable to fetch {url}: {last_error}")
RuntimeError: Unable to fetch https://www.nlcindia.in/: HTTPSConnectionPool(host='www.nlcindia.in', port=443): Max retries exceeded with url: / (Caused by ConnectTimeoutError(<HTTPSConnection(host='www.nlcindia.in', port=443) at 0x7fb6870fd4c0>, 'Connection to www.nlcindia.in timed out. (connect timeout=45)'))
2026-08-15 03:16:46,901 INFO daily_update NLCIL: 0 accepted; Failed
2026-08-15 03:16:56,659 ERROR connector.GUVNL (ISTS) Connector failed
Traceback (most recent call last):
  File "/home/runner/work/Renewable-tender-tracker/Renewable-tender-tracker/Python/connectors/base.py", line 50, in run
    result.records = self.parse(self.fetch())
                                ^^^^^^^^^^^^
  File "/home/runner/work/Renewable-tender-tracker/Renewable-tender-tracker/Python/connectors/base.py", line 45, in fetch
    return get_text(self.source_url)
           ^^^^^^^^^^^^^^^^^^^^^^^^^
  File "/home/runner/work/Renewable-tender-tracker/Renewable-tender-tracker/Python/core/http.py", line 21, in get_text
    raise RuntimeError(f"Unable to fetch {url}: {last_error}")
RuntimeError: Unable to fetch https://www.guvnl.com/: HTTPSConnectionPool(host='www.guvnl.com', port=443): Max retries exceeded with url: / (Caused by SSLError(SSLEOFError(8, '[SSL: UNEXPECTED_EOF_WHILE_READING] EOF occurred in violation of protocol (_ssl.c:1010)')))
2026-08-15 03:16:56,660 INFO daily_update GUVNL (ISTS): 0 accepted; Failed
2026-08-15 03:19:28,661 ERROR connector.REMCL Connector failed
Traceback (most recent call last):
  File "/home/runner/work/Renewable-tender-tracker/Renewable-tender-tracker/Python/connectors/base.py", line 50, in run
    result.records = self.parse(self.fetch())
                                ^^^^^^^^^^^^
  File "/home/runner/work/Renewable-tender-tracker/Renewable-tender-tracker/Python/connectors/base.py", line 45, in fetch
    return get_text(self.source_url)
           ^^^^^^^^^^^^^^^^^^^^^^^^^
  File "/home/runner/work/Renewable-tender-tracker/Renewable-tender-tracker/Python/core/http.py", line 21, in get_text
    raise RuntimeError(f"Unable to fetch {url}: {last_error}")
RuntimeError: Unable to fetch https://www.remcl.in/: HTTPSConnectionPool(host='www.remcl.in', port=443): Max retries exceeded with url: / (Caused by ConnectTimeoutError(<HTTPSConnection(host='www.remcl.in', port=443) at 0x7fb6870ff5f0>, 'Connection to www.remcl.in timed out. (connect timeout=45)'))
2026-08-15 03:19:28,664 INFO daily_update REMCL: 0 accepted; Failed
2026-08-15 03:19:30,846 INFO daily_update RUVNL: 0 accepted; Success
2026-08-15 03:19:32,329 INFO daily_update RVPN: 0 accepted; Success
2026-08-15 03:19:33,551 INFO daily_update KREDL: 0 accepted; Success
2026-08-15 03:21:56,622 ERROR connector.KPTCL Connector failed
Traceback (most recent call last):
  File "/home/runner/work/Renewable-tender-tracker/Renewable-tender-tracker/Python/connectors/base.py", line 50, in run
    result.records = self.parse(self.fetch())
                                ^^^^^^^^^^^^
  File "/home/runner/work/Renewable-tender-tracker/Renewable-tender-tracker/Python/connectors/base.py", line 45, in fetch
    return get_text(self.source_url)
           ^^^^^^^^^^^^^^^^^^^^^^^^^
  File "/home/runner/work/Renewable-tender-tracker/Renewable-tender-tracker/Python/core/http.py", line 21, in get_text
    raise RuntimeError(f"Unable to fetch {url}: {last_error}")
RuntimeError: Unable to fetch https://kptcl.karnataka.gov.in/: HTTPSConnectionPool(host='kptcl.karnataka.gov.in', port=443): Max retries exceeded with url: / (Caused by ConnectTimeoutError(<HTTPSConnection(host='kptcl.karnataka.gov.in', port=443) at 0x7fb687013f50>, 'Connection to kptcl.karnataka.gov.in timed out. (connect timeout=45)'))
2026-08-15 03:21:56,622 INFO daily_update KPTCL: 0 accepted; Failed
2026-08-15 03:22:04,662 ERROR connector.KPCL Connector failed
Traceback (most recent call last):
  File "/home/runner/work/Renewable-tender-tracker/Renewable-tender-tracker/Python/connectors/base.py", line 50, in run
    result.records = self.parse(self.fetch())
                                ^^^^^^^^^^^^
  File "/home/runner/work/Renewable-tender-tracker/Renewable-tender-tracker/Python/connectors/base.py", line 45, in fetch
    return get_text(self.source_url)
           ^^^^^^^^^^^^^^^^^^^^^^^^^
  File "/home/runner/work/Renewable-tender-tracker/Renewable-tender-tracker/Python/core/http.py", line 21, in get_text
    raise RuntimeError(f"Unable to fetch {url}: {last_error}")
RuntimeError: Unable to fetch https://karnatakapower.com/: HTTPSConnectionPool(host='karnatakapower.com', port=443): Max retries exceeded with url: / (Caused by SSLError(SSLCertVerificationError(1, "[SSL: CERTIFICATE_VERIFY_FAILED] certificate verify failed: Hostname mismatch, certificate is not valid for 'karnatakapower.com'. (_ssl.c:1010)")))
2026-08-15 03:22:04,663 INFO daily_update KPCL: 0 accepted; Failed
2026-08-15 03:22:06,611 INFO daily_update MPUVNL: 0 accepted; Success
2026-08-15 03:22:07,245 INFO daily_update MPPMCL: 0 accepted; Success
2026-08-15 03:22:15,646 ERROR connector.MP Urja Vikas Nigam Connector failed
Traceback (most recent call last):
  File "/home/runner/work/Renewable-tender-tracker/Renewable-tender-tracker/Python/connectors/base.py", line 50, in run
    result.records = self.parse(self.fetch())
                                ^^^^^^^^^^^^
  File "/home/runner/work/Renewable-tender-tracker/Renewable-tender-tracker/Python/connectors/base.py", line 45, in fetch
    return get_text(self.source_url)
           ^^^^^^^^^^^^^^^^^^^^^^^^^
  File "/home/runner/work/Renewable-tender-tracker/Renewable-tender-tracker/Python/core/http.py", line 21, in get_text
    raise RuntimeError(f"Unable to fetch {url}: {last_error}")
RuntimeError: Unable to fetch https://www.mprenewable.nic.in/: HTTPSConnectionPool(host='www.mprenewable.nic.in', port=443): Max retries exceeded with url: / (Caused by NameResolutionError("HTTPSConnection(host='www.mprenewable.nic.in', port=443): Failed to resolve 'www.mprenewable.nic.in' ([Errno -2] Name or service not known)"))
2026-08-15 03:22:15,646 INFO daily_update MP Urja Vikas Nigam: 0 accepted; Failed
2026-08-15 03:22:20,487 INFO daily_update MSEDCL: 0 accepted; Success
2026-08-15 03:22:22,478 INFO daily_update MAHAGENCO: 0 accepted; Success
2026-08-15 03:22:33,208 ERROR connector.GUVNL Connector failed
Traceback (most recent call last):
  File "/home/runner/work/Renewable-tender-tracker/Renewable-tender-tracker/Python/connectors/base.py", line 50, in run
    result.records = self.parse(self.fetch())
                                ^^^^^^^^^^^^
  File "/home/runner/work/Renewable-tender-tracker/Renewable-tender-tracker/Python/connectors/base.py", line 45, in fetch
    return get_text(self.source_url)
           ^^^^^^^^^^^^^^^^^^^^^^^^^
  File "/home/runner/work/Renewable-tender-tracker/Renewable-tender-tracker/Python/core/http.py", line 21, in get_text
    raise RuntimeError(f"Unable to fetch {url}: {last_error}")
RuntimeError: Unable to fetch https://www.guvnl.com/: HTTPSConnectionPool(host='www.guvnl.com', port=443): Max retries exceeded with url: / (Caused by SSLError(SSLEOFError(8, '[SSL: UNEXPECTED_EOF_WHILE_READING] EOF occurred in violation of protocol (_ssl.c:1010)')))
2026-08-15 03:22:33,209 INFO daily_update GUVNL: 0 accepted; Failed
2026-08-15 03:24:56,500 ERROR connector.GPCL Connector failed
Traceback (most recent call last):
  File "/home/runner/work/Renewable-tender-tracker/Renewable-tender-tracker/Python/connectors/base.py", line 50, in run
    result.records = self.parse(self.fetch())
                                ^^^^^^^^^^^^
  File "/home/runner/work/Renewable-tender-tracker/Renewable-tender-tracker/Python/connectors/base.py", line 45, in fetch
    return get_text(self.source_url)
           ^^^^^^^^^^^^^^^^^^^^^^^^^
  File "/home/runner/work/Renewable-tender-tracker/Renewable-tender-tracker/Python/core/http.py", line 21, in get_text
    raise RuntimeError(f"Unable to fetch {url}: {last_error}")
RuntimeError: Unable to fetch https://gpcl.gujarat.gov.in/: HTTPSConnectionPool(host='gpcl.gujarat.gov.in', port=443): Read timed out. (read timeout=45)
2026-08-15 03:24:56,501 INFO daily_update GPCL: 0 accepted; Failed
2026-08-15 03:24:57,757 INFO daily_update APSPDCL: 0 accepted; Success
2026-08-15 03:24:59,994 INFO daily_update APGENCO: 0 accepted; Success
2026-08-15 03:25:08,910 ERROR connector.NREDCAP Connector failed
Traceback (most recent call last):
  File "/home/runner/work/Renewable-tender-tracker/Renewable-tender-tracker/Python/connectors/base.py", line 50, in run
    result.records = self.parse(self.fetch())
                                ^^^^^^^^^^^^
  File "/home/runner/work/Renewable-tender-tracker/Renewable-tender-tracker/Python/connectors/base.py", line 45, in fetch
    return get_text(self.source_url)
           ^^^^^^^^^^^^^^^^^^^^^^^^^
  File "/home/runner/work/Renewable-tender-tracker/Renewable-tender-tracker/Python/core/http.py", line 21, in get_text
    raise RuntimeError(f"Unable to fetch {url}: {last_error}")
RuntimeError: Unable to fetch https://nredcap.in/: HTTPSConnectionPool(host='nredcap.in', port=443): Max retries exceeded with url: / (Caused by SSLError(SSLCertVerificationError(1, '[SSL: CERTIFICATE_VERIFY_FAILED] certificate verify failed: unable to get local issuer certificate (_ssl.c:1010)')))
2026-08-15 03:25:08,910 INFO daily_update NREDCAP: 0 accepted; Failed
2026-08-15 03:25:17,493 ERROR connector.TGNPDCL Connector failed
Traceback (most recent call last):
  File "/home/runner/work/Renewable-tender-tracker/Renewable-tender-tracker/Python/connectors/base.py", line 50, in run
    result.records = self.parse(self.fetch())
                                ^^^^^^^^^^^^
  File "/home/runner/work/Renewable-tender-tracker/Renewable-tender-tracker/Python/connectors/base.py", line 45, in fetch
    return get_text(self.source_url)
           ^^^^^^^^^^^^^^^^^^^^^^^^^
  File "/home/runner/work/Renewable-tender-tracker/Renewable-tender-tracker/Python/core/http.py", line 21, in get_text
    raise RuntimeError(f"Unable to fetch {url}: {last_error}")
RuntimeError: Unable to fetch https://tgnpdcl.com/: HTTPSConnectionPool(host='tgnpdcl.com', port=443): Max retries exceeded with url: / (Caused by SSLError(SSLError(1, '[SSL: SSLV3_ALERT_HANDSHAKE_FAILURE] sslv3 alert handshake failure (_ssl.c:1010)')))
2026-08-15 03:25:17,493 INFO daily_update TGNPDCL: 0 accepted; Failed
2026-08-15 03:25:18,514 INFO daily_update TSSPDCL: 0 accepted; Success
2026-08-15 03:25:55,566 ERROR connector.TNGECL Connector failed
Traceback (most recent call last):
  File "/home/runner/work/Renewable-tender-tracker/Renewable-tender-tracker/Python/connectors/base.py", line 50, in run
    result.records = self.parse(self.fetch())
                                ^^^^^^^^^^^^
  File "/home/runner/work/Renewable-tender-tracker/Renewable-tender-tracker/Python/connectors/base.py", line 45, in fetch
    return get_text(self.source_url)
           ^^^^^^^^^^^^^^^^^^^^^^^^^
  File "/home/runner/work/Renewable-tender-tracker/Renewable-tender-tracker/Python/core/http.py", line 21, in get_text
    raise RuntimeError(f"Unable to fetch {url}: {last_error}")
RuntimeError: Unable to fetch https://www.tangedco.gov.in/: HTTPSConnectionPool(host='www.tangedco.gov.in', port=443): Max retries exceeded with url: / (Caused by NameResolutionError("HTTPSConnection(host='www.tangedco.gov.in', port=443): Failed to resolve 'www.tangedco.gov.in' ([Errno -3] Temporary failure in name resolution)"))
2026-08-15 03:25:55,567 INFO daily_update TNGECL: 0 accepted; Failed
2026-08-15 03:26:32,622 ERROR connector.TANTRANSCO Connector failed
Traceback (most recent call last):
  File "/home/runner/work/Renewable-tender-tracker/Renewable-tender-tracker/Python/connectors/base.py", line 50, in run
    result.records = self.parse(self.fetch())
                                ^^^^^^^^^^^^
  File "/home/runner/work/Renewable-tender-tracker/Renewable-tender-tracker/Python/connectors/base.py", line 45, in fetch
    return get_text(self.source_url)
           ^^^^^^^^^^^^^^^^^^^^^^^^^
  File "/home/runner/work/Renewable-tender-tracker/Renewable-tender-tracker/Python/core/http.py", line 21, in get_text
    raise RuntimeError(f"Unable to fetch {url}: {last_error}")
RuntimeError: Unable to fetch https://www.tantransco.gov.in/: HTTPSConnectionPool(host='www.tantransco.gov.in', port=443): Max retries exceeded with url: / (Caused by NameResolutionError("HTTPSConnection(host='www.tantransco.gov.in', port=443): Failed to resolve 'www.tantransco.gov.in' ([Errno -3] Temporary failure in name resolution)"))
2026-08-15 03:26:32,623 INFO daily_update TANTRANSCO: 0 accepted; Failed
2026-08-15 03:26:34,284 INFO daily_update GRIDCO: 2 accepted; Success
2026-08-15 03:26:36,278 INFO daily_update HAREDA: 0 accepted; Success
2026-08-15 03:26:39,912 INFO daily_update PSPCL: 0 accepted; Success
2026-08-15 03:29:02,178 ERROR connector.UPNEDA Connector failed
Traceback (most recent call last):
  File "/home/runner/work/Renewable-tender-tracker/Renewable-tender-tracker/Python/connectors/base.py", line 50, in run
    result.records = self.parse(self.fetch())
                                ^^^^^^^^^^^^
  File "/home/runner/work/Renewable-tender-tracker/Renewable-tender-tracker/Python/connectors/portals.py", line 24, in fetch
    return super().fetch()
           ^^^^^^^^^^^^^^^
  File "/home/runner/work/Renewable-tender-tracker/Renewable-tender-tracker/Python/connectors/base.py", line 45, in fetch
    return get_text(self.source_url)
           ^^^^^^^^^^^^^^^^^^^^^^^^^
  File "/home/runner/work/Renewable-tender-tracker/Renewable-tender-tracker/Python/core/http.py", line 21, in get_text
    raise RuntimeError(f"Unable to fetch {url}: {last_error}")
RuntimeError: Unable to fetch https://upneda.org.in/: HTTPSConnectionPool(host='upneda.org.in', port=443): Max retries exceeded with url: / (Caused by ConnectTimeoutError(<HTTPSConnection(host='upneda.org.in', port=443) at 0x7fb687ea2240>, 'Connection to upneda.org.in timed out. (connect timeout=45)'))
2026-08-15 03:29:02,179 INFO daily_update UPNEDA: 0 accepted; Failed
2026-08-15 03:29:03,279 INFO daily_update BSPHCL: 0 accepted; Success
2026-08-16 03:26:42,539 INFO daily_update SECI: 9 accepted; Success
2026-08-16 03:26:52,770 ERROR connector.NTPC REL Connector failed
Traceback (most recent call last):
  File "/home/runner/work/Renewable-tender-tracker/Renewable-tender-tracker/Python/connectors/base.py", line 50, in run
    result.records = self.parse(self.fetch())
                                ^^^^^^^^^^^^
  File "/home/runner/work/Renewable-tender-tracker/Renewable-tender-tracker/Python/connectors/base.py", line 45, in fetch
    return get_text(self.source_url)
           ^^^^^^^^^^^^^^^^^^^^^^^^^
  File "/home/runner/work/Renewable-tender-tracker/Renewable-tender-tracker/Python/core/http.py", line 21, in get_text
    raise RuntimeError(f"Unable to fetch {url}: {last_error}")
RuntimeError: Unable to fetch https://ntpctender.ntpc.co.in/Index/Search?Region=10&Type=Reg: 404 Client Error: Not Found for url: https://ntpctender.ntpc.co.in/Index/Search?Region=10&Type=Reg
2026-08-16 03:26:52,772 INFO daily_update NTPC REL: 0 accepted; Failed
2026-08-16 03:27:07,834 INFO daily_update NHPC: 0 accepted; Success
2026-08-16 03:27:09,646 INFO daily_update SJVN: 1 accepted; Success
2026-08-16 03:31:46,997 ERROR connector.NLCIL Connector failed
Traceback (most recent call last):
  File "/home/runner/work/Renewable-tender-tracker/Renewable-tender-tracker/Python/connectors/base.py", line 50, in run
    result.records = self.parse(self.fetch())
                                ^^^^^^^^^^^^
  File "/home/runner/work/Renewable-tender-tracker/Renewable-tender-tracker/Python/connectors/base.py", line 45, in fetch
    return get_text(self.source_url)
           ^^^^^^^^^^^^^^^^^^^^^^^^^
  File "/home/runner/work/Renewable-tender-tracker/Renewable-tender-tracker/Python/core/http.py", line 21, in get_text
    raise RuntimeError(f"Unable to fetch {url}: {last_error}")
RuntimeError: Unable to fetch https://www.nlcindia.in/: HTTPSConnectionPool(host='www.nlcindia.in', port=443): Max retries exceeded with url: / (Caused by ConnectTimeoutError(<HTTPSConnection(host='www.nlcindia.in', port=443) at 0x7faa5065d970>, 'Connection to www.nlcindia.in timed out. (connect timeout=45)'))
2026-08-16 03:31:46,998 INFO daily_update NLCIL: 0 accepted; Failed
2026-08-16 03:31:56,838 ERROR connector.GUVNL (ISTS) Connector failed
Traceback (most recent call last):
  File "/home/runner/work/Renewable-tender-tracker/Renewable-tender-tracker/Python/connectors/base.py", line 50, in run
    result.records = self.parse(self.fetch())
                                ^^^^^^^^^^^^
  File "/home/runner/work/Renewable-tender-tracker/Renewable-tender-tracker/Python/connectors/base.py", line 45, in fetch
    return get_text(self.source_url)
           ^^^^^^^^^^^^^^^^^^^^^^^^^
  File "/home/runner/work/Renewable-tender-tracker/Renewable-tender-tracker/Python/core/http.py", line 21, in get_text
    raise RuntimeError(f"Unable to fetch {url}: {last_error}")
RuntimeError: Unable to fetch https://www.guvnl.com/: HTTPSConnectionPool(host='www.guvnl.com', port=443): Max retries exceeded with url: / (Caused by SSLError(SSLEOFError(8, '[SSL: UNEXPECTED_EOF_WHILE_READING] EOF occurred in violation of protocol (_ssl.c:1010)')))
2026-08-16 03:31:56,838 INFO daily_update GUVNL (ISTS): 0 accepted; Failed
2026-08-16 03:34:19,032 ERROR connector.REMCL Connector failed
Traceback (most recent call last):
  File "/home/runner/work/Renewable-tender-tracker/Renewable-tender-tracker/Python/connectors/base.py", line 50, in run
    result.records = self.parse(self.fetch())
                                ^^^^^^^^^^^^
  File "/home/runner/work/Renewable-tender-tracker/Renewable-tender-tracker/Python/connectors/base.py", line 45, in fetch
    return get_text(self.source_url)
           ^^^^^^^^^^^^^^^^^^^^^^^^^
  File "/home/runner/work/Renewable-tender-tracker/Renewable-tender-tracker/Python/core/http.py", line 21, in get_text
    raise RuntimeError(f"Unable to fetch {url}: {last_error}")
RuntimeError: Unable to fetch https://www.remcl.in/: HTTPSConnectionPool(host='www.remcl.in', port=443): Max retries exceeded with url: / (Caused by ConnectTimeoutError(<HTTPSConnection(host='www.remcl.in', port=443) at 0x7faa5065f950>, 'Connection to www.remcl.in timed out. (connect timeout=45)'))
2026-08-16 03:34:19,033 INFO daily_update REMCL: 0 accepted; Failed
2026-08-16 03:34:20,986 INFO daily_update RUVNL: 0 accepted; Success
2026-08-16 03:34:22,243 INFO daily_update RVPN: 0 accepted; Success
2026-08-16 03:34:23,497 INFO daily_update KREDL: 0 accepted; Success
2026-08-16 03:36:46,867 ERROR connector.KPTCL Connector failed
Traceback (most recent call last):
  File "/home/runner/work/Renewable-tender-tracker/Renewable-tender-tracker/Python/connectors/base.py", line 50, in run
    result.records = self.parse(self.fetch())
                                ^^^^^^^^^^^^
  File "/home/runner/work/Renewable-tender-tracker/Renewable-tender-tracker/Python/connectors/base.py", line 45, in fetch
    return get_text(self.source_url)
           ^^^^^^^^^^^^^^^^^^^^^^^^^
  File "/home/runner/work/Renewable-tender-tracker/Renewable-tender-tracker/Python/core/http.py", line 21, in get_text
    raise RuntimeError(f"Unable to fetch {url}: {last_error}")
RuntimeError: Unable to fetch https://kptcl.karnataka.gov.in/: HTTPSConnectionPool(host='kptcl.karnataka.gov.in', port=443): Max retries exceeded with url: / (Caused by ConnectTimeoutError(<HTTPSConnection(host='kptcl.karnataka.gov.in', port=443) at 0x7faa5057fd10>, 'Connection to kptcl.karnataka.gov.in timed out. (connect timeout=45)'))
2026-08-16 03:36:46,868 INFO daily_update KPTCL: 0 accepted; Failed
2026-08-16 03:36:55,312 ERROR connector.KPCL Connector failed
Traceback (most recent call last):
  File "/home/runner/work/Renewable-tender-tracker/Renewable-tender-tracker/Python/connectors/base.py", line 50, in run
    result.records = self.parse(self.fetch())
                                ^^^^^^^^^^^^
  File "/home/runner/work/Renewable-tender-tracker/Renewable-tender-tracker/Python/connectors/base.py", line 45, in fetch
    return get_text(self.source_url)
           ^^^^^^^^^^^^^^^^^^^^^^^^^
  File "/home/runner/work/Renewable-tender-tracker/Renewable-tender-tracker/Python/core/http.py", line 21, in get_text
    raise RuntimeError(f"Unable to fetch {url}: {last_error}")
RuntimeError: Unable to fetch https://karnatakapower.com/: HTTPSConnectionPool(host='karnatakapower.com', port=443): Max retries exceeded with url: / (Caused by SSLError(SSLCertVerificationError(1, "[SSL: CERTIFICATE_VERIFY_FAILED] certificate verify failed: Hostname mismatch, certificate is not valid for 'karnatakapower.com'. (_ssl.c:1010)")))
2026-08-16 03:36:55,313 INFO daily_update KPCL: 0 accepted; Failed
2026-08-16 03:36:57,093 INFO daily_update MPUVNL: 3 accepted; Success
2026-08-16 03:36:57,603 INFO daily_update MPPMCL: 0 accepted; Success
2026-08-16 03:37:05,343 ERROR connector.MP Urja Vikas Nigam Connector failed
Traceback (most recent call last):
  File "/home/runner/work/Renewable-tender-tracker/Renewable-tender-tracker/Python/connectors/base.py", line 50, in run
    result.records = self.parse(self.fetch())
                                ^^^^^^^^^^^^
  File "/home/runner/work/Renewable-tender-tracker/Renewable-tender-tracker/Python/connectors/base.py", line 45, in fetch
    return get_text(self.source_url)
           ^^^^^^^^^^^^^^^^^^^^^^^^^
  File "/home/runner/work/Renewable-tender-tracker/Renewable-tender-tracker/Python/core/http.py", line 21, in get_text
    raise RuntimeError(f"Unable to fetch {url}: {last_error}")
RuntimeError: Unable to fetch https://www.mprenewable.nic.in/: HTTPSConnectionPool(host='www.mprenewable.nic.in', port=443): Max retries exceeded with url: / (Caused by NameResolutionError("HTTPSConnection(host='www.mprenewable.nic.in', port=443): Failed to resolve 'www.mprenewable.nic.in' ([Errno -2] Name or service not known)"))
2026-08-16 03:37:05,344 INFO daily_update MP Urja Vikas Nigam: 0 accepted; Failed
2026-08-16 03:37:09,781 INFO daily_update MSEDCL: 0 accepted; Success
2026-08-16 03:37:11,563 INFO daily_update MAHAGENCO: 0 accepted; Success
2026-08-16 03:37:21,372 ERROR connector.GUVNL Connector failed
Traceback (most recent call last):
  File "/home/runner/work/Renewable-tender-tracker/Renewable-tender-tracker/Python/connectors/base.py", line 50, in run
    result.records = self.parse(self.fetch())
                                ^^^^^^^^^^^^
  File "/home/runner/work/Renewable-tender-tracker/Renewable-tender-tracker/Python/connectors/base.py", line 45, in fetch
    return get_text(self.source_url)
           ^^^^^^^^^^^^^^^^^^^^^^^^^
  File "/home/runner/work/Renewable-tender-tracker/Renewable-tender-tracker/Python/core/http.py", line 21, in get_text
    raise RuntimeError(f"Unable to fetch {url}: {last_error}")
RuntimeError: Unable to fetch https://www.guvnl.com/: HTTPSConnectionPool(host='www.guvnl.com', port=443): Max retries exceeded with url: / (Caused by SSLError(SSLEOFError(8, '[SSL: UNEXPECTED_EOF_WHILE_READING] EOF occurred in violation of protocol (_ssl.c:1010)')))
2026-08-16 03:37:21,373 INFO daily_update GUVNL: 0 accepted; Failed
2026-08-16 03:39:44,484 ERROR connector.GPCL Connector failed
Traceback (most recent call last):
  File "/home/runner/work/Renewable-tender-tracker/Renewable-tender-tracker/Python/connectors/base.py", line 50, in run
    result.records = self.parse(self.fetch())
                                ^^^^^^^^^^^^
  File "/home/runner/work/Renewable-tender-tracker/Renewable-tender-tracker/Python/connectors/base.py", line 45, in fetch
    return get_text(self.source_url)
           ^^^^^^^^^^^^^^^^^^^^^^^^^
  File "/home/runner/work/Renewable-tender-tracker/Renewable-tender-tracker/Python/core/http.py", line 21, in get_text
    raise RuntimeError(f"Unable to fetch {url}: {last_error}")
RuntimeError: Unable to fetch https://gpcl.gujarat.gov.in/: HTTPSConnectionPool(host='gpcl.gujarat.gov.in', port=443): Read timed out. (read timeout=45)
2026-08-16 03:39:44,485 INFO daily_update GPCL: 0 accepted; Failed
2026-08-16 03:39:45,698 INFO daily_update APSPDCL: 0 accepted; Success
2026-08-16 03:39:47,674 INFO daily_update APGENCO: 0 accepted; Success
2026-08-16 03:39:58,051 ERROR connector.NREDCAP Connector failed
Traceback (most recent call last):
  File "/home/runner/work/Renewable-tender-tracker/Renewable-tender-tracker/Python/connectors/base.py", line 50, in run
    result.records = self.parse(self.fetch())
                                ^^^^^^^^^^^^
  File "/home/runner/work/Renewable-tender-tracker/Renewable-tender-tracker/Python/connectors/base.py", line 45, in fetch
    return get_text(self.source_url)
           ^^^^^^^^^^^^^^^^^^^^^^^^^
  File "/home/runner/work/Renewable-tender-tracker/Renewable-tender-tracker/Python/core/http.py", line 21, in get_text
    raise RuntimeError(f"Unable to fetch {url}: {last_error}")
RuntimeError: Unable to fetch https://nredcap.in/: HTTPSConnectionPool(host='nredcap.in', port=443): Max retries exceeded with url: / (Caused by SSLError(SSLCertVerificationError(1, '[SSL: CERTIFICATE_VERIFY_FAILED] certificate verify failed: unable to get local issuer certificate (_ssl.c:1010)')))
2026-08-16 03:39:58,052 INFO daily_update NREDCAP: 0 accepted; Failed
2026-08-16 03:40:06,708 ERROR connector.TGNPDCL Connector failed
Traceback (most recent call last):
  File "/home/runner/work/Renewable-tender-tracker/Renewable-tender-tracker/Python/connectors/base.py", line 50, in run
    result.records = self.parse(self.fetch())
                                ^^^^^^^^^^^^
  File "/home/runner/work/Renewable-tender-tracker/Renewable-tender-tracker/Python/connectors/base.py", line 45, in fetch
    return get_text(self.source_url)
           ^^^^^^^^^^^^^^^^^^^^^^^^^
  File "/home/runner/work/Renewable-tender-tracker/Renewable-tender-tracker/Python/core/http.py", line 21, in get_text
    raise RuntimeError(f"Unable to fetch {url}: {last_error}")
RuntimeError: Unable to fetch https://tgnpdcl.com/: HTTPSConnectionPool(host='tgnpdcl.com', port=443): Max retries exceeded with url: / (Caused by SSLError(SSLError(1, '[SSL: SSLV3_ALERT_HANDSHAKE_FAILURE] sslv3 alert handshake failure (_ssl.c:1010)')))
2026-08-16 03:40:06,709 INFO daily_update TGNPDCL: 0 accepted; Failed
2026-08-16 03:40:07,720 INFO daily_update TSSPDCL: 0 accepted; Success
2026-08-16 03:40:43,370 ERROR connector.TNGECL Connector failed
Traceback (most recent call last):
  File "/home/runner/work/Renewable-tender-tracker/Renewable-tender-tracker/Python/connectors/base.py", line 50, in run
    result.records = self.parse(self.fetch())
                                ^^^^^^^^^^^^
  File "/home/runner/work/Renewable-tender-tracker/Renewable-tender-tracker/Python/connectors/base.py", line 45, in fetch
    return get_text(self.source_url)
           ^^^^^^^^^^^^^^^^^^^^^^^^^
  File "/home/runner/work/Renewable-tender-tracker/Renewable-tender-tracker/Python/core/http.py", line 21, in get_text
    raise RuntimeError(f"Unable to fetch {url}: {last_error}")
RuntimeError: Unable to fetch https://www.tangedco.gov.in/: HTTPSConnectionPool(host='www.tangedco.gov.in', port=443): Max retries exceeded with url: / (Caused by NameResolutionError("HTTPSConnection(host='www.tangedco.gov.in', port=443): Failed to resolve 'www.tangedco.gov.in' ([Errno -3] Temporary failure in name resolution)"))
2026-08-16 03:40:43,370 INFO daily_update TNGECL: 0 accepted; Failed
2026-08-16 03:41:15,307 ERROR connector.TANTRANSCO Connector failed
Traceback (most recent call last):
  File "/home/runner/work/Renewable-tender-tracker/Renewable-tender-tracker/Python/connectors/base.py", line 50, in run
    result.records = self.parse(self.fetch())
                                ^^^^^^^^^^^^
  File "/home/runner/work/Renewable-tender-tracker/Renewable-tender-tracker/Python/connectors/base.py", line 45, in fetch
    return get_text(self.source_url)
           ^^^^^^^^^^^^^^^^^^^^^^^^^
  File "/home/runner/work/Renewable-tender-tracker/Renewable-tender-tracker/Python/core/http.py", line 21, in get_text
    raise RuntimeError(f"Unable to fetch {url}: {last_error}")
RuntimeError: Unable to fetch https://www.tantransco.gov.in/: HTTPSConnectionPool(host='www.tantransco.gov.in', port=443): Max retries exceeded with url: / (Caused by NameResolutionError("HTTPSConnection(host='www.tantransco.gov.in', port=443): Failed to resolve 'www.tantransco.gov.in' ([Errno -3] Temporary failure in name resolution)"))
2026-08-16 03:41:15,307 INFO daily_update TANTRANSCO: 0 accepted; Failed
2026-08-16 03:41:16,843 INFO daily_update GRIDCO: 2 accepted; Success
2026-08-16 03:41:18,737 INFO daily_update HAREDA: 0 accepted; Success
2026-08-16 03:41:22,002 INFO daily_update PSPCL: 0 accepted; Success
2026-08-16 03:43:44,306 ERROR connector.UPNEDA Connector failed
Traceback (most recent call last):
  File "/home/runner/work/Renewable-tender-tracker/Renewable-tender-tracker/Python/connectors/base.py", line 50, in run
    result.records = self.parse(self.fetch())
                                ^^^^^^^^^^^^
  File "/home/runner/work/Renewable-tender-tracker/Renewable-tender-tracker/Python/connectors/portals.py", line 24, in fetch
    return super().fetch()
           ^^^^^^^^^^^^^^^
  File "/home/runner/work/Renewable-tender-tracker/Renewable-tender-tracker/Python/connectors/base.py", line 45, in fetch
    return get_text(self.source_url)
           ^^^^^^^^^^^^^^^^^^^^^^^^^
  File "/home/runner/work/Renewable-tender-tracker/Renewable-tender-tracker/Python/core/http.py", line 21, in get_text
    raise RuntimeError(f"Unable to fetch {url}: {last_error}")
RuntimeError: Unable to fetch https://upneda.org.in/: HTTPSConnectionPool(host='upneda.org.in', port=443): Max retries exceeded with url: / (Caused by ConnectTimeoutError(<HTTPSConnection(host='upneda.org.in', port=443) at 0x7faa52d11fd0>, 'Connection to upneda.org.in timed out. (connect timeout=45)'))
2026-08-16 03:43:44,307 INFO daily_update UPNEDA: 0 accepted; Failed
2026-08-16 03:43:45,392 INFO daily_update BSPHCL: 0 accepted; Success
2026-08-17 03:27:40,120 INFO daily_update SECI: 9 accepted; Success
2026-08-17 03:27:50,348 ERROR connector.NTPC REL Connector failed
Traceback (most recent call last):
  File "/home/runner/work/Renewable-tender-tracker/Renewable-tender-tracker/Python/connectors/base.py", line 50, in run
    result.records = self.parse(self.fetch())
                                ^^^^^^^^^^^^
  File "/home/runner/work/Renewable-tender-tracker/Renewable-tender-tracker/Python/connectors/base.py", line 45, in fetch
    return get_text(self.source_url)
           ^^^^^^^^^^^^^^^^^^^^^^^^^
  File "/home/runner/work/Renewable-tender-tracker/Renewable-tender-tracker/Python/core/http.py", line 21, in get_text
    raise RuntimeError(f"Unable to fetch {url}: {last_error}")
RuntimeError: Unable to fetch https://ntpctender.ntpc.co.in/Index/Search?Region=10&Type=Reg: 404 Client Error: Not Found for url: https://ntpctender.ntpc.co.in/Index/Search?Region=10&Type=Reg
2026-08-17 03:27:50,349 INFO daily_update NTPC REL: 0 accepted; Failed
2026-08-17 03:28:06,598 INFO daily_update NHPC: 0 accepted; Success
2026-08-17 03:28:08,742 INFO daily_update SJVN: 1 accepted; Success
2026-08-17 03:32:46,100 ERROR connector.NLCIL Connector failed
Traceback (most recent call last):
  File "/home/runner/work/Renewable-tender-tracker/Renewable-tender-tracker/Python/connectors/base.py", line 50, in run
    result.records = self.parse(self.fetch())
                                ^^^^^^^^^^^^
  File "/home/runner/work/Renewable-tender-tracker/Renewable-tender-tracker/Python/connectors/base.py", line 45, in fetch
    return get_text(self.source_url)
           ^^^^^^^^^^^^^^^^^^^^^^^^^
  File "/home/runner/work/Renewable-tender-tracker/Renewable-tender-tracker/Python/core/http.py", line 21, in get_text
    raise RuntimeError(f"Unable to fetch {url}: {last_error}")
RuntimeError: Unable to fetch https://www.nlcindia.in/: HTTPSConnectionPool(host='www.nlcindia.in', port=443): Max retries exceeded with url: / (Caused by ConnectTimeoutError(<HTTPSConnection(host='www.nlcindia.in', port=443) at 0x7fb95c595af0>, 'Connection to www.nlcindia.in timed out. (connect timeout=45)'))
2026-08-17 03:32:46,100 INFO daily_update NLCIL: 0 accepted; Failed
2026-08-17 03:32:56,001 ERROR connector.GUVNL (ISTS) Connector failed
Traceback (most recent call last):
  File "/home/runner/work/Renewable-tender-tracker/Renewable-tender-tracker/Python/connectors/base.py", line 50, in run
    result.records = self.parse(self.fetch())
                                ^^^^^^^^^^^^
  File "/home/runner/work/Renewable-tender-tracker/Renewable-tender-tracker/Python/connectors/base.py", line 45, in fetch
    return get_text(self.source_url)
           ^^^^^^^^^^^^^^^^^^^^^^^^^
  File "/home/runner/work/Renewable-tender-tracker/Renewable-tender-tracker/Python/core/http.py", line 21, in get_text
    raise RuntimeError(f"Unable to fetch {url}: {last_error}")
RuntimeError: Unable to fetch https://www.guvnl.com/: HTTPSConnectionPool(host='www.guvnl.com', port=443): Max retries exceeded with url: / (Caused by SSLError(SSLEOFError(8, '[SSL: UNEXPECTED_EOF_WHILE_READING] EOF occurred in violation of protocol (_ssl.c:1010)')))
2026-08-17 03:32:56,001 INFO daily_update GUVNL (ISTS): 0 accepted; Failed
2026-08-17 03:35:18,288 ERROR connector.REMCL Connector failed
Traceback (most recent call last):
  File "/home/runner/work/Renewable-tender-tracker/Renewable-tender-tracker/Python/connectors/base.py", line 50, in run
    result.records = self.parse(self.fetch())
                                ^^^^^^^^^^^^
  File "/home/runner/work/Renewable-tender-tracker/Renewable-tender-tracker/Python/connectors/base.py", line 45, in fetch
    return get_text(self.source_url)
           ^^^^^^^^^^^^^^^^^^^^^^^^^
  File "/home/runner/work/Renewable-tender-tracker/Renewable-tender-tracker/Python/core/http.py", line 21, in get_text
    raise RuntimeError(f"Unable to fetch {url}: {last_error}")
RuntimeError: Unable to fetch https://www.remcl.in/: HTTPSConnectionPool(host='www.remcl.in', port=443): Max retries exceeded with url: / (Caused by ConnectTimeoutError(<HTTPSConnection(host='www.remcl.in', port=443) at 0x7fb95c597b00>, 'Connection to www.remcl.in timed out. (connect timeout=45)'))
2026-08-17 03:35:18,290 INFO daily_update REMCL: 0 accepted; Failed
2026-08-17 03:35:20,410 INFO daily_update RUVNL: 0 accepted; Success
2026-08-17 03:35:21,713 INFO daily_update RVPN: 0 accepted; Success
2026-08-17 03:35:22,727 INFO daily_update KREDL: 0 accepted; Success
2026-08-17 03:37:45,294 ERROR connector.KPTCL Connector failed
Traceback (most recent call last):
  File "/home/runner/work/Renewable-tender-tracker/Renewable-tender-tracker/Python/connectors/base.py", line 50, in run
    result.records = self.parse(self.fetch())
                                ^^^^^^^^^^^^
  File "/home/runner/work/Renewable-tender-tracker/Renewable-tender-tracker/Python/connectors/base.py", line 45, in fetch
    return get_text(self.source_url)
           ^^^^^^^^^^^^^^^^^^^^^^^^^
  File "/home/runner/work/Renewable-tender-tracker/Renewable-tender-tracker/Python/core/http.py", line 21, in get_text
    raise RuntimeError(f"Unable to fetch {url}: {last_error}")
RuntimeError: Unable to fetch https://kptcl.karnataka.gov.in/: HTTPSConnectionPool(host='kptcl.karnataka.gov.in', port=443): Max retries exceeded with url: / (Caused by ConnectTimeoutError(<HTTPSConnection(host='kptcl.karnataka.gov.in', port=443) at 0x7fb95c4b7e60>, 'Connection to kptcl.karnataka.gov.in timed out. (connect timeout=45)'))
2026-08-17 03:37:45,295 INFO daily_update KPTCL: 0 accepted; Failed
2026-08-17 03:37:53,467 ERROR connector.KPCL Connector failed
Traceback (most recent call last):
  File "/home/runner/work/Renewable-tender-tracker/Renewable-tender-tracker/Python/connectors/base.py", line 50, in run
    result.records = self.parse(self.fetch())
                                ^^^^^^^^^^^^
  File "/home/runner/work/Renewable-tender-tracker/Renewable-tender-tracker/Python/connectors/base.py", line 45, in fetch
    return get_text(self.source_url)
           ^^^^^^^^^^^^^^^^^^^^^^^^^
  File "/home/runner/work/Renewable-tender-tracker/Renewable-tender-tracker/Python/core/http.py", line 21, in get_text
    raise RuntimeError(f"Unable to fetch {url}: {last_error}")
RuntimeError: Unable to fetch https://karnatakapower.com/: HTTPSConnectionPool(host='karnatakapower.com', port=443): Max retries exceeded with url: / (Caused by SSLError(SSLCertVerificationError(1, "[SSL: CERTIFICATE_VERIFY_FAILED] certificate verify failed: Hostname mismatch, certificate is not valid for 'karnatakapower.com'. (_ssl.c:1010)")))
2026-08-17 03:37:53,467 INFO daily_update KPCL: 0 accepted; Failed
2026-08-17 03:37:55,300 INFO daily_update MPUVNL: 0 accepted; Success
2026-08-17 03:37:55,839 INFO daily_update MPPMCL: 0 accepted; Success
2026-08-17 03:38:03,624 ERROR connector.MP Urja Vikas Nigam Connector failed
Traceback (most recent call last):
  File "/home/runner/work/Renewable-tender-tracker/Renewable-tender-tracker/Python/connectors/base.py", line 50, in run
    result.records = self.parse(self.fetch())
                                ^^^^^^^^^^^^
  File "/home/runner/work/Renewable-tender-tracker/Renewable-tender-tracker/Python/connectors/base.py", line 45, in fetch
    return get_text(self.source_url)
           ^^^^^^^^^^^^^^^^^^^^^^^^^
  File "/home/runner/work/Renewable-tender-tracker/Renewable-tender-tracker/Python/core/http.py", line 21, in get_text
    raise RuntimeError(f"Unable to fetch {url}: {last_error}")
RuntimeError: Unable to fetch https://www.mprenewable.nic.in/: HTTPSConnectionPool(host='www.mprenewable.nic.in', port=443): Max retries exceeded with url: / (Caused by NameResolutionError("HTTPSConnection(host='www.mprenewable.nic.in', port=443): Failed to resolve 'www.mprenewable.nic.in' ([Errno -2] Name or service not known)"))
2026-08-17 03:38:03,625 INFO daily_update MP Urja Vikas Nigam: 0 accepted; Failed
2026-08-17 03:38:08,728 INFO daily_update MSEDCL: 0 accepted; Success
2026-08-17 03:38:10,586 INFO daily_update MAHAGENCO: 0 accepted; Success
2026-08-17 03:38:20,498 ERROR connector.GUVNL Connector failed
Traceback (most recent call last):
  File "/home/runner/work/Renewable-tender-tracker/Renewable-tender-tracker/Python/connectors/base.py", line 50, in run
    result.records = self.parse(self.fetch())
                                ^^^^^^^^^^^^
  File "/home/runner/work/Renewable-tender-tracker/Renewable-tender-tracker/Python/connectors/base.py", line 45, in fetch
    return get_text(self.source_url)
           ^^^^^^^^^^^^^^^^^^^^^^^^^
  File "/home/runner/work/Renewable-tender-tracker/Renewable-tender-tracker/Python/core/http.py", line 21, in get_text
    raise RuntimeError(f"Unable to fetch {url}: {last_error}")
RuntimeError: Unable to fetch https://www.guvnl.com/: HTTPSConnectionPool(host='www.guvnl.com', port=443): Max retries exceeded with url: / (Caused by SSLError(SSLEOFError(8, '[SSL: UNEXPECTED_EOF_WHILE_READING] EOF occurred in violation of protocol (_ssl.c:1010)')))
2026-08-17 03:38:20,498 INFO daily_update GUVNL: 0 accepted; Failed
2026-08-17 03:40:43,655 ERROR connector.GPCL Connector failed
Traceback (most recent call last):
  File "/home/runner/work/Renewable-tender-tracker/Renewable-tender-tracker/Python/connectors/base.py", line 50, in run
    result.records = self.parse(self.fetch())
                                ^^^^^^^^^^^^
  File "/home/runner/work/Renewable-tender-tracker/Renewable-tender-tracker/Python/connectors/base.py", line 45, in fetch
    return get_text(self.source_url)
           ^^^^^^^^^^^^^^^^^^^^^^^^^
  File "/home/runner/work/Renewable-tender-tracker/Renewable-tender-tracker/Python/core/http.py", line 21, in get_text
    raise RuntimeError(f"Unable to fetch {url}: {last_error}")
RuntimeError: Unable to fetch https://gpcl.gujarat.gov.in/: HTTPSConnectionPool(host='gpcl.gujarat.gov.in', port=443): Read timed out. (read timeout=45)
2026-08-17 03:40:43,655 INFO daily_update GPCL: 0 accepted; Failed
2026-08-17 03:40:44,941 INFO daily_update APSPDCL: 0 accepted; Success
2026-08-17 03:40:46,933 INFO daily_update APGENCO: 0 accepted; Success
2026-08-17 03:40:55,704 ERROR connector.NREDCAP Connector failed
Traceback (most recent call last):
  File "/home/runner/work/Renewable-tender-tracker/Renewable-tender-tracker/Python/connectors/base.py", line 50, in run
    result.records = self.parse(self.fetch())
                                ^^^^^^^^^^^^
  File "/home/runner/work/Renewable-tender-tracker/Renewable-tender-tracker/Python/connectors/base.py", line 45, in fetch
    return get_text(self.source_url)
           ^^^^^^^^^^^^^^^^^^^^^^^^^
  File "/home/runner/work/Renewable-tender-tracker/Renewable-tender-tracker/Python/core/http.py", line 21, in get_text
    raise RuntimeError(f"Unable to fetch {url}: {last_error}")
RuntimeError: Unable to fetch https://nredcap.in/: HTTPSConnectionPool(host='nredcap.in', port=443): Max retries exceeded with url: / (Caused by SSLError(SSLCertVerificationError(1, '[SSL: CERTIFICATE_VERIFY_FAILED] certificate verify failed: unable to get local issuer certificate (_ssl.c:1010)')))
2026-08-17 03:40:55,704 INFO daily_update NREDCAP: 0 accepted; Failed
2026-08-17 03:41:04,262 ERROR connector.TGNPDCL Connector failed
Traceback (most recent call last):
  File "/home/runner/work/Renewable-tender-tracker/Renewable-tender-tracker/Python/connectors/base.py", line 50, in run
    result.records = self.parse(self.fetch())
                                ^^^^^^^^^^^^
  File "/home/runner/work/Renewable-tender-tracker/Renewable-tender-tracker/Python/connectors/base.py", line 45, in fetch
    return get_text(self.source_url)
           ^^^^^^^^^^^^^^^^^^^^^^^^^
  File "/home/runner/work/Renewable-tender-tracker/Renewable-tender-tracker/Python/core/http.py", line 21, in get_text
    raise RuntimeError(f"Unable to fetch {url}: {last_error}")
RuntimeError: Unable to fetch https://tgnpdcl.com/: HTTPSConnectionPool(host='tgnpdcl.com', port=443): Max retries exceeded with url: / (Caused by SSLError(SSLError(1, '[SSL: SSLV3_ALERT_HANDSHAKE_FAILURE] sslv3 alert handshake failure (_ssl.c:1010)')))
2026-08-17 03:41:04,262 INFO daily_update TGNPDCL: 0 accepted; Failed
2026-08-17 03:41:05,262 INFO daily_update TSSPDCL: 0 accepted; Success
2026-08-17 03:41:40,254 ERROR connector.TNGECL Connector failed
Traceback (most recent call last):
  File "/home/runner/work/Renewable-tender-tracker/Renewable-tender-tracker/Python/connectors/base.py", line 50, in run
    result.records = self.parse(self.fetch())
                                ^^^^^^^^^^^^
  File "/home/runner/work/Renewable-tender-tracker/Renewable-tender-tracker/Python/connectors/base.py", line 45, in fetch
    return get_text(self.source_url)
           ^^^^^^^^^^^^^^^^^^^^^^^^^
  File "/home/runner/work/Renewable-tender-tracker/Renewable-tender-tracker/Python/core/http.py", line 21, in get_text
    raise RuntimeError(f"Unable to fetch {url}: {last_error}")
RuntimeError: Unable to fetch https://www.tangedco.gov.in/: HTTPSConnectionPool(host='www.tangedco.gov.in', port=443): Max retries exceeded with url: / (Caused by NameResolutionError("HTTPSConnection(host='www.tangedco.gov.in', port=443): Failed to resolve 'www.tangedco.gov.in' ([Errno -3] Temporary failure in name resolution)"))
2026-08-17 03:41:40,254 INFO daily_update TNGECL: 0 accepted; Failed
2026-08-17 03:42:15,537 ERROR connector.TANTRANSCO Connector failed
Traceback (most recent call last):
  File "/home/runner/work/Renewable-tender-tracker/Renewable-tender-tracker/Python/connectors/base.py", line 50, in run
    result.records = self.parse(self.fetch())
                                ^^^^^^^^^^^^
  File "/home/runner/work/Renewable-tender-tracker/Renewable-tender-tracker/Python/connectors/base.py", line 45, in fetch
    return get_text(self.source_url)
           ^^^^^^^^^^^^^^^^^^^^^^^^^
  File "/home/runner/work/Renewable-tender-tracker/Renewable-tender-tracker/Python/core/http.py", line 21, in get_text
    raise RuntimeError(f"Unable to fetch {url}: {last_error}")
RuntimeError: Unable to fetch https://www.tantransco.gov.in/: HTTPSConnectionPool(host='www.tantransco.gov.in', port=443): Max retries exceeded with url: / (Caused by NameResolutionError("HTTPSConnection(host='www.tantransco.gov.in', port=443): Failed to resolve 'www.tantransco.gov.in' ([Errno -3] Temporary failure in name resolution)"))
2026-08-17 03:42:15,538 INFO daily_update TANTRANSCO: 0 accepted; Failed
2026-08-17 03:42:17,238 INFO daily_update GRIDCO: 2 accepted; Success
2026-08-17 03:42:19,203 INFO daily_update HAREDA: 0 accepted; Success
2026-08-17 03:42:23,158 INFO daily_update PSPCL: 0 accepted; Success
2026-08-17 03:44:45,450 ERROR connector.UPNEDA Connector failed
Traceback (most recent call last):
  File "/home/runner/work/Renewable-tender-tracker/Renewable-tender-tracker/Python/connectors/base.py", line 50, in run
    result.records = self.parse(self.fetch())
                                ^^^^^^^^^^^^
  File "/home/runner/work/Renewable-tender-tracker/Renewable-tender-tracker/Python/connectors/portals.py", line 24, in fetch
    return super().fetch()
           ^^^^^^^^^^^^^^^
  File "/home/runner/work/Renewable-tender-tracker/Renewable-tender-tracker/Python/connectors/base.py", line 45, in fetch
    return get_text(self.source_url)
           ^^^^^^^^^^^^^^^^^^^^^^^^^
  File "/home/runner/work/Renewable-tender-tracker/Renewable-tender-tracker/Python/core/http.py", line 21, in get_text
    raise RuntimeError(f"Unable to fetch {url}: {last_error}")
RuntimeError: Unable to fetch https://upneda.org.in/: HTTPSConnectionPool(host='upneda.org.in', port=443): Max retries exceeded with url: / (Caused by ConnectTimeoutError(<HTTPSConnection(host='upneda.org.in', port=443) at 0x7fb95e1b2ed0>, 'Connection to upneda.org.in timed out. (connect timeout=45)'))
2026-08-17 03:44:45,451 INFO daily_update UPNEDA: 0 accepted; Failed
2026-08-17 03:44:46,550 INFO daily_update BSPHCL: 0 accepted; Success
2026-08-18 03:23:01,301 INFO daily_update SECI: 9 accepted; Success
2026-08-18 03:23:02,584 INFO daily_update NTPC REL: 0 accepted; Success
2026-08-18 03:23:18,065 INFO daily_update NHPC: 0 accepted; Success
2026-08-18 03:23:20,173 INFO daily_update SJVN: 1 accepted; Success
2026-08-18 03:27:57,539 ERROR connector.NLCIL Connector failed
Traceback (most recent call last):
  File "/home/runner/work/Renewable-tender-tracker/Renewable-tender-tracker/Python/connectors/base.py", line 50, in run
    result.records = self.parse(self.fetch())
                                ^^^^^^^^^^^^
  File "/home/runner/work/Renewable-tender-tracker/Renewable-tender-tracker/Python/connectors/base.py", line 45, in fetch
    return get_text(self.source_url)
           ^^^^^^^^^^^^^^^^^^^^^^^^^
  File "/home/runner/work/Renewable-tender-tracker/Renewable-tender-tracker/Python/core/http.py", line 21, in get_text
    raise RuntimeError(f"Unable to fetch {url}: {last_error}")
RuntimeError: Unable to fetch https://www.nlcindia.in/: HTTPSConnectionPool(host='www.nlcindia.in', port=443): Max retries exceeded with url: / (Caused by ConnectTimeoutError(<HTTPSConnection(host='www.nlcindia.in', port=443) at 0x7ff6a30c3590>, 'Connection to www.nlcindia.in timed out. (connect timeout=45)'))
2026-08-18 03:27:57,540 INFO daily_update NLCIL: 0 accepted; Failed
2026-08-18 03:28:07,542 ERROR connector.GUVNL (ISTS) Connector failed
Traceback (most recent call last):
  File "/home/runner/work/Renewable-tender-tracker/Renewable-tender-tracker/Python/connectors/base.py", line 50, in run
    result.records = self.parse(self.fetch())
                                ^^^^^^^^^^^^
  File "/home/runner/work/Renewable-tender-tracker/Renewable-tender-tracker/Python/connectors/base.py", line 45, in fetch
    return get_text(self.source_url)
           ^^^^^^^^^^^^^^^^^^^^^^^^^
  File "/home/runner/work/Renewable-tender-tracker/Renewable-tender-tracker/Python/core/http.py", line 21, in get_text
    raise RuntimeError(f"Unable to fetch {url}: {last_error}")
RuntimeError: Unable to fetch https://www.guvnl.com/: HTTPSConnectionPool(host='www.guvnl.com', port=443): Max retries exceeded with url: / (Caused by SSLError(SSLEOFError(8, '[SSL: UNEXPECTED_EOF_WHILE_READING] EOF occurred in violation of protocol (_ssl.c:1010)')))
2026-08-18 03:28:07,543 INFO daily_update GUVNL (ISTS): 0 accepted; Failed
2026-08-18 03:30:29,800 ERROR connector.REMCL Connector failed
Traceback (most recent call last):
  File "/home/runner/work/Renewable-tender-tracker/Renewable-tender-tracker/Python/connectors/base.py", line 50, in run
    result.records = self.parse(self.fetch())
                                ^^^^^^^^^^^^
  File "/home/runner/work/Renewable-tender-tracker/Renewable-tender-tracker/Python/connectors/base.py", line 45, in fetch
    return get_text(self.source_url)
           ^^^^^^^^^^^^^^^^^^^^^^^^^
  File "/home/runner/work/Renewable-tender-tracker/Renewable-tender-tracker/Python/core/http.py", line 21, in get_text
    raise RuntimeError(f"Unable to fetch {url}: {last_error}")
RuntimeError: Unable to fetch https://www.remcl.in/: HTTPSConnectionPool(host='www.remcl.in', port=443): Max retries exceeded with url: / (Caused by ConnectTimeoutError(<HTTPSConnection(host='www.remcl.in', port=443) at 0x7ff6a30f9f10>, 'Connection to www.remcl.in timed out. (connect timeout=45)'))
2026-08-18 03:30:29,801 INFO daily_update REMCL: 0 accepted; Failed
2026-08-18 03:30:31,838 INFO daily_update RUVNL: 0 accepted; Success
2026-08-18 03:32:55,059 ERROR connector.RVPN Connector failed
Traceback (most recent call last):
  File "/home/runner/work/Renewable-tender-tracker/Renewable-tender-tracker/Python/connectors/base.py", line 50, in run
    result.records = self.parse(self.fetch())
                                ^^^^^^^^^^^^
  File "/home/runner/work/Renewable-tender-tracker/Renewable-tender-tracker/Python/connectors/base.py", line 45, in fetch
    return get_text(self.source_url)
           ^^^^^^^^^^^^^^^^^^^^^^^^^
  File "/home/runner/work/Renewable-tender-tracker/Renewable-tender-tracker/Python/core/http.py", line 21, in get_text
    raise RuntimeError(f"Unable to fetch {url}: {last_error}")
RuntimeError: Unable to fetch https://energy.rajasthan.gov.in/rvpnl: HTTPSConnectionPool(host='energy.rajasthan.gov.in', port=443): Max retries exceeded with url: /rvpnl (Caused by ConnectTimeoutError(<HTTPSConnection(host='energy.rajasthan.gov.in', port=443) at 0x7ff6a2ff2990>, 'Connection to energy.rajasthan.gov.in timed out. (connect timeout=45)'))
2026-08-18 03:32:55,059 INFO daily_update RVPN: 0 accepted; Failed
2026-08-18 03:32:56,070 INFO daily_update KREDL: 0 accepted; Success
2026-08-18 03:35:19,118 ERROR connector.KPTCL Connector failed
Traceback (most recent call last):
  File "/home/runner/work/Renewable-tender-tracker/Renewable-tender-tracker/Python/connectors/base.py", line 50, in run
    result.records = self.parse(self.fetch())
                                ^^^^^^^^^^^^
  File "/home/runner/work/Renewable-tender-tracker/Renewable-tender-tracker/Python/connectors/base.py", line 45, in fetch
    return get_text(self.source_url)
           ^^^^^^^^^^^^^^^^^^^^^^^^^
  File "/home/runner/work/Renewable-tender-tracker/Renewable-tender-tracker/Python/core/http.py", line 21, in get_text
    raise RuntimeError(f"Unable to fetch {url}: {last_error}")
RuntimeError: Unable to fetch https://kptcl.karnataka.gov.in/: HTTPSConnectionPool(host='kptcl.karnataka.gov.in', port=443): Max retries exceeded with url: / (Caused by ConnectTimeoutError(<HTTPSConnection(host='kptcl.karnataka.gov.in', port=443) at 0x7ff6a2ff3e60>, 'Connection to kptcl.karnataka.gov.in timed out. (connect timeout=45)'))
2026-08-18 03:35:19,118 INFO daily_update KPTCL: 0 accepted; Failed
2026-08-18 03:35:27,185 ERROR connector.KPCL Connector failed
Traceback (most recent call last):
  File "/home/runner/work/Renewable-tender-tracker/Renewable-tender-tracker/Python/connectors/base.py", line 50, in run
    result.records = self.parse(self.fetch())
                                ^^^^^^^^^^^^
  File "/home/runner/work/Renewable-tender-tracker/Renewable-tender-tracker/Python/connectors/base.py", line 45, in fetch
    return get_text(self.source_url)
           ^^^^^^^^^^^^^^^^^^^^^^^^^
  File "/home/runner/work/Renewable-tender-tracker/Renewable-tender-tracker/Python/core/http.py", line 21, in get_text
    raise RuntimeError(f"Unable to fetch {url}: {last_error}")
RuntimeError: Unable to fetch https://karnatakapower.com/: HTTPSConnectionPool(host='karnatakapower.com', port=443): Max retries exceeded with url: / (Caused by SSLError(SSLCertVerificationError(1, "[SSL: CERTIFICATE_VERIFY_FAILED] certificate verify failed: Hostname mismatch, certificate is not valid for 'karnatakapower.com'. (_ssl.c:1010)")))
2026-08-18 03:35:27,185 INFO daily_update KPCL: 0 accepted; Failed
2026-08-18 03:35:28,941 INFO daily_update MPUVNL: 0 accepted; Success
2026-08-18 03:35:29,479 INFO daily_update MPPMCL: 0 accepted; Success
2026-08-18 03:35:37,203 ERROR connector.MP Urja Vikas Nigam Connector failed
Traceback (most recent call last):
  File "/home/runner/work/Renewable-tender-tracker/Renewable-tender-tracker/Python/connectors/base.py", line 50, in run
    result.records = self.parse(self.fetch())
                                ^^^^^^^^^^^^
  File "/home/runner/work/Renewable-tender-tracker/Renewable-tender-tracker/Python/connectors/base.py", line 45, in fetch
    return get_text(self.source_url)
           ^^^^^^^^^^^^^^^^^^^^^^^^^
  File "/home/runner/work/Renewable-tender-tracker/Renewable-tender-tracker/Python/core/http.py", line 21, in get_text
    raise RuntimeError(f"Unable to fetch {url}: {last_error}")
RuntimeError: Unable to fetch https://www.mprenewable.nic.in/: HTTPSConnectionPool(host='www.mprenewable.nic.in', port=443): Max retries exceeded with url: / (Caused by NameResolutionError("HTTPSConnection(host='www.mprenewable.nic.in', port=443): Failed to resolve 'www.mprenewable.nic.in' ([Errno -2] Name or service not known)"))
2026-08-18 03:35:37,204 INFO daily_update MP Urja Vikas Nigam: 0 accepted; Failed
2026-08-18 03:35:42,245 INFO daily_update MSEDCL: 0 accepted; Success
2026-08-18 03:35:44,069 INFO daily_update MAHAGENCO: 0 accepted; Success
2026-08-18 03:35:54,026 ERROR connector.GUVNL Connector failed
Traceback (most recent call last):
  File "/home/runner/work/Renewable-tender-tracker/Renewable-tender-tracker/Python/connectors/base.py", line 50, in run
    result.records = self.parse(self.fetch())
                                ^^^^^^^^^^^^
  File "/home/runner/work/Renewable-tender-tracker/Renewable-tender-tracker/Python/connectors/base.py", line 45, in fetch
    return get_text(self.source_url)
           ^^^^^^^^^^^^^^^^^^^^^^^^^
  File "/home/runner/work/Renewable-tender-tracker/Renewable-tender-tracker/Python/core/http.py", line 21, in get_text
    raise RuntimeError(f"Unable to fetch {url}: {last_error}")
RuntimeError: Unable to fetch https://www.guvnl.com/: HTTPSConnectionPool(host='www.guvnl.com', port=443): Max retries exceeded with url: / (Caused by SSLError(SSLEOFError(8, '[SSL: UNEXPECTED_EOF_WHILE_READING] EOF occurred in violation of protocol (_ssl.c:1010)')))
2026-08-18 03:35:54,027 INFO daily_update GUVNL: 0 accepted; Failed
2026-08-18 03:38:17,139 ERROR connector.GPCL Connector failed
Traceback (most recent call last):
  File "/home/runner/work/Renewable-tender-tracker/Renewable-tender-tracker/Python/connectors/base.py", line 50, in run
    result.records = self.parse(self.fetch())
                                ^^^^^^^^^^^^
  File "/home/runner/work/Renewable-tender-tracker/Renewable-tender-tracker/Python/connectors/base.py", line 45, in fetch
    return get_text(self.source_url)
           ^^^^^^^^^^^^^^^^^^^^^^^^^
  File "/home/runner/work/Renewable-tender-tracker/Renewable-tender-tracker/Python/core/http.py", line 21, in get_text
    raise RuntimeError(f"Unable to fetch {url}: {last_error}")
RuntimeError: Unable to fetch https://gpcl.gujarat.gov.in/: HTTPSConnectionPool(host='gpcl.gujarat.gov.in', port=443): Read timed out. (read timeout=45)
2026-08-18 03:38:17,140 INFO daily_update GPCL: 0 accepted; Failed
2026-08-18 03:38:18,353 INFO daily_update APSPDCL: 0 accepted; Success
2026-08-18 03:38:30,531 INFO daily_update APGENCO: 0 accepted; Success
2026-08-18 03:38:39,463 ERROR connector.NREDCAP Connector failed
Traceback (most recent call last):
  File "/home/runner/work/Renewable-tender-tracker/Renewable-tender-tracker/Python/connectors/base.py", line 50, in run
    result.records = self.parse(self.fetch())
                                ^^^^^^^^^^^^
  File "/home/runner/work/Renewable-tender-tracker/Renewable-tender-tracker/Python/connectors/base.py", line 45, in fetch
    return get_text(self.source_url)
           ^^^^^^^^^^^^^^^^^^^^^^^^^
  File "/home/runner/work/Renewable-tender-tracker/Renewable-tender-tracker/Python/core/http.py", line 21, in get_text
    raise RuntimeError(f"Unable to fetch {url}: {last_error}")
RuntimeError: Unable to fetch https://nredcap.in/: HTTPSConnectionPool(host='nredcap.in', port=443): Max retries exceeded with url: / (Caused by SSLError(SSLCertVerificationError(1, '[SSL: CERTIFICATE_VERIFY_FAILED] certificate verify failed: unable to get local issuer certificate (_ssl.c:1010)')))
2026-08-18 03:38:39,464 INFO daily_update NREDCAP: 0 accepted; Failed
2026-08-18 03:38:48,227 ERROR connector.TGNPDCL Connector failed
Traceback (most recent call last):
  File "/home/runner/work/Renewable-tender-tracker/Renewable-tender-tracker/Python/connectors/base.py", line 50, in run
    result.records = self.parse(self.fetch())
                                ^^^^^^^^^^^^
  File "/home/runner/work/Renewable-tender-tracker/Renewable-tender-tracker/Python/connectors/base.py", line 45, in fetch
    return get_text(self.source_url)
           ^^^^^^^^^^^^^^^^^^^^^^^^^
  File "/home/runner/work/Renewable-tender-tracker/Renewable-tender-tracker/Python/core/http.py", line 21, in get_text
    raise RuntimeError(f"Unable to fetch {url}: {last_error}")
RuntimeError: Unable to fetch https://tgnpdcl.com/: HTTPSConnectionPool(host='tgnpdcl.com', port=443): Max retries exceeded with url: / (Caused by SSLError(SSLError(1, '[SSL: SSLV3_ALERT_HANDSHAKE_FAILURE] sslv3 alert handshake failure (_ssl.c:1010)')))
2026-08-18 03:38:48,227 INFO daily_update TGNPDCL: 0 accepted; Failed
2026-08-18 03:38:49,278 INFO daily_update TSSPDCL: 0 accepted; Success
2026-08-18 03:39:26,321 ERROR connector.TNGECL Connector failed
Traceback (most recent call last):
  File "/home/runner/work/Renewable-tender-tracker/Renewable-tender-tracker/Python/connectors/base.py", line 50, in run
    result.records = self.parse(self.fetch())
                                ^^^^^^^^^^^^
  File "/home/runner/work/Renewable-tender-tracker/Renewable-tender-tracker/Python/connectors/base.py", line 45, in fetch
    return get_text(self.source_url)
           ^^^^^^^^^^^^^^^^^^^^^^^^^
  File "/home/runner/work/Renewable-tender-tracker/Renewable-tender-tracker/Python/core/http.py", line 21, in get_text
    raise RuntimeError(f"Unable to fetch {url}: {last_error}")
RuntimeError: Unable to fetch https://www.tangedco.gov.in/: HTTPSConnectionPool(host='www.tangedco.gov.in', port=443): Max retries exceeded with url: / (Caused by NameResolutionError("HTTPSConnection(host='www.tangedco.gov.in', port=443): Failed to resolve 'www.tangedco.gov.in' ([Errno -3] Temporary failure in name resolution)"))
2026-08-18 03:39:26,321 INFO daily_update TNGECL: 0 accepted; Failed
2026-08-18 03:40:03,380 ERROR connector.TANTRANSCO Connector failed
Traceback (most recent call last):
  File "/home/runner/work/Renewable-tender-tracker/Renewable-tender-tracker/Python/connectors/base.py", line 50, in run
    result.records = self.parse(self.fetch())
                                ^^^^^^^^^^^^
  File "/home/runner/work/Renewable-tender-tracker/Renewable-tender-tracker/Python/connectors/base.py", line 45, in fetch
    return get_text(self.source_url)
           ^^^^^^^^^^^^^^^^^^^^^^^^^
  File "/home/runner/work/Renewable-tender-tracker/Renewable-tender-tracker/Python/core/http.py", line 21, in get_text
    raise RuntimeError(f"Unable to fetch {url}: {last_error}")
RuntimeError: Unable to fetch https://www.tantransco.gov.in/: HTTPSConnectionPool(host='www.tantransco.gov.in', port=443): Max retries exceeded with url: / (Caused by NameResolutionError("HTTPSConnection(host='www.tantransco.gov.in', port=443): Failed to resolve 'www.tantransco.gov.in' ([Errno -3] Temporary failure in name resolution)"))
2026-08-18 03:40:03,381 INFO daily_update TANTRANSCO: 0 accepted; Failed
2026-08-18 03:40:04,990 INFO daily_update GRIDCO: 2 accepted; Success
2026-08-18 03:40:07,109 INFO daily_update HAREDA: 0 accepted; Success
2026-08-18 03:40:10,616 INFO daily_update PSPCL: 0 accepted; Success
2026-08-18 03:42:32,928 ERROR connector.UPNEDA Connector failed
Traceback (most recent call last):
  File "/home/runner/work/Renewable-tender-tracker/Renewable-tender-tracker/Python/connectors/base.py", line 50, in run
    result.records = self.parse(self.fetch())
                                ^^^^^^^^^^^^
  File "/home/runner/work/Renewable-tender-tracker/Renewable-tender-tracker/Python/connectors/portals.py", line 24, in fetch
    return super().fetch()
           ^^^^^^^^^^^^^^^
  File "/home/runner/work/Renewable-tender-tracker/Renewable-tender-tracker/Python/connectors/base.py", line 45, in fetch
    return get_text(self.source_url)
           ^^^^^^^^^^^^^^^^^^^^^^^^^
  File "/home/runner/work/Renewable-tender-tracker/Renewable-tender-tracker/Python/core/http.py", line 21, in get_text
    raise RuntimeError(f"Unable to fetch {url}: {last_error}")
RuntimeError: Unable to fetch https://upneda.org.in/: HTTPSConnectionPool(host='upneda.org.in', port=443): Max retries exceeded with url: / (Caused by ConnectTimeoutError(<HTTPSConnection(host='upneda.org.in', port=443) at 0x7ff6a3cec680>, 'Connection to upneda.org.in timed out. (connect timeout=45)'))
2026-08-18 03:42:32,929 INFO daily_update UPNEDA: 0 accepted; Failed
2026-08-18 03:42:34,049 INFO daily_update BSPHCL: 0 accepted; Success
2026-08-19 03:24:46,659 INFO daily_update SECI: 9 accepted; Success
2026-08-19 03:24:47,989 INFO daily_update NTPC REL: 0 accepted; Success
2026-08-19 03:25:02,929 INFO daily_update NHPC: 0 accepted; Success
2026-08-19 03:25:04,555 INFO daily_update SJVN: 1 accepted; Success
2026-08-19 03:29:41,944 ERROR connector.NLCIL Connector failed
Traceback (most recent call last):
  File "/home/runner/work/Renewable-tender-tracker/Renewable-tender-tracker/Python/connectors/base.py", line 50, in run
    result.records = self.parse(self.fetch())
                                ^^^^^^^^^^^^
  File "/home/runner/work/Renewable-tender-tracker/Renewable-tender-tracker/Python/connectors/base.py", line 45, in fetch
    return get_text(self.source_url)
           ^^^^^^^^^^^^^^^^^^^^^^^^^
  File "/home/runner/work/Renewable-tender-tracker/Renewable-tender-tracker/Python/core/http.py", line 21, in get_text
    raise RuntimeError(f"Unable to fetch {url}: {last_error}")
RuntimeError: Unable to fetch https://www.nlcindia.in/: HTTPSConnectionPool(host='www.nlcindia.in', port=443): Max retries exceeded with url: / (Caused by ConnectTimeoutError(<HTTPSConnection(host='www.nlcindia.in', port=443) at 0x7f5423ab08c0>, 'Connection to www.nlcindia.in timed out. (connect timeout=45)'))
2026-08-19 03:29:41,944 INFO daily_update NLCIL: 0 accepted; Failed
2026-08-19 03:29:51,613 ERROR connector.GUVNL (ISTS) Connector failed
Traceback (most recent call last):
  File "/home/runner/work/Renewable-tender-tracker/Renewable-tender-tracker/Python/connectors/base.py", line 50, in run
    result.records = self.parse(self.fetch())
                                ^^^^^^^^^^^^
  File "/home/runner/work/Renewable-tender-tracker/Renewable-tender-tracker/Python/connectors/base.py", line 45, in fetch
    return get_text(self.source_url)
           ^^^^^^^^^^^^^^^^^^^^^^^^^
  File "/home/runner/work/Renewable-tender-tracker/Renewable-tender-tracker/Python/core/http.py", line 21, in get_text
    raise RuntimeError(f"Unable to fetch {url}: {last_error}")
RuntimeError: Unable to fetch https://www.guvnl.com/: HTTPSConnectionPool(host='www.guvnl.com', port=443): Max retries exceeded with url: / (Caused by SSLError(SSLEOFError(8, '[SSL: UNEXPECTED_EOF_WHILE_READING] EOF occurred in violation of protocol (_ssl.c:1010)')))
2026-08-19 03:29:51,613 INFO daily_update GUVNL (ISTS): 0 accepted; Failed
2026-08-19 03:32:13,889 ERROR connector.REMCL Connector failed
Traceback (most recent call last):
  File "/home/runner/work/Renewable-tender-tracker/Renewable-tender-tracker/Python/connectors/base.py", line 50, in run
    result.records = self.parse(self.fetch())
                                ^^^^^^^^^^^^
  File "/home/runner/work/Renewable-tender-tracker/Renewable-tender-tracker/Python/connectors/base.py", line 45, in fetch
    return get_text(self.source_url)
           ^^^^^^^^^^^^^^^^^^^^^^^^^
  File "/home/runner/work/Renewable-tender-tracker/Renewable-tender-tracker/Python/core/http.py", line 21, in get_text
    raise RuntimeError(f"Unable to fetch {url}: {last_error}")
RuntimeError: Unable to fetch https://www.remcl.in/: HTTPSConnectionPool(host='www.remcl.in', port=443): Max retries exceeded with url: / (Caused by ConnectTimeoutError(<HTTPSConnection(host='www.remcl.in', port=443) at 0x7f5423ab29f0>, 'Connection to www.remcl.in timed out. (connect timeout=45)'))
2026-08-19 03:32:13,890 INFO daily_update REMCL: 0 accepted; Failed
2026-08-19 03:32:17,411 INFO daily_update RUVNL: 0 accepted; Success
2026-08-19 03:32:20,018 INFO daily_update RVPN: 0 accepted; Success
2026-08-19 03:32:20,975 INFO daily_update KREDL: 0 accepted; Success
2026-08-19 03:34:44,322 ERROR connector.KPTCL Connector failed
Traceback (most recent call last):
  File "/home/runner/work/Renewable-tender-tracker/Renewable-tender-tracker/Python/connectors/base.py", line 50, in run
    result.records = self.parse(self.fetch())
                                ^^^^^^^^^^^^
  File "/home/runner/work/Renewable-tender-tracker/Renewable-tender-tracker/Python/connectors/base.py", line 45, in fetch
    return get_text(self.source_url)
           ^^^^^^^^^^^^^^^^^^^^^^^^^
  File "/home/runner/work/Renewable-tender-tracker/Renewable-tender-tracker/Python/core/http.py", line 21, in get_text
    raise RuntimeError(f"Unable to fetch {url}: {last_error}")
RuntimeError: Unable to fetch https://kptcl.karnataka.gov.in/: HTTPSConnectionPool(host='kptcl.karnataka.gov.in', port=443): Max retries exceeded with url: / (Caused by ConnectTimeoutError(<HTTPSConnection(host='kptcl.karnataka.gov.in', port=443) at 0x7f54239bd1f0>, 'Connection to kptcl.karnataka.gov.in timed out. (connect timeout=45)'))
2026-08-19 03:34:44,323 INFO daily_update KPTCL: 0 accepted; Failed
2026-08-19 03:34:51,963 ERROR connector.KPCL Connector failed
Traceback (most recent call last):
  File "/home/runner/work/Renewable-tender-tracker/Renewable-tender-tracker/Python/connectors/base.py", line 50, in run
    result.records = self.parse(self.fetch())
                                ^^^^^^^^^^^^
  File "/home/runner/work/Renewable-tender-tracker/Renewable-tender-tracker/Python/connectors/base.py", line 45, in fetch
    return get_text(self.source_url)
           ^^^^^^^^^^^^^^^^^^^^^^^^^
  File "/home/runner/work/Renewable-tender-tracker/Renewable-tender-tracker/Python/core/http.py", line 21, in get_text
    raise RuntimeError(f"Unable to fetch {url}: {last_error}")
RuntimeError: Unable to fetch https://karnatakapower.com/: HTTPSConnectionPool(host='karnatakapower.com', port=443): Max retries exceeded with url: / (Caused by SSLError(SSLCertVerificationError(1, "[SSL: CERTIFICATE_VERIFY_FAILED] certificate verify failed: Hostname mismatch, certificate is not valid for 'karnatakapower.com'. (_ssl.c:1010)")))
2026-08-19 03:34:51,964 INFO daily_update KPCL: 0 accepted; Failed
2026-08-19 03:34:53,786 INFO daily_update MPUVNL: 0 accepted; Success
2026-08-19 03:34:56,336 INFO daily_update MPPMCL: 0 accepted; Success
2026-08-19 03:35:04,077 ERROR connector.MP Urja Vikas Nigam Connector failed
Traceback (most recent call last):
  File "/home/runner/work/Renewable-tender-tracker/Renewable-tender-tracker/Python/connectors/base.py", line 50, in run
    result.records = self.parse(self.fetch())
                                ^^^^^^^^^^^^
  File "/home/runner/work/Renewable-tender-tracker/Renewable-tender-tracker/Python/connectors/base.py", line 45, in fetch
    return get_text(self.source_url)
           ^^^^^^^^^^^^^^^^^^^^^^^^^
  File "/home/runner/work/Renewable-tender-tracker/Renewable-tender-tracker/Python/core/http.py", line 21, in get_text
    raise RuntimeError(f"Unable to fetch {url}: {last_error}")
RuntimeError: Unable to fetch https://www.mprenewable.nic.in/: HTTPSConnectionPool(host='www.mprenewable.nic.in', port=443): Max retries exceeded with url: / (Caused by NameResolutionError("HTTPSConnection(host='www.mprenewable.nic.in', port=443): Failed to resolve 'www.mprenewable.nic.in' ([Errno -2] Name or service not known)"))
2026-08-19 03:35:04,077 INFO daily_update MP Urja Vikas Nigam: 0 accepted; Failed
2026-08-19 03:35:08,614 INFO daily_update MSEDCL: 0 accepted; Success
2026-08-19 03:35:10,219 INFO daily_update MAHAGENCO: 0 accepted; Success
2026-08-19 03:35:19,891 ERROR connector.GUVNL Connector failed
Traceback (most recent call last):
  File "/home/runner/work/Renewable-tender-tracker/Renewable-tender-tracker/Python/connectors/base.py", line 50, in run
    result.records = self.parse(self.fetch())
                                ^^^^^^^^^^^^
  File "/home/runner/work/Renewable-tender-tracker/Renewable-tender-tracker/Python/connectors/base.py", line 45, in fetch
    return get_text(self.source_url)
           ^^^^^^^^^^^^^^^^^^^^^^^^^
  File "/home/runner/work/Renewable-tender-tracker/Renewable-tender-tracker/Python/core/http.py", line 21, in get_text
    raise RuntimeError(f"Unable to fetch {url}: {last_error}")
RuntimeError: Unable to fetch https://www.guvnl.com/: HTTPSConnectionPool(host='www.guvnl.com', port=443): Max retries exceeded with url: / (Caused by SSLError(SSLEOFError(8, '[SSL: UNEXPECTED_EOF_WHILE_READING] EOF occurred in violation of protocol (_ssl.c:1010)')))
2026-08-19 03:35:19,892 INFO daily_update GUVNL: 0 accepted; Failed
2026-08-19 03:37:42,911 ERROR connector.GPCL Connector failed
Traceback (most recent call last):
  File "/home/runner/work/Renewable-tender-tracker/Renewable-tender-tracker/Python/connectors/base.py", line 50, in run
    result.records = self.parse(self.fetch())
                                ^^^^^^^^^^^^
  File "/home/runner/work/Renewable-tender-tracker/Renewable-tender-tracker/Python/connectors/base.py", line 45, in fetch
    return get_text(self.source_url)
           ^^^^^^^^^^^^^^^^^^^^^^^^^
  File "/home/runner/work/Renewable-tender-tracker/Renewable-tender-tracker/Python/core/http.py", line 21, in get_text
    raise RuntimeError(f"Unable to fetch {url}: {last_error}")
RuntimeError: Unable to fetch https://gpcl.gujarat.gov.in/: HTTPSConnectionPool(host='gpcl.gujarat.gov.in', port=443): Read timed out. (read timeout=45)
2026-08-19 03:37:42,911 INFO daily_update GPCL: 0 accepted; Failed
2026-08-19 03:37:44,171 INFO daily_update APSPDCL: 0 accepted; Success
2026-08-19 03:37:49,417 INFO daily_update APGENCO: 0 accepted; Success
2026-08-19 03:37:58,150 ERROR connector.NREDCAP Connector failed
Traceback (most recent call last):
  File "/home/runner/work/Renewable-tender-tracker/Renewable-tender-tracker/Python/connectors/base.py", line 50, in run
    result.records = self.parse(self.fetch())
                                ^^^^^^^^^^^^
  File "/home/runner/work/Renewable-tender-tracker/Renewable-tender-tracker/Python/connectors/base.py", line 45, in fetch
    return get_text(self.source_url)
           ^^^^^^^^^^^^^^^^^^^^^^^^^
  File "/home/runner/work/Renewable-tender-tracker/Renewable-tender-tracker/Python/core/http.py", line 21, in get_text
    raise RuntimeError(f"Unable to fetch {url}: {last_error}")
RuntimeError: Unable to fetch https://nredcap.in/: HTTPSConnectionPool(host='nredcap.in', port=443): Max retries exceeded with url: / (Caused by SSLError(SSLCertVerificationError(1, '[SSL: CERTIFICATE_VERIFY_FAILED] certificate verify failed: unable to get local issuer certificate (_ssl.c:1010)')))
2026-08-19 03:37:58,151 INFO daily_update NREDCAP: 0 accepted; Failed
2026-08-19 03:38:06,868 ERROR connector.TGNPDCL Connector failed
Traceback (most recent call last):
  File "/home/runner/work/Renewable-tender-tracker/Renewable-tender-tracker/Python/connectors/base.py", line 50, in run
    result.records = self.parse(self.fetch())
                                ^^^^^^^^^^^^
  File "/home/runner/work/Renewable-tender-tracker/Renewable-tender-tracker/Python/connectors/base.py", line 45, in fetch
    return get_text(self.source_url)
           ^^^^^^^^^^^^^^^^^^^^^^^^^
  File "/home/runner/work/Renewable-tender-tracker/Renewable-tender-tracker/Python/core/http.py", line 21, in get_text
    raise RuntimeError(f"Unable to fetch {url}: {last_error}")
RuntimeError: Unable to fetch https://tgnpdcl.com/: HTTPSConnectionPool(host='tgnpdcl.com', port=443): Max retries exceeded with url: / (Caused by SSLError(SSLError(1, '[SSL: SSLV3_ALERT_HANDSHAKE_FAILURE] sslv3 alert handshake failure (_ssl.c:1010)')))
2026-08-19 03:38:06,868 INFO daily_update TGNPDCL: 0 accepted; Failed
2026-08-19 03:38:07,561 INFO daily_update TSSPDCL: 0 accepted; Success
2026-08-19 03:38:44,616 ERROR connector.TNGECL Connector failed
Traceback (most recent call last):
  File "/home/runner/work/Renewable-tender-tracker/Renewable-tender-tracker/Python/connectors/base.py", line 50, in run
    result.records = self.parse(self.fetch())
                                ^^^^^^^^^^^^
  File "/home/runner/work/Renewable-tender-tracker/Renewable-tender-tracker/Python/connectors/base.py", line 45, in fetch
    return get_text(self.source_url)
           ^^^^^^^^^^^^^^^^^^^^^^^^^
  File "/home/runner/work/Renewable-tender-tracker/Renewable-tender-tracker/Python/core/http.py", line 21, in get_text
    raise RuntimeError(f"Unable to fetch {url}: {last_error}")
RuntimeError: Unable to fetch https://www.tangedco.gov.in/: HTTPSConnectionPool(host='www.tangedco.gov.in', port=443): Max retries exceeded with url: / (Caused by NameResolutionError("HTTPSConnection(host='www.tangedco.gov.in', port=443): Failed to resolve 'www.tangedco.gov.in' ([Errno -3] Temporary failure in name resolution)"))
2026-08-19 03:38:44,617 INFO daily_update TNGECL: 0 accepted; Failed
2026-08-19 03:39:21,673 ERROR connector.TANTRANSCO Connector failed
Traceback (most recent call last):
  File "/home/runner/work/Renewable-tender-tracker/Renewable-tender-tracker/Python/connectors/base.py", line 50, in run
    result.records = self.parse(self.fetch())
                                ^^^^^^^^^^^^
  File "/home/runner/work/Renewable-tender-tracker/Renewable-tender-tracker/Python/connectors/base.py", line 45, in fetch
    return get_text(self.source_url)
           ^^^^^^^^^^^^^^^^^^^^^^^^^
  File "/home/runner/work/Renewable-tender-tracker/Renewable-tender-tracker/Python/core/http.py", line 21, in get_text
    raise RuntimeError(f"Unable to fetch {url}: {last_error}")
RuntimeError: Unable to fetch https://www.tantransco.gov.in/: HTTPSConnectionPool(host='www.tantransco.gov.in', port=443): Max retries exceeded with url: / (Caused by NameResolutionError("HTTPSConnection(host='www.tantransco.gov.in', port=443): Failed to resolve 'www.tantransco.gov.in' ([Errno -3] Temporary failure in name resolution)"))
2026-08-19 03:39:21,673 INFO daily_update TANTRANSCO: 0 accepted; Failed
2026-08-19 03:39:23,238 INFO daily_update GRIDCO: 2 accepted; Success
2026-08-19 03:39:25,263 INFO daily_update HAREDA: 0 accepted; Success
2026-08-19 03:39:28,391 INFO daily_update PSPCL: 0 accepted; Success
2026-08-19 03:41:50,772 ERROR connector.UPNEDA Connector failed
Traceback (most recent call last):
  File "/home/runner/work/Renewable-tender-tracker/Renewable-tender-tracker/Python/connectors/base.py", line 50, in run
    result.records = self.parse(self.fetch())
                                ^^^^^^^^^^^^
  File "/home/runner/work/Renewable-tender-tracker/Renewable-tender-tracker/Python/connectors/portals.py", line 24, in fetch
    return super().fetch()
           ^^^^^^^^^^^^^^^
  File "/home/runner/work/Renewable-tender-tracker/Renewable-tender-tracker/Python/connectors/base.py", line 45, in fetch
    return get_text(self.source_url)
           ^^^^^^^^^^^^^^^^^^^^^^^^^
  File "/home/runner/work/Renewable-tender-tracker/Renewable-tender-tracker/Python/core/http.py", line 21, in get_text
    raise RuntimeError(f"Unable to fetch {url}: {last_error}")
RuntimeError: Unable to fetch https://upneda.org.in/: HTTPSConnectionPool(host='upneda.org.in', port=443): Max retries exceeded with url: / (Caused by ConnectTimeoutError(<HTTPSConnection(host='upneda.org.in', port=443) at 0x7f54243aa900>, 'Connection to upneda.org.in timed out. (connect timeout=45)'))
2026-08-19 03:41:50,773 INFO daily_update UPNEDA: 0 accepted; Failed
2026-08-19 03:41:51,787 INFO daily_update BSPHCL: 0 accepted; Success
2026-08-20 03:24:31,587 INFO daily_update SECI: 9 accepted; Success
2026-08-20 03:24:32,858 INFO daily_update NTPC REL: 1 accepted; Success
2026-08-20 03:24:47,782 INFO daily_update NHPC: 0 accepted; Success
2026-08-20 03:24:49,832 INFO daily_update SJVN: 2 accepted; Success
2026-08-20 03:29:27,245 ERROR connector.NLCIL Connector failed
Traceback (most recent call last):
  File "/home/runner/work/Renewable-tender-tracker/Renewable-tender-tracker/Python/connectors/base.py", line 50, in run
    result.records = self.parse(self.fetch())
                                ^^^^^^^^^^^^
  File "/home/runner/work/Renewable-tender-tracker/Renewable-tender-tracker/Python/connectors/base.py", line 45, in fetch
    return get_text(self.source_url)
           ^^^^^^^^^^^^^^^^^^^^^^^^^
  File "/home/runner/work/Renewable-tender-tracker/Renewable-tender-tracker/Python/core/http.py", line 21, in get_text
    raise RuntimeError(f"Unable to fetch {url}: {last_error}")
RuntimeError: Unable to fetch https://www.nlcindia.in/: HTTPSConnectionPool(host='www.nlcindia.in', port=443): Max retries exceeded with url: / (Caused by ConnectTimeoutError(<HTTPSConnection(host='www.nlcindia.in', port=443) at 0x7f6814f5a8d0>, 'Connection to www.nlcindia.in timed out. (connect timeout=45)'))
2026-08-20 03:29:27,246 INFO daily_update NLCIL: 0 accepted; Failed
2026-08-20 03:29:37,104 ERROR connector.GUVNL (ISTS) Connector failed
Traceback (most recent call last):
  File "/home/runner/work/Renewable-tender-tracker/Renewable-tender-tracker/Python/connectors/base.py", line 50, in run
    result.records = self.parse(self.fetch())
                                ^^^^^^^^^^^^
  File "/home/runner/work/Renewable-tender-tracker/Renewable-tender-tracker/Python/connectors/base.py", line 45, in fetch
    return get_text(self.source_url)
           ^^^^^^^^^^^^^^^^^^^^^^^^^
  File "/home/runner/work/Renewable-tender-tracker/Renewable-tender-tracker/Python/core/http.py", line 21, in get_text
    raise RuntimeError(f"Unable to fetch {url}: {last_error}")
RuntimeError: Unable to fetch https://www.guvnl.com/: HTTPSConnectionPool(host='www.guvnl.com', port=443): Max retries exceeded with url: / (Caused by SSLError(SSLEOFError(8, '[SSL: UNEXPECTED_EOF_WHILE_READING] EOF occurred in violation of protocol (_ssl.c:1010)')))
2026-08-20 03:29:37,104 INFO daily_update GUVNL (ISTS): 0 accepted; Failed
2026-08-20 03:31:59,308 ERROR connector.REMCL Connector failed
Traceback (most recent call last):
  File "/home/runner/work/Renewable-tender-tracker/Renewable-tender-tracker/Python/connectors/base.py", line 50, in run
    result.records = self.parse(self.fetch())
                                ^^^^^^^^^^^^
  File "/home/runner/work/Renewable-tender-tracker/Renewable-tender-tracker/Python/connectors/base.py", line 45, in fetch
    return get_text(self.source_url)
           ^^^^^^^^^^^^^^^^^^^^^^^^^
  File "/home/runner/work/Renewable-tender-tracker/Renewable-tender-tracker/Python/core/http.py", line 21, in get_text
    raise RuntimeError(f"Unable to fetch {url}: {last_error}")
RuntimeError: Unable to fetch https://www.remcl.in/: HTTPSConnectionPool(host='www.remcl.in', port=443): Max retries exceeded with url: / (Caused by ConnectTimeoutError(<HTTPSConnection(host='www.remcl.in', port=443) at 0x7f6814f94a70>, 'Connection to www.remcl.in timed out. (connect timeout=45)'))
2026-08-20 03:31:59,309 INFO daily_update REMCL: 0 accepted; Failed
2026-08-20 03:32:01,193 INFO daily_update RUVNL: 0 accepted; Success
2026-08-20 03:32:02,320 INFO daily_update RVPN: 0 accepted; Success
2026-08-20 03:32:03,239 INFO daily_update KREDL: 0 accepted; Success
2026-08-20 03:34:26,594 ERROR connector.KPTCL Connector failed
Traceback (most recent call last):
  File "/home/runner/work/Renewable-tender-tracker/Renewable-tender-tracker/Python/connectors/base.py", line 50, in run
    result.records = self.parse(self.fetch())
                                ^^^^^^^^^^^^
  File "/home/runner/work/Renewable-tender-tracker/Renewable-tender-tracker/Python/connectors/base.py", line 45, in fetch
    return get_text(self.source_url)
           ^^^^^^^^^^^^^^^^^^^^^^^^^
  File "/home/runner/work/Renewable-tender-tracker/Renewable-tender-tracker/Python/core/http.py", line 21, in get_text
    raise RuntimeError(f"Unable to fetch {url}: {last_error}")
RuntimeError: Unable to fetch https://kptcl.karnataka.gov.in/: HTTPSConnectionPool(host='kptcl.karnataka.gov.in', port=443): Max retries exceeded with url: / (Caused by ConnectTimeoutError(<HTTPSConnection(host='kptcl.karnataka.gov.in', port=443) at 0x7f6814e95070>, 'Connection to kptcl.karnataka.gov.in timed out. (connect timeout=45)'))
2026-08-20 03:34:26,595 INFO daily_update KPTCL: 0 accepted; Failed
2026-08-20 03:34:34,306 ERROR connector.KPCL Connector failed
Traceback (most recent call last):
  File "/home/runner/work/Renewable-tender-tracker/Renewable-tender-tracker/Python/connectors/base.py", line 50, in run
    result.records = self.parse(self.fetch())
                                ^^^^^^^^^^^^
  File "/home/runner/work/Renewable-tender-tracker/Renewable-tender-tracker/Python/connectors/base.py", line 45, in fetch
    return get_text(self.source_url)
           ^^^^^^^^^^^^^^^^^^^^^^^^^
  File "/home/runner/work/Renewable-tender-tracker/Renewable-tender-tracker/Python/core/http.py", line 21, in get_text
    raise RuntimeError(f"Unable to fetch {url}: {last_error}")
RuntimeError: Unable to fetch https://karnatakapower.com/: HTTPSConnectionPool(host='karnatakapower.com', port=443): Max retries exceeded with url: / (Caused by SSLError(SSLCertVerificationError(1, "[SSL: CERTIFICATE_VERIFY_FAILED] certificate verify failed: Hostname mismatch, certificate is not valid for 'karnatakapower.com'. (_ssl.c:1010)")))
2026-08-20 03:34:34,306 INFO daily_update KPCL: 0 accepted; Failed
2026-08-20 03:34:36,236 INFO daily_update MPUVNL: 0 accepted; Success
2026-08-20 03:34:36,604 INFO daily_update MPPMCL: 0 accepted; Success
2026-08-20 03:34:44,491 ERROR connector.MP Urja Vikas Nigam Connector failed
Traceback (most recent call last):
  File "/home/runner/work/Renewable-tender-tracker/Renewable-tender-tracker/Python/connectors/base.py", line 50, in run
    result.records = self.parse(self.fetch())
                                ^^^^^^^^^^^^
  File "/home/runner/work/Renewable-tender-tracker/Renewable-tender-tracker/Python/connectors/base.py", line 45, in fetch
    return get_text(self.source_url)
           ^^^^^^^^^^^^^^^^^^^^^^^^^
  File "/home/runner/work/Renewable-tender-tracker/Renewable-tender-tracker/Python/core/http.py", line 21, in get_text
    raise RuntimeError(f"Unable to fetch {url}: {last_error}")
RuntimeError: Unable to fetch https://www.mprenewable.nic.in/: HTTPSConnectionPool(host='www.mprenewable.nic.in', port=443): Max retries exceeded with url: / (Caused by NameResolutionError("HTTPSConnection(host='www.mprenewable.nic.in', port=443): Failed to resolve 'www.mprenewable.nic.in' ([Errno -2] Name or service not known)"))
2026-08-20 03:34:44,492 INFO daily_update MP Urja Vikas Nigam: 0 accepted; Failed
2026-08-20 03:34:49,097 INFO daily_update MSEDCL: 0 accepted; Success
2026-08-20 03:34:50,957 INFO daily_update MAHAGENCO: 0 accepted; Success
2026-08-20 03:35:00,432 ERROR connector.GUVNL Connector failed
Traceback (most recent call last):
  File "/home/runner/work/Renewable-tender-tracker/Renewable-tender-tracker/Python/connectors/base.py", line 50, in run
    result.records = self.parse(self.fetch())
                                ^^^^^^^^^^^^
  File "/home/runner/work/Renewable-tender-tracker/Renewable-tender-tracker/Python/connectors/base.py", line 45, in fetch
    return get_text(self.source_url)
           ^^^^^^^^^^^^^^^^^^^^^^^^^
  File "/home/runner/work/Renewable-tender-tracker/Renewable-tender-tracker/Python/core/http.py", line 21, in get_text
    raise RuntimeError(f"Unable to fetch {url}: {last_error}")
RuntimeError: Unable to fetch https://www.guvnl.com/: HTTPSConnectionPool(host='www.guvnl.com', port=443): Max retries exceeded with url: / (Caused by SSLError(SSLEOFError(8, '[SSL: UNEXPECTED_EOF_WHILE_READING] EOF occurred in violation of protocol (_ssl.c:1010)')))
2026-08-20 03:35:00,432 INFO daily_update GUVNL: 0 accepted; Failed
2026-08-20 03:37:23,488 ERROR connector.GPCL Connector failed
Traceback (most recent call last):
  File "/home/runner/work/Renewable-tender-tracker/Renewable-tender-tracker/Python/connectors/base.py", line 50, in run
    result.records = self.parse(self.fetch())
                                ^^^^^^^^^^^^
  File "/home/runner/work/Renewable-tender-tracker/Renewable-tender-tracker/Python/connectors/base.py", line 45, in fetch
    return get_text(self.source_url)
           ^^^^^^^^^^^^^^^^^^^^^^^^^
  File "/home/runner/work/Renewable-tender-tracker/Renewable-tender-tracker/Python/core/http.py", line 21, in get_text
    raise RuntimeError(f"Unable to fetch {url}: {last_error}")
RuntimeError: Unable to fetch https://gpcl.gujarat.gov.in/: HTTPSConnectionPool(host='gpcl.gujarat.gov.in', port=443): Read timed out. (read timeout=45)
2026-08-20 03:37:23,489 INFO daily_update GPCL: 0 accepted; Failed
2026-08-20 03:37:24,667 INFO daily_update APSPDCL: 0 accepted; Success
2026-08-20 03:37:26,594 INFO daily_update APGENCO: 0 accepted; Success
2026-08-20 03:37:37,819 ERROR connector.NREDCAP Connector failed
Traceback (most recent call last):
  File "/home/runner/work/Renewable-tender-tracker/Renewable-tender-tracker/Python/connectors/base.py", line 50, in run
    result.records = self.parse(self.fetch())
                                ^^^^^^^^^^^^
  File "/home/runner/work/Renewable-tender-tracker/Renewable-tender-tracker/Python/connectors/base.py", line 45, in fetch
    return get_text(self.source_url)
           ^^^^^^^^^^^^^^^^^^^^^^^^^
  File "/home/runner/work/Renewable-tender-tracker/Renewable-tender-tracker/Python/core/http.py", line 21, in get_text
    raise RuntimeError(f"Unable to fetch {url}: {last_error}")
RuntimeError: Unable to fetch https://nredcap.in/: HTTPSConnectionPool(host='nredcap.in', port=443): Max retries exceeded with url: / (Caused by SSLError(SSLCertVerificationError(1, '[SSL: CERTIFICATE_VERIFY_FAILED] certificate verify failed: unable to get local issuer certificate (_ssl.c:1010)')))
2026-08-20 03:37:37,820 INFO daily_update NREDCAP: 0 accepted; Failed
2026-08-20 03:37:46,451 ERROR connector.TGNPDCL Connector failed
Traceback (most recent call last):
  File "/home/runner/work/Renewable-tender-tracker/Renewable-tender-tracker/Python/connectors/base.py", line 50, in run
    result.records = self.parse(self.fetch())
                                ^^^^^^^^^^^^
  File "/home/runner/work/Renewable-tender-tracker/Renewable-tender-tracker/Python/connectors/base.py", line 45, in fetch
    return get_text(self.source_url)
           ^^^^^^^^^^^^^^^^^^^^^^^^^
  File "/home/runner/work/Renewable-tender-tracker/Renewable-tender-tracker/Python/core/http.py", line 21, in get_text
    raise RuntimeError(f"Unable to fetch {url}: {last_error}")
RuntimeError: Unable to fetch https://tgnpdcl.com/: HTTPSConnectionPool(host='tgnpdcl.com', port=443): Max retries exceeded with url: / (Caused by SSLError(SSLError(1, '[SSL: SSLV3_ALERT_HANDSHAKE_FAILURE] sslv3 alert handshake failure (_ssl.c:1010)')))
2026-08-20 03:37:46,452 INFO daily_update TGNPDCL: 0 accepted; Failed
2026-08-20 03:37:47,249 INFO daily_update TSSPDCL: 0 accepted; Success
2026-08-20 03:38:20,515 ERROR connector.TNGECL Connector failed
Traceback (most recent call last):
  File "/home/runner/work/Renewable-tender-tracker/Renewable-tender-tracker/Python/connectors/base.py", line 50, in run
    result.records = self.parse(self.fetch())
                                ^^^^^^^^^^^^
  File "/home/runner/work/Renewable-tender-tracker/Renewable-tender-tracker/Python/connectors/base.py", line 45, in fetch
    return get_text(self.source_url)
           ^^^^^^^^^^^^^^^^^^^^^^^^^
  File "/home/runner/work/Renewable-tender-tracker/Renewable-tender-tracker/Python/core/http.py", line 21, in get_text
    raise RuntimeError(f"Unable to fetch {url}: {last_error}")
RuntimeError: Unable to fetch https://www.tangedco.gov.in/: HTTPSConnectionPool(host='www.tangedco.gov.in', port=443): Max retries exceeded with url: / (Caused by NameResolutionError("HTTPSConnection(host='www.tangedco.gov.in', port=443): Failed to resolve 'www.tangedco.gov.in' ([Errno -3] Temporary failure in name resolution)"))
2026-08-20 03:38:20,515 INFO daily_update TNGECL: 0 accepted; Failed
2026-08-20 03:38:57,562 ERROR connector.TANTRANSCO Connector failed
Traceback (most recent call last):
  File "/home/runner/work/Renewable-tender-tracker/Renewable-tender-tracker/Python/connectors/base.py", line 50, in run
    result.records = self.parse(self.fetch())
                                ^^^^^^^^^^^^
  File "/home/runner/work/Renewable-tender-tracker/Renewable-tender-tracker/Python/connectors/base.py", line 45, in fetch
    return get_text(self.source_url)
           ^^^^^^^^^^^^^^^^^^^^^^^^^
  File "/home/runner/work/Renewable-tender-tracker/Renewable-tender-tracker/Python/core/http.py", line 21, in get_text
    raise RuntimeError(f"Unable to fetch {url}: {last_error}")
RuntimeError: Unable to fetch https://www.tantransco.gov.in/: HTTPSConnectionPool(host='www.tantransco.gov.in', port=443): Max retries exceeded with url: / (Caused by NameResolutionError("HTTPSConnection(host='www.tantransco.gov.in', port=443): Failed to resolve 'www.tantransco.gov.in' ([Errno -3] Temporary failure in name resolution)"))
2026-08-20 03:38:57,562 INFO daily_update TANTRANSCO: 0 accepted; Failed
2026-08-20 03:38:59,068 INFO daily_update GRIDCO: 2 accepted; Success
2026-08-20 03:39:01,033 INFO daily_update HAREDA: 0 accepted; Success
2026-08-20 03:39:04,266 INFO daily_update PSPCL: 0 accepted; Success
2026-08-20 03:41:26,661 ERROR connector.UPNEDA Connector failed
Traceback (most recent call last):
  File "/home/runner/work/Renewable-tender-tracker/Renewable-tender-tracker/Python/connectors/base.py", line 50, in run
    result.records = self.parse(self.fetch())
                                ^^^^^^^^^^^^
  File "/home/runner/work/Renewable-tender-tracker/Renewable-tender-tracker/Python/connectors/portals.py", line 24, in fetch
    return super().fetch()
           ^^^^^^^^^^^^^^^
  File "/home/runner/work/Renewable-tender-tracker/Renewable-tender-tracker/Python/connectors/base.py", line 45, in fetch
    return get_text(self.source_url)
           ^^^^^^^^^^^^^^^^^^^^^^^^^
  File "/home/runner/work/Renewable-tender-tracker/Renewable-tender-tracker/Python/core/http.py", line 21, in get_text
    raise RuntimeError(f"Unable to fetch {url}: {last_error}")
RuntimeError: Unable to fetch https://upneda.org.in/: HTTPSConnectionPool(host='upneda.org.in', port=443): Max retries exceeded with url: / (Caused by ConnectTimeoutError(<HTTPSConnection(host='upneda.org.in', port=443) at 0x7f6816fc7a40>, 'Connection to upneda.org.in timed out. (connect timeout=45)'))
2026-08-20 03:41:26,662 INFO daily_update UPNEDA: 0 accepted; Failed
2026-08-20 03:41:27,716 INFO daily_update BSPHCL: 0 accepted; Success
2026-08-21 03:29:47,346 INFO daily_update SECI: 9 accepted; Success
2026-08-21 03:29:48,722 INFO daily_update NTPC REL: 1 accepted; Success
2026-08-21 03:30:02,714 INFO daily_update NHPC: 0 accepted; Success
2026-08-21 03:30:04,914 INFO daily_update SJVN: 2 accepted; Success
2026-08-21 03:34:42,261 ERROR connector.NLCIL Connector failed
Traceback (most recent call last):
  File "/home/runner/work/Renewable-tender-tracker/Renewable-tender-tracker/Python/connectors/base.py", line 50, in run
    result.records = self.parse(self.fetch())
                                ^^^^^^^^^^^^
  File "/home/runner/work/Renewable-tender-tracker/Renewable-tender-tracker/Python/connectors/base.py", line 45, in fetch
    return get_text(self.source_url)
           ^^^^^^^^^^^^^^^^^^^^^^^^^
  File "/home/runner/work/Renewable-tender-tracker/Renewable-tender-tracker/Python/core/http.py", line 21, in get_text
    raise RuntimeError(f"Unable to fetch {url}: {last_error}")
RuntimeError: Unable to fetch https://www.nlcindia.in/: HTTPSConnectionPool(host='www.nlcindia.in', port=443): Max retries exceeded with url: / (Caused by ConnectTimeoutError(<HTTPSConnection(host='www.nlcindia.in', port=443) at 0x7f3663573260>, 'Connection to www.nlcindia.in timed out. (connect timeout=45)'))
2026-08-21 03:34:42,262 INFO daily_update NLCIL: 0 accepted; Failed
2026-08-21 03:34:52,289 ERROR connector.GUVNL (ISTS) Connector failed
Traceback (most recent call last):
  File "/home/runner/work/Renewable-tender-tracker/Renewable-tender-tracker/Python/connectors/base.py", line 50, in run
    result.records = self.parse(self.fetch())
                                ^^^^^^^^^^^^
  File "/home/runner/work/Renewable-tender-tracker/Renewable-tender-tracker/Python/connectors/base.py", line 45, in fetch
    return get_text(self.source_url)
           ^^^^^^^^^^^^^^^^^^^^^^^^^
  File "/home/runner/work/Renewable-tender-tracker/Renewable-tender-tracker/Python/core/http.py", line 21, in get_text
    raise RuntimeError(f"Unable to fetch {url}: {last_error}")
RuntimeError: Unable to fetch https://www.guvnl.com/: HTTPSConnectionPool(host='www.guvnl.com', port=443): Max retries exceeded with url: / (Caused by SSLError(SSLEOFError(8, '[SSL: UNEXPECTED_EOF_WHILE_READING] EOF occurred in violation of protocol (_ssl.c:1010)')))
2026-08-21 03:34:52,289 INFO daily_update GUVNL (ISTS): 0 accepted; Failed
2026-08-21 03:37:14,567 ERROR connector.REMCL Connector failed
Traceback (most recent call last):
  File "/home/runner/work/Renewable-tender-tracker/Renewable-tender-tracker/Python/connectors/base.py", line 50, in run
    result.records = self.parse(self.fetch())
                                ^^^^^^^^^^^^
  File "/home/runner/work/Renewable-tender-tracker/Renewable-tender-tracker/Python/connectors/base.py", line 45, in fetch
    return get_text(self.source_url)
           ^^^^^^^^^^^^^^^^^^^^^^^^^
  File "/home/runner/work/Renewable-tender-tracker/Renewable-tender-tracker/Python/core/http.py", line 21, in get_text
    raise RuntimeError(f"Unable to fetch {url}: {last_error}")
RuntimeError: Unable to fetch https://www.remcl.in/: HTTPSConnectionPool(host='www.remcl.in', port=443): Max retries exceeded with url: / (Caused by ConnectTimeoutError(<HTTPSConnection(host='www.remcl.in', port=443) at 0x7f3663573d40>, 'Connection to www.remcl.in timed out. (connect timeout=45)'))
2026-08-21 03:37:14,567 INFO daily_update REMCL: 0 accepted; Failed
2026-08-21 03:37:16,539 INFO daily_update RUVNL: 0 accepted; Success
2026-08-21 03:37:17,835 INFO daily_update RVPN: 0 accepted; Success
2026-08-21 03:37:18,856 INFO daily_update KREDL: 0 accepted; Success
2026-08-21 03:39:42,233 ERROR connector.KPTCL Connector failed
Traceback (most recent call last):
  File "/home/runner/work/Renewable-tender-tracker/Renewable-tender-tracker/Python/connectors/base.py", line 50, in run
    result.records = self.parse(self.fetch())
                                ^^^^^^^^^^^^
  File "/home/runner/work/Renewable-tender-tracker/Renewable-tender-tracker/Python/connectors/base.py", line 45, in fetch
    return get_text(self.source_url)
           ^^^^^^^^^^^^^^^^^^^^^^^^^
  File "/home/runner/work/Renewable-tender-tracker/Renewable-tender-tracker/Python/core/http.py", line 21, in get_text
    raise RuntimeError(f"Unable to fetch {url}: {last_error}")
RuntimeError: Unable to fetch https://kptcl.karnataka.gov.in/: HTTPSConnectionPool(host='kptcl.karnataka.gov.in', port=443): Max retries exceeded with url: / (Caused by ConnectTimeoutError(<HTTPSConnection(host='kptcl.karnataka.gov.in', port=443) at 0x7f3663497410>, 'Connection to kptcl.karnataka.gov.in timed out. (connect timeout=45)'))
2026-08-21 03:39:42,233 INFO daily_update KPTCL: 0 accepted; Failed
2026-08-21 03:39:50,103 ERROR connector.KPCL Connector failed
Traceback (most recent call last):
  File "/home/runner/work/Renewable-tender-tracker/Renewable-tender-tracker/Python/connectors/base.py", line 50, in run
    result.records = self.parse(self.fetch())
                                ^^^^^^^^^^^^
  File "/home/runner/work/Renewable-tender-tracker/Renewable-tender-tracker/Python/connectors/base.py", line 45, in fetch
    return get_text(self.source_url)
           ^^^^^^^^^^^^^^^^^^^^^^^^^
  File "/home/runner/work/Renewable-tender-tracker/Renewable-tender-tracker/Python/core/http.py", line 21, in get_text
    raise RuntimeError(f"Unable to fetch {url}: {last_error}")
RuntimeError: Unable to fetch https://karnatakapower.com/: HTTPSConnectionPool(host='karnatakapower.com', port=443): Max retries exceeded with url: / (Caused by SSLError(SSLCertVerificationError(1, "[SSL: CERTIFICATE_VERIFY_FAILED] certificate verify failed: Hostname mismatch, certificate is not valid for 'karnatakapower.com'. (_ssl.c:1010)")))
2026-08-21 03:39:50,104 INFO daily_update KPCL: 0 accepted; Failed
2026-08-21 03:39:52,508 INFO daily_update MPUVNL: 0 accepted; Success
2026-08-21 03:39:53,126 INFO daily_update MPPMCL: 0 accepted; Success
2026-08-21 03:40:00,972 ERROR connector.MP Urja Vikas Nigam Connector failed
Traceback (most recent call last):
  File "/home/runner/work/Renewable-tender-tracker/Renewable-tender-tracker/Python/connectors/base.py", line 50, in run
    result.records = self.parse(self.fetch())
                                ^^^^^^^^^^^^
  File "/home/runner/work/Renewable-tender-tracker/Renewable-tender-tracker/Python/connectors/base.py", line 45, in fetch
    return get_text(self.source_url)
           ^^^^^^^^^^^^^^^^^^^^^^^^^
  File "/home/runner/work/Renewable-tender-tracker/Renewable-tender-tracker/Python/core/http.py", line 21, in get_text
    raise RuntimeError(f"Unable to fetch {url}: {last_error}")
RuntimeError: Unable to fetch https://www.mprenewable.nic.in/: HTTPSConnectionPool(host='www.mprenewable.nic.in', port=443): Max retries exceeded with url: / (Caused by NameResolutionError("HTTPSConnection(host='www.mprenewable.nic.in', port=443): Failed to resolve 'www.mprenewable.nic.in' ([Errno -2] Name or service not known)"))
2026-08-21 03:40:00,972 INFO daily_update MP Urja Vikas Nigam: 0 accepted; Failed
2026-08-21 03:40:05,928 INFO daily_update MSEDCL: 0 accepted; Success
2026-08-21 03:40:07,988 INFO daily_update MAHAGENCO: 0 accepted; Success
2026-08-21 03:40:18,105 ERROR connector.GUVNL Connector failed
Traceback (most recent call last):
  File "/home/runner/work/Renewable-tender-tracker/Renewable-tender-tracker/Python/connectors/base.py", line 50, in run
    result.records = self.parse(self.fetch())
                                ^^^^^^^^^^^^
  File "/home/runner/work/Renewable-tender-tracker/Renewable-tender-tracker/Python/connectors/base.py", line 45, in fetch
    return get_text(self.source_url)
           ^^^^^^^^^^^^^^^^^^^^^^^^^
  File "/home/runner/work/Renewable-tender-tracker/Renewable-tender-tracker/Python/core/http.py", line 21, in get_text
    raise RuntimeError(f"Unable to fetch {url}: {last_error}")
RuntimeError: Unable to fetch https://www.guvnl.com/: HTTPSConnectionPool(host='www.guvnl.com', port=443): Max retries exceeded with url: / (Caused by SSLError(SSLEOFError(8, '[SSL: UNEXPECTED_EOF_WHILE_READING] EOF occurred in violation of protocol (_ssl.c:1010)')))
2026-08-21 03:40:18,105 INFO daily_update GUVNL: 0 accepted; Failed
2026-08-21 03:42:41,239 ERROR connector.GPCL Connector failed
Traceback (most recent call last):
  File "/home/runner/work/Renewable-tender-tracker/Renewable-tender-tracker/Python/connectors/base.py", line 50, in run
    result.records = self.parse(self.fetch())
                                ^^^^^^^^^^^^
  File "/home/runner/work/Renewable-tender-tracker/Renewable-tender-tracker/Python/connectors/base.py", line 45, in fetch
    return get_text(self.source_url)
           ^^^^^^^^^^^^^^^^^^^^^^^^^
  File "/home/runner/work/Renewable-tender-tracker/Renewable-tender-tracker/Python/core/http.py", line 21, in get_text
    raise RuntimeError(f"Unable to fetch {url}: {last_error}")
RuntimeError: Unable to fetch https://gpcl.gujarat.gov.in/: HTTPSConnectionPool(host='gpcl.gujarat.gov.in', port=443): Read timed out. (read timeout=45)
2026-08-21 03:42:41,239 INFO daily_update GPCL: 0 accepted; Failed
2026-08-21 03:42:42,399 INFO daily_update APSPDCL: 0 accepted; Success
2026-08-21 03:42:44,673 INFO daily_update APGENCO: 0 accepted; Success
2026-08-21 03:42:53,713 ERROR connector.NREDCAP Connector failed
Traceback (most recent call last):
  File "/home/runner/work/Renewable-tender-tracker/Renewable-tender-tracker/Python/connectors/base.py", line 50, in run
    result.records = self.parse(self.fetch())
                                ^^^^^^^^^^^^
  File "/home/runner/work/Renewable-tender-tracker/Renewable-tender-tracker/Python/connectors/base.py", line 45, in fetch
    return get_text(self.source_url)
           ^^^^^^^^^^^^^^^^^^^^^^^^^
  File "/home/runner/work/Renewable-tender-tracker/Renewable-tender-tracker/Python/core/http.py", line 21, in get_text
    raise RuntimeError(f"Unable to fetch {url}: {last_error}")
RuntimeError: Unable to fetch https://nredcap.in/: HTTPSConnectionPool(host='nredcap.in', port=443): Max retries exceeded with url: / (Caused by SSLError(SSLCertVerificationError(1, '[SSL: CERTIFICATE_VERIFY_FAILED] certificate verify failed: unable to get local issuer certificate (_ssl.c:1010)')))
2026-08-21 03:42:53,713 INFO daily_update NREDCAP: 0 accepted; Failed
2026-08-21 03:43:02,569 ERROR connector.TGNPDCL Connector failed
Traceback (most recent call last):
  File "/home/runner/work/Renewable-tender-tracker/Renewable-tender-tracker/Python/connectors/base.py", line 50, in run
    result.records = self.parse(self.fetch())
                                ^^^^^^^^^^^^
  File "/home/runner/work/Renewable-tender-tracker/Renewable-tender-tracker/Python/connectors/base.py", line 45, in fetch
    return get_text(self.source_url)
           ^^^^^^^^^^^^^^^^^^^^^^^^^
  File "/home/runner/work/Renewable-tender-tracker/Renewable-tender-tracker/Python/core/http.py", line 21, in get_text
    raise RuntimeError(f"Unable to fetch {url}: {last_error}")
RuntimeError: Unable to fetch https://tgnpdcl.com/: HTTPSConnectionPool(host='tgnpdcl.com', port=443): Max retries exceeded with url: / (Caused by SSLError(SSLError(1, '[SSL: SSLV3_ALERT_HANDSHAKE_FAILURE] sslv3 alert handshake failure (_ssl.c:1010)')))
2026-08-21 03:43:02,569 INFO daily_update TGNPDCL: 0 accepted; Failed
2026-08-21 03:43:03,502 INFO daily_update TSSPDCL: 0 accepted; Success
2026-08-21 03:43:40,556 ERROR connector.TNGECL Connector failed
Traceback (most recent call last):
  File "/home/runner/work/Renewable-tender-tracker/Renewable-tender-tracker/Python/connectors/base.py", line 50, in run
    result.records = self.parse(self.fetch())
                                ^^^^^^^^^^^^
  File "/home/runner/work/Renewable-tender-tracker/Renewable-tender-tracker/Python/connectors/base.py", line 45, in fetch
    return get_text(self.source_url)
           ^^^^^^^^^^^^^^^^^^^^^^^^^
  File "/home/runner/work/Renewable-tender-tracker/Renewable-tender-tracker/Python/core/http.py", line 21, in get_text
    raise RuntimeError(f"Unable to fetch {url}: {last_error}")
RuntimeError: Unable to fetch https://www.tangedco.gov.in/: HTTPSConnectionPool(host='www.tangedco.gov.in', port=443): Max retries exceeded with url: / (Caused by NameResolutionError("HTTPSConnection(host='www.tangedco.gov.in', port=443): Failed to resolve 'www.tangedco.gov.in' ([Errno -3] Temporary failure in name resolution)"))
2026-08-21 03:43:40,557 INFO daily_update TNGECL: 0 accepted; Failed
2026-08-21 03:44:17,542 ERROR connector.TANTRANSCO Connector failed
Traceback (most recent call last):
  File "/home/runner/work/Renewable-tender-tracker/Renewable-tender-tracker/Python/connectors/base.py", line 50, in run
    result.records = self.parse(self.fetch())
                                ^^^^^^^^^^^^
  File "/home/runner/work/Renewable-tender-tracker/Renewable-tender-tracker/Python/connectors/base.py", line 45, in fetch
    return get_text(self.source_url)
           ^^^^^^^^^^^^^^^^^^^^^^^^^
  File "/home/runner/work/Renewable-tender-tracker/Renewable-tender-tracker/Python/core/http.py", line 21, in get_text
    raise RuntimeError(f"Unable to fetch {url}: {last_error}")
RuntimeError: Unable to fetch https://www.tantransco.gov.in/: HTTPSConnectionPool(host='www.tantransco.gov.in', port=443): Max retries exceeded with url: / (Caused by NameResolutionError("HTTPSConnection(host='www.tantransco.gov.in', port=443): Failed to resolve 'www.tantransco.gov.in' ([Errno -3] Temporary failure in name resolution)"))
2026-08-21 03:44:17,543 INFO daily_update TANTRANSCO: 0 accepted; Failed
2026-08-21 03:44:19,187 INFO daily_update GRIDCO: 2 accepted; Success
2026-08-21 03:44:21,166 INFO daily_update HAREDA: 0 accepted; Success
2026-08-21 03:44:25,606 INFO daily_update PSPCL: 0 accepted; Success
2026-08-21 03:46:48,046 ERROR connector.UPNEDA Connector failed
Traceback (most recent call last):
  File "/home/runner/work/Renewable-tender-tracker/Renewable-tender-tracker/Python/connectors/base.py", line 50, in run
    result.records = self.parse(self.fetch())
                                ^^^^^^^^^^^^
  File "/home/runner/work/Renewable-tender-tracker/Renewable-tender-tracker/Python/connectors/portals.py", line 24, in fetch
    return super().fetch()
           ^^^^^^^^^^^^^^^
  File "/home/runner/work/Renewable-tender-tracker/Renewable-tender-tracker/Python/connectors/base.py", line 45, in fetch
    return get_text(self.source_url)
           ^^^^^^^^^^^^^^^^^^^^^^^^^
  File "/home/runner/work/Renewable-tender-tracker/Renewable-tender-tracker/Python/core/http.py", line 21, in get_text
    raise RuntimeError(f"Unable to fetch {url}: {last_error}")
RuntimeError: Unable to fetch https://upneda.org.in/: HTTPSConnectionPool(host='upneda.org.in', port=443): Max retries exceeded with url: / (Caused by ConnectTimeoutError(<HTTPSConnection(host='upneda.org.in', port=443) at 0x7f36656282f0>, 'Connection to upneda.org.in timed out. (connect timeout=45)'))
2026-08-21 03:46:48,046 INFO daily_update UPNEDA: 0 accepted; Failed
2026-08-21 03:46:49,134 INFO daily_update BSPHCL: 0 accepted; Success
2026-08-22 03:20:17,026 INFO daily_update SECI: 9 accepted; Success
2026-08-22 03:20:18,445 INFO daily_update NTPC REL: 1 accepted; Success
2026-08-22 03:20:33,526 INFO daily_update NHPC: 0 accepted; Success
2026-08-22 03:20:35,257 INFO daily_update SJVN: 1 accepted; Success
2026-08-22 03:25:12,634 ERROR connector.NLCIL Connector failed
Traceback (most recent call last):
  File "/home/runner/work/Renewable-tender-tracker/Renewable-tender-tracker/Python/connectors/base.py", line 50, in run
    result.records = self.parse(self.fetch())
                                ^^^^^^^^^^^^
  File "/home/runner/work/Renewable-tender-tracker/Renewable-tender-tracker/Python/connectors/base.py", line 45, in fetch
    return get_text(self.source_url)
           ^^^^^^^^^^^^^^^^^^^^^^^^^
  File "/home/runner/work/Renewable-tender-tracker/Renewable-tender-tracker/Python/core/http.py", line 21, in get_text
    raise RuntimeError(f"Unable to fetch {url}: {last_error}")
RuntimeError: Unable to fetch https://www.nlcindia.in/: HTTPSConnectionPool(host='www.nlcindia.in', port=443): Max retries exceeded with url: / (Caused by ConnectTimeoutError(<HTTPSConnection(host='www.nlcindia.in', port=443) at 0x7fd638fd1c10>, 'Connection to www.nlcindia.in timed out. (connect timeout=45)'))
2026-08-22 03:25:12,635 INFO daily_update NLCIL: 0 accepted; Failed
2026-08-22 03:25:22,397 ERROR connector.GUVNL (ISTS) Connector failed
Traceback (most recent call last):
  File "/home/runner/work/Renewable-tender-tracker/Renewable-tender-tracker/Python/connectors/base.py", line 50, in run
    result.records = self.parse(self.fetch())
                                ^^^^^^^^^^^^
  File "/home/runner/work/Renewable-tender-tracker/Renewable-tender-tracker/Python/connectors/base.py", line 45, in fetch
    return get_text(self.source_url)
           ^^^^^^^^^^^^^^^^^^^^^^^^^
  File "/home/runner/work/Renewable-tender-tracker/Renewable-tender-tracker/Python/core/http.py", line 21, in get_text
    raise RuntimeError(f"Unable to fetch {url}: {last_error}")
RuntimeError: Unable to fetch https://www.guvnl.com/: HTTPSConnectionPool(host='www.guvnl.com', port=443): Max retries exceeded with url: / (Caused by SSLError(SSLEOFError(8, '[SSL: UNEXPECTED_EOF_WHILE_READING] EOF occurred in violation of protocol (_ssl.c:1010)')))
2026-08-22 03:25:22,397 INFO daily_update GUVNL (ISTS): 0 accepted; Failed
2026-08-22 03:27:44,507 ERROR connector.REMCL Connector failed
Traceback (most recent call last):
  File "/home/runner/work/Renewable-tender-tracker/Renewable-tender-tracker/Python/connectors/base.py", line 50, in run
    result.records = self.parse(self.fetch())
                                ^^^^^^^^^^^^
  File "/home/runner/work/Renewable-tender-tracker/Renewable-tender-tracker/Python/connectors/base.py", line 45, in fetch
    return get_text(self.source_url)
           ^^^^^^^^^^^^^^^^^^^^^^^^^
  File "/home/runner/work/Renewable-tender-tracker/Renewable-tender-tracker/Python/core/http.py", line 21, in get_text
    raise RuntimeError(f"Unable to fetch {url}: {last_error}")
RuntimeError: Unable to fetch https://www.remcl.in/: HTTPSConnectionPool(host='www.remcl.in', port=443): Max retries exceeded with url: / (Caused by ConnectTimeoutError(<HTTPSConnection(host='www.remcl.in', port=443) at 0x7fd638fd3ce0>, 'Connection to www.remcl.in timed out. (connect timeout=45)'))
2026-08-22 03:27:44,508 INFO daily_update REMCL: 0 accepted; Failed
2026-08-22 03:27:46,400 INFO daily_update RUVNL: 0 accepted; Success
2026-08-22 03:27:47,542 INFO daily_update RVPN: 0 accepted; Success
2026-08-22 03:27:48,461 INFO daily_update KREDL: 0 accepted; Success
2026-08-22 03:30:11,327 ERROR connector.KPTCL Connector failed
Traceback (most recent call last):
  File "/home/runner/work/Renewable-tender-tracker/Renewable-tender-tracker/Python/connectors/base.py", line 50, in run
    result.records = self.parse(self.fetch())
                                ^^^^^^^^^^^^
  File "/home/runner/work/Renewable-tender-tracker/Renewable-tender-tracker/Python/connectors/base.py", line 45, in fetch
    return get_text(self.source_url)
           ^^^^^^^^^^^^^^^^^^^^^^^^^
  File "/home/runner/work/Renewable-tender-tracker/Renewable-tender-tracker/Python/core/http.py", line 21, in get_text
    raise RuntimeError(f"Unable to fetch {url}: {last_error}")
RuntimeError: Unable to fetch https://kptcl.karnataka.gov.in/: HTTPSConnectionPool(host='kptcl.karnataka.gov.in', port=443): Max retries exceeded with url: / (Caused by ConnectTimeoutError(<HTTPSConnection(host='kptcl.karnataka.gov.in', port=443) at 0x7fd638f0d6d0>, 'Connection to kptcl.karnataka.gov.in timed out. (connect timeout=45)'))
2026-08-22 03:30:11,328 INFO daily_update KPTCL: 0 accepted; Failed
2026-08-22 03:30:19,051 ERROR connector.KPCL Connector failed
Traceback (most recent call last):
  File "/home/runner/work/Renewable-tender-tracker/Renewable-tender-tracker/Python/connectors/base.py", line 50, in run
    result.records = self.parse(self.fetch())
                                ^^^^^^^^^^^^
  File "/home/runner/work/Renewable-tender-tracker/Renewable-tender-tracker/Python/connectors/base.py", line 45, in fetch
    return get_text(self.source_url)
           ^^^^^^^^^^^^^^^^^^^^^^^^^
  File "/home/runner/work/Renewable-tender-tracker/Renewable-tender-tracker/Python/core/http.py", line 21, in get_text
    raise RuntimeError(f"Unable to fetch {url}: {last_error}")
RuntimeError: Unable to fetch https://karnatakapower.com/: HTTPSConnectionPool(host='karnatakapower.com', port=443): Max retries exceeded with url: / (Caused by SSLError(SSLCertVerificationError(1, "[SSL: CERTIFICATE_VERIFY_FAILED] certificate verify failed: Hostname mismatch, certificate is not valid for 'karnatakapower.com'. (_ssl.c:1010)")))
2026-08-22 03:30:19,052 INFO daily_update KPCL: 0 accepted; Failed
2026-08-22 03:30:23,452 INFO daily_update MPUVNL: 0 accepted; Success
2026-08-22 03:30:23,842 INFO daily_update MPPMCL: 0 accepted; Success
2026-08-22 03:30:35,837 ERROR connector.MP Urja Vikas Nigam Connector failed
Traceback (most recent call last):
  File "/home/runner/work/Renewable-tender-tracker/Renewable-tender-tracker/Python/connectors/base.py", line 50, in run
    result.records = self.parse(self.fetch())
                                ^^^^^^^^^^^^
  File "/home/runner/work/Renewable-tender-tracker/Renewable-tender-tracker/Python/connectors/base.py", line 45, in fetch
    return get_text(self.source_url)
           ^^^^^^^^^^^^^^^^^^^^^^^^^
  File "/home/runner/work/Renewable-tender-tracker/Renewable-tender-tracker/Python/core/http.py", line 21, in get_text
    raise RuntimeError(f"Unable to fetch {url}: {last_error}")
RuntimeError: Unable to fetch https://www.mprenewable.nic.in/: HTTPSConnectionPool(host='www.mprenewable.nic.in', port=443): Max retries exceeded with url: / (Caused by NameResolutionError("HTTPSConnection(host='www.mprenewable.nic.in', port=443): Failed to resolve 'www.mprenewable.nic.in' ([Errno -2] Name or service not known)"))
2026-08-22 03:30:35,838 INFO daily_update MP Urja Vikas Nigam: 0 accepted; Failed
2026-08-22 03:30:40,796 INFO daily_update MSEDCL: 0 accepted; Success
2026-08-22 03:30:43,370 INFO daily_update MAHAGENCO: 0 accepted; Success
2026-08-22 03:30:53,052 ERROR connector.GUVNL Connector failed
Traceback (most recent call last):
  File "/home/runner/work/Renewable-tender-tracker/Renewable-tender-tracker/Python/connectors/base.py", line 50, in run
    result.records = self.parse(self.fetch())
                                ^^^^^^^^^^^^
  File "/home/runner/work/Renewable-tender-tracker/Renewable-tender-tracker/Python/connectors/base.py", line 45, in fetch
    return get_text(self.source_url)
           ^^^^^^^^^^^^^^^^^^^^^^^^^
  File "/home/runner/work/Renewable-tender-tracker/Renewable-tender-tracker/Python/core/http.py", line 21, in get_text
    raise RuntimeError(f"Unable to fetch {url}: {last_error}")
RuntimeError: Unable to fetch https://www.guvnl.com/: HTTPSConnectionPool(host='www.guvnl.com', port=443): Max retries exceeded with url: / (Caused by SSLError(SSLEOFError(8, '[SSL: UNEXPECTED_EOF_WHILE_READING] EOF occurred in violation of protocol (_ssl.c:1010)')))
2026-08-22 03:30:53,053 INFO daily_update GUVNL: 0 accepted; Failed
2026-08-22 03:33:18,229 ERROR connector.GPCL Connector failed
Traceback (most recent call last):
  File "/home/runner/work/Renewable-tender-tracker/Renewable-tender-tracker/Python/connectors/base.py", line 50, in run
    result.records = self.parse(self.fetch())
                                ^^^^^^^^^^^^
  File "/home/runner/work/Renewable-tender-tracker/Renewable-tender-tracker/Python/connectors/base.py", line 45, in fetch
    return get_text(self.source_url)
           ^^^^^^^^^^^^^^^^^^^^^^^^^
  File "/home/runner/work/Renewable-tender-tracker/Renewable-tender-tracker/Python/core/http.py", line 21, in get_text
    raise RuntimeError(f"Unable to fetch {url}: {last_error}")
RuntimeError: Unable to fetch https://gpcl.gujarat.gov.in/: HTTPSConnectionPool(host='gpcl.gujarat.gov.in', port=443): Read timed out. (read timeout=45)
2026-08-22 03:33:18,229 INFO daily_update GPCL: 0 accepted; Failed
2026-08-22 03:33:19,454 INFO daily_update APSPDCL: 0 accepted; Success
2026-08-22 03:33:21,455 INFO daily_update APGENCO: 0 accepted; Success
2026-08-22 03:33:31,014 ERROR connector.NREDCAP Connector failed
Traceback (most recent call last):
  File "/home/runner/work/Renewable-tender-tracker/Renewable-tender-tracker/Python/connectors/base.py", line 50, in run
    result.records = self.parse(self.fetch())
                                ^^^^^^^^^^^^
  File "/home/runner/work/Renewable-tender-tracker/Renewable-tender-tracker/Python/connectors/base.py", line 45, in fetch
    return get_text(self.source_url)
           ^^^^^^^^^^^^^^^^^^^^^^^^^
  File "/home/runner/work/Renewable-tender-tracker/Renewable-tender-tracker/Python/core/http.py", line 21, in get_text
    raise RuntimeError(f"Unable to fetch {url}: {last_error}")
RuntimeError: Unable to fetch https://nredcap.in/: HTTPSConnectionPool(host='nredcap.in', port=443): Max retries exceeded with url: / (Caused by SSLError(SSLCertVerificationError(1, '[SSL: CERTIFICATE_VERIFY_FAILED] certificate verify failed: unable to get local issuer certificate (_ssl.c:1010)')))
2026-08-22 03:33:31,014 INFO daily_update NREDCAP: 0 accepted; Failed
2026-08-22 03:33:39,542 ERROR connector.TGNPDCL Connector failed
Traceback (most recent call last):
  File "/home/runner/work/Renewable-tender-tracker/Renewable-tender-tracker/Python/connectors/base.py", line 50, in run
    result.records = self.parse(self.fetch())
                                ^^^^^^^^^^^^
  File "/home/runner/work/Renewable-tender-tracker/Renewable-tender-tracker/Python/connectors/base.py", line 45, in fetch
    return get_text(self.source_url)
           ^^^^^^^^^^^^^^^^^^^^^^^^^
  File "/home/runner/work/Renewable-tender-tracker/Renewable-tender-tracker/Python/core/http.py", line 21, in get_text
    raise RuntimeError(f"Unable to fetch {url}: {last_error}")
RuntimeError: Unable to fetch https://tgnpdcl.com/: HTTPSConnectionPool(host='tgnpdcl.com', port=443): Max retries exceeded with url: / (Caused by SSLError(SSLError(1, '[SSL: SSLV3_ALERT_HANDSHAKE_FAILURE] sslv3 alert handshake failure (_ssl.c:1010)')))
2026-08-22 03:33:39,542 INFO daily_update TGNPDCL: 0 accepted; Failed
2026-08-22 03:33:40,205 INFO daily_update TSSPDCL: 0 accepted; Success
2026-08-22 03:34:15,690 ERROR connector.TNGECL Connector failed
Traceback (most recent call last):
  File "/home/runner/work/Renewable-tender-tracker/Renewable-tender-tracker/Python/connectors/base.py", line 50, in run
    result.records = self.parse(self.fetch())
                                ^^^^^^^^^^^^
  File "/home/runner/work/Renewable-tender-tracker/Renewable-tender-tracker/Python/connectors/base.py", line 45, in fetch
    return get_text(self.source_url)
           ^^^^^^^^^^^^^^^^^^^^^^^^^
  File "/home/runner/work/Renewable-tender-tracker/Renewable-tender-tracker/Python/core/http.py", line 21, in get_text
    raise RuntimeError(f"Unable to fetch {url}: {last_error}")
RuntimeError: Unable to fetch https://www.tangedco.gov.in/: HTTPSConnectionPool(host='www.tangedco.gov.in', port=443): Max retries exceeded with url: / (Caused by NameResolutionError("HTTPSConnection(host='www.tangedco.gov.in', port=443): Failed to resolve 'www.tangedco.gov.in' ([Errno -3] Temporary failure in name resolution)"))
2026-08-22 03:34:15,690 INFO daily_update TNGECL: 0 accepted; Failed
2026-08-22 03:34:46,325 ERROR connector.TANTRANSCO Connector failed
Traceback (most recent call last):
  File "/home/runner/work/Renewable-tender-tracker/Renewable-tender-tracker/Python/connectors/base.py", line 50, in run
    result.records = self.parse(self.fetch())
                                ^^^^^^^^^^^^
  File "/home/runner/work/Renewable-tender-tracker/Renewable-tender-tracker/Python/connectors/base.py", line 45, in fetch
    return get_text(self.source_url)
           ^^^^^^^^^^^^^^^^^^^^^^^^^
  File "/home/runner/work/Renewable-tender-tracker/Renewable-tender-tracker/Python/core/http.py", line 21, in get_text
    raise RuntimeError(f"Unable to fetch {url}: {last_error}")
RuntimeError: Unable to fetch https://www.tantransco.gov.in/: HTTPSConnectionPool(host='www.tantransco.gov.in', port=443): Max retries exceeded with url: / (Caused by NameResolutionError("HTTPSConnection(host='www.tantransco.gov.in', port=443): Failed to resolve 'www.tantransco.gov.in' ([Errno -3] Temporary failure in name resolution)"))
2026-08-22 03:34:46,326 INFO daily_update TANTRANSCO: 0 accepted; Failed
2026-08-22 03:34:47,758 INFO daily_update GRIDCO: 2 accepted; Success
2026-08-22 03:34:49,733 INFO daily_update HAREDA: 0 accepted; Success
2026-08-22 03:34:52,947 INFO daily_update PSPCL: 0 accepted; Success
2026-08-22 03:37:15,481 ERROR connector.UPNEDA Connector failed
Traceback (most recent call last):
  File "/home/runner/work/Renewable-tender-tracker/Renewable-tender-tracker/Python/connectors/base.py", line 50, in run
    result.records = self.parse(self.fetch())
                                ^^^^^^^^^^^^
  File "/home/runner/work/Renewable-tender-tracker/Renewable-tender-tracker/Python/connectors/portals.py", line 24, in fetch
    return super().fetch()
           ^^^^^^^^^^^^^^^
  File "/home/runner/work/Renewable-tender-tracker/Renewable-tender-tracker/Python/connectors/base.py", line 45, in fetch
    return get_text(self.source_url)
           ^^^^^^^^^^^^^^^^^^^^^^^^^
  File "/home/runner/work/Renewable-tender-tracker/Renewable-tender-tracker/Python/core/http.py", line 21, in get_text
    raise RuntimeError(f"Unable to fetch {url}: {last_error}")
RuntimeError: Unable to fetch https://upneda.org.in/: HTTPSConnectionPool(host='upneda.org.in', port=443): Max retries exceeded with url: / (Caused by ConnectTimeoutError(<HTTPSConnection(host='upneda.org.in', port=443) at 0x7fd63b148620>, 'Connection to upneda.org.in timed out. (connect timeout=45)'))
2026-08-22 03:37:15,481 INFO daily_update UPNEDA: 0 accepted; Failed
2026-08-22 03:37:16,487 INFO daily_update BSPHCL: 0 accepted; Success
2026-08-23 03:29:20,224 INFO daily_update SECI: 8 accepted; Success
2026-08-23 03:29:21,536 INFO daily_update NTPC REL: 1 accepted; Success
2026-08-23 03:29:37,056 INFO daily_update NHPC: 0 accepted; Success
2026-08-23 03:29:39,133 INFO daily_update SJVN: 0 accepted; Success
2026-08-23 03:34:16,459 ERROR connector.NLCIL Connector failed
Traceback (most recent call last):
  File "/home/runner/work/Renewable-tender-tracker/Renewable-tender-tracker/Python/connectors/base.py", line 50, in run
    result.records = self.parse(self.fetch())
                                ^^^^^^^^^^^^
  File "/home/runner/work/Renewable-tender-tracker/Renewable-tender-tracker/Python/connectors/base.py", line 45, in fetch
    return get_text(self.source_url)
           ^^^^^^^^^^^^^^^^^^^^^^^^^
  File "/home/runner/work/Renewable-tender-tracker/Renewable-tender-tracker/Python/core/http.py", line 21, in get_text
    raise RuntimeError(f"Unable to fetch {url}: {last_error}")
RuntimeError: Unable to fetch https://www.nlcindia.in/: HTTPSConnectionPool(host='www.nlcindia.in', port=443): Max retries exceeded with url: / (Caused by ConnectTimeoutError(<HTTPSConnection(host='www.nlcindia.in', port=443) at 0x7f49c7242de0>, 'Connection to www.nlcindia.in timed out. (connect timeout=45)'))
2026-08-23 03:34:16,460 INFO daily_update NLCIL: 0 accepted; Failed
2026-08-23 03:34:26,465 ERROR connector.GUVNL (ISTS) Connector failed
Traceback (most recent call last):
  File "/home/runner/work/Renewable-tender-tracker/Renewable-tender-tracker/Python/connectors/base.py", line 50, in run
    result.records = self.parse(self.fetch())
                                ^^^^^^^^^^^^
  File "/home/runner/work/Renewable-tender-tracker/Renewable-tender-tracker/Python/connectors/base.py", line 45, in fetch
    return get_text(self.source_url)
           ^^^^^^^^^^^^^^^^^^^^^^^^^
  File "/home/runner/work/Renewable-tender-tracker/Renewable-tender-tracker/Python/core/http.py", line 21, in get_text
    raise RuntimeError(f"Unable to fetch {url}: {last_error}")
RuntimeError: Unable to fetch https://www.guvnl.com/: HTTPSConnectionPool(host='www.guvnl.com', port=443): Max retries exceeded with url: / (Caused by SSLError(SSLEOFError(8, '[SSL: UNEXPECTED_EOF_WHILE_READING] EOF occurred in violation of protocol (_ssl.c:1010)')))
2026-08-23 03:34:26,465 INFO daily_update GUVNL (ISTS): 0 accepted; Failed
2026-08-23 03:36:48,690 ERROR connector.REMCL Connector failed
Traceback (most recent call last):
  File "/home/runner/work/Renewable-tender-tracker/Renewable-tender-tracker/Python/connectors/base.py", line 50, in run
    result.records = self.parse(self.fetch())
                                ^^^^^^^^^^^^
  File "/home/runner/work/Renewable-tender-tracker/Renewable-tender-tracker/Python/connectors/base.py", line 45, in fetch
    return get_text(self.source_url)
           ^^^^^^^^^^^^^^^^^^^^^^^^^
  File "/home/runner/work/Renewable-tender-tracker/Renewable-tender-tracker/Python/core/http.py", line 21, in get_text
    raise RuntimeError(f"Unable to fetch {url}: {last_error}")
RuntimeError: Unable to fetch https://www.remcl.in/: HTTPSConnectionPool(host='www.remcl.in', port=443): Max retries exceeded with url: / (Caused by ConnectTimeoutError(<HTTPSConnection(host='www.remcl.in', port=443) at 0x7f49c72432c0>, 'Connection to www.remcl.in timed out. (connect timeout=45)'))
2026-08-23 03:36:48,691 INFO daily_update REMCL: 0 accepted; Failed
2026-08-23 03:36:50,716 INFO daily_update RUVNL: 0 accepted; Success
2026-08-23 03:36:51,997 INFO daily_update RVPN: 0 accepted; Success
2026-08-23 03:36:53,539 INFO daily_update KREDL: 0 accepted; Success
2026-08-23 03:39:16,699 ERROR connector.KPTCL Connector failed
Traceback (most recent call last):
  File "/home/runner/work/Renewable-tender-tracker/Renewable-tender-tracker/Python/connectors/base.py", line 50, in run
    result.records = self.parse(self.fetch())
                                ^^^^^^^^^^^^
  File "/home/runner/work/Renewable-tender-tracker/Renewable-tender-tracker/Python/connectors/base.py", line 45, in fetch
    return get_text(self.source_url)
           ^^^^^^^^^^^^^^^^^^^^^^^^^
  File "/home/runner/work/Renewable-tender-tracker/Renewable-tender-tracker/Python/core/http.py", line 21, in get_text
    raise RuntimeError(f"Unable to fetch {url}: {last_error}")
RuntimeError: Unable to fetch https://kptcl.karnataka.gov.in/: HTTPSConnectionPool(host='kptcl.karnataka.gov.in', port=443): Max retries exceeded with url: / (Caused by ConnectTimeoutError(<HTTPSConnection(host='kptcl.karnataka.gov.in', port=443) at 0x7f49c71628d0>, 'Connection to kptcl.karnataka.gov.in timed out. (connect timeout=45)'))
2026-08-23 03:39:16,699 INFO daily_update KPTCL: 0 accepted; Failed
2026-08-23 03:39:24,753 ERROR connector.KPCL Connector failed
Traceback (most recent call last):
  File "/home/runner/work/Renewable-tender-tracker/Renewable-tender-tracker/Python/connectors/base.py", line 50, in run
    result.records = self.parse(self.fetch())
                                ^^^^^^^^^^^^
  File "/home/runner/work/Renewable-tender-tracker/Renewable-tender-tracker/Python/connectors/base.py", line 45, in fetch
    return get_text(self.source_url)
           ^^^^^^^^^^^^^^^^^^^^^^^^^
  File "/home/runner/work/Renewable-tender-tracker/Renewable-tender-tracker/Python/core/http.py", line 21, in get_text
    raise RuntimeError(f"Unable to fetch {url}: {last_error}")
RuntimeError: Unable to fetch https://karnatakapower.com/: HTTPSConnectionPool(host='karnatakapower.com', port=443): Max retries exceeded with url: / (Caused by SSLError(SSLCertVerificationError(1, "[SSL: CERTIFICATE_VERIFY_FAILED] certificate verify failed: Hostname mismatch, certificate is not valid for 'karnatakapower.com'. (_ssl.c:1010)")))
2026-08-23 03:39:24,753 INFO daily_update KPCL: 0 accepted; Failed
2026-08-23 03:39:27,138 INFO daily_update MPUVNL: 0 accepted; Success
2026-08-23 03:39:27,880 INFO daily_update MPPMCL: 0 accepted; Success
2026-08-23 03:39:35,718 ERROR connector.MP Urja Vikas Nigam Connector failed
Traceback (most recent call last):
  File "/home/runner/work/Renewable-tender-tracker/Renewable-tender-tracker/Python/connectors/base.py", line 50, in run
    result.records = self.parse(self.fetch())
                                ^^^^^^^^^^^^
  File "/home/runner/work/Renewable-tender-tracker/Renewable-tender-tracker/Python/connectors/base.py", line 45, in fetch
    return get_text(self.source_url)
           ^^^^^^^^^^^^^^^^^^^^^^^^^
  File "/home/runner/work/Renewable-tender-tracker/Renewable-tender-tracker/Python/core/http.py", line 21, in get_text
    raise RuntimeError(f"Unable to fetch {url}: {last_error}")
RuntimeError: Unable to fetch https://www.mprenewable.nic.in/: HTTPSConnectionPool(host='www.mprenewable.nic.in', port=443): Max retries exceeded with url: / (Caused by NameResolutionError("HTTPSConnection(host='www.mprenewable.nic.in', port=443): Failed to resolve 'www.mprenewable.nic.in' ([Errno -2] Name or service not known)"))
2026-08-23 03:39:35,719 INFO daily_update MP Urja Vikas Nigam: 0 accepted; Failed
2026-08-23 03:39:40,585 INFO daily_update MSEDCL: 0 accepted; Success
2026-08-23 03:39:42,435 INFO daily_update MAHAGENCO: 0 accepted; Success
2026-08-23 03:39:52,402 ERROR connector.GUVNL Connector failed
Traceback (most recent call last):
  File "/home/runner/work/Renewable-tender-tracker/Renewable-tender-tracker/Python/connectors/base.py", line 50, in run
    result.records = self.parse(self.fetch())
                                ^^^^^^^^^^^^
  File "/home/runner/work/Renewable-tender-tracker/Renewable-tender-tracker/Python/connectors/base.py", line 45, in fetch
    return get_text(self.source_url)
           ^^^^^^^^^^^^^^^^^^^^^^^^^
  File "/home/runner/work/Renewable-tender-tracker/Renewable-tender-tracker/Python/core/http.py", line 21, in get_text
    raise RuntimeError(f"Unable to fetch {url}: {last_error}")
RuntimeError: Unable to fetch https://www.guvnl.com/: HTTPSConnectionPool(host='www.guvnl.com', port=443): Max retries exceeded with url: / (Caused by SSLError(SSLEOFError(8, '[SSL: UNEXPECTED_EOF_WHILE_READING] EOF occurred in violation of protocol (_ssl.c:1010)')))
2026-08-23 03:39:52,402 INFO daily_update GUVNL: 0 accepted; Failed
2026-08-23 03:42:15,579 ERROR connector.GPCL Connector failed
Traceback (most recent call last):
  File "/home/runner/work/Renewable-tender-tracker/Renewable-tender-tracker/Python/connectors/base.py", line 50, in run
    result.records = self.parse(self.fetch())
                                ^^^^^^^^^^^^
  File "/home/runner/work/Renewable-tender-tracker/Renewable-tender-tracker/Python/connectors/base.py", line 45, in fetch
    return get_text(self.source_url)
           ^^^^^^^^^^^^^^^^^^^^^^^^^
  File "/home/runner/work/Renewable-tender-tracker/Renewable-tender-tracker/Python/core/http.py", line 21, in get_text
    raise RuntimeError(f"Unable to fetch {url}: {last_error}")
RuntimeError: Unable to fetch https://gpcl.gujarat.gov.in/: HTTPSConnectionPool(host='gpcl.gujarat.gov.in', port=443): Read timed out. (read timeout=45)
2026-08-23 03:42:15,579 INFO daily_update GPCL: 0 accepted; Failed
2026-08-23 03:42:16,803 INFO daily_update APSPDCL: 0 accepted; Success
2026-08-23 03:42:18,984 INFO daily_update APGENCO: 0 accepted; Success
2026-08-23 03:42:27,786 ERROR connector.NREDCAP Connector failed
Traceback (most recent call last):
  File "/home/runner/work/Renewable-tender-tracker/Renewable-tender-tracker/Python/connectors/base.py", line 50, in run
    result.records = self.parse(self.fetch())
                                ^^^^^^^^^^^^
  File "/home/runner/work/Renewable-tender-tracker/Renewable-tender-tracker/Python/connectors/base.py", line 45, in fetch
    return get_text(self.source_url)
           ^^^^^^^^^^^^^^^^^^^^^^^^^
  File "/home/runner/work/Renewable-tender-tracker/Renewable-tender-tracker/Python/core/http.py", line 21, in get_text
    raise RuntimeError(f"Unable to fetch {url}: {last_error}")
RuntimeError: Unable to fetch https://nredcap.in/: HTTPSConnectionPool(host='nredcap.in', port=443): Max retries exceeded with url: / (Caused by SSLError(SSLCertVerificationError(1, '[SSL: CERTIFICATE_VERIFY_FAILED] certificate verify failed: unable to get local issuer certificate (_ssl.c:1010)')))
2026-08-23 03:42:27,787 INFO daily_update NREDCAP: 0 accepted; Failed
2026-08-23 03:42:36,834 ERROR connector.TGNPDCL Connector failed
Traceback (most recent call last):
  File "/home/runner/work/Renewable-tender-tracker/Renewable-tender-tracker/Python/connectors/base.py", line 50, in run
    result.records = self.parse(self.fetch())
                                ^^^^^^^^^^^^
  File "/home/runner/work/Renewable-tender-tracker/Renewable-tender-tracker/Python/connectors/base.py", line 45, in fetch
    return get_text(self.source_url)
           ^^^^^^^^^^^^^^^^^^^^^^^^^
  File "/home/runner/work/Renewable-tender-tracker/Renewable-tender-tracker/Python/core/http.py", line 21, in get_text
    raise RuntimeError(f"Unable to fetch {url}: {last_error}")
RuntimeError: Unable to fetch https://tgnpdcl.com/: HTTPSConnectionPool(host='tgnpdcl.com', port=443): Max retries exceeded with url: / (Caused by SSLError(SSLError(1, '[SSL: SSLV3_ALERT_HANDSHAKE_FAILURE] sslv3 alert handshake failure (_ssl.c:1010)')))
2026-08-23 03:42:36,835 INFO daily_update TGNPDCL: 0 accepted; Failed
2026-08-23 03:42:37,858 INFO daily_update TSSPDCL: 0 accepted; Success
2026-08-23 03:43:14,843 ERROR connector.TNGECL Connector failed
Traceback (most recent call last):
  File "/home/runner/work/Renewable-tender-tracker/Renewable-tender-tracker/Python/connectors/base.py", line 50, in run
    result.records = self.parse(self.fetch())
                                ^^^^^^^^^^^^
  File "/home/runner/work/Renewable-tender-tracker/Renewable-tender-tracker/Python/connectors/base.py", line 45, in fetch
    return get_text(self.source_url)
           ^^^^^^^^^^^^^^^^^^^^^^^^^
  File "/home/runner/work/Renewable-tender-tracker/Renewable-tender-tracker/Python/core/http.py", line 21, in get_text
    raise RuntimeError(f"Unable to fetch {url}: {last_error}")
RuntimeError: Unable to fetch https://www.tangedco.gov.in/: HTTPSConnectionPool(host='www.tangedco.gov.in', port=443): Max retries exceeded with url: / (Caused by NameResolutionError("HTTPSConnection(host='www.tangedco.gov.in', port=443): Failed to resolve 'www.tangedco.gov.in' ([Errno -3] Temporary failure in name resolution)"))
2026-08-23 03:43:14,844 INFO daily_update TNGECL: 0 accepted; Failed
2026-08-23 03:43:46,997 ERROR connector.TANTRANSCO Connector failed
Traceback (most recent call last):
  File "/home/runner/work/Renewable-tender-tracker/Renewable-tender-tracker/Python/connectors/base.py", line 50, in run
    result.records = self.parse(self.fetch())
                                ^^^^^^^^^^^^
  File "/home/runner/work/Renewable-tender-tracker/Renewable-tender-tracker/Python/connectors/base.py", line 45, in fetch
    return get_text(self.source_url)
           ^^^^^^^^^^^^^^^^^^^^^^^^^
  File "/home/runner/work/Renewable-tender-tracker/Renewable-tender-tracker/Python/core/http.py", line 21, in get_text
    raise RuntimeError(f"Unable to fetch {url}: {last_error}")
RuntimeError: Unable to fetch https://www.tantransco.gov.in/: HTTPSConnectionPool(host='www.tantransco.gov.in', port=443): Max retries exceeded with url: / (Caused by NameResolutionError("HTTPSConnection(host='www.tantransco.gov.in', port=443): Failed to resolve 'www.tantransco.gov.in' ([Errno -3] Temporary failure in name resolution)"))
2026-08-23 03:43:46,997 INFO daily_update TANTRANSCO: 0 accepted; Failed
2026-08-23 03:43:48,539 INFO daily_update GRIDCO: 2 accepted; Success
2026-08-23 03:43:50,165 INFO daily_update HAREDA: 0 accepted; Success
2026-08-23 03:43:54,157 INFO daily_update PSPCL: 0 accepted; Success
2026-08-23 03:46:16,411 ERROR connector.UPNEDA Connector failed
Traceback (most recent call last):
  File "/home/runner/work/Renewable-tender-tracker/Renewable-tender-tracker/Python/connectors/base.py", line 50, in run
    result.records = self.parse(self.fetch())
                                ^^^^^^^^^^^^
  File "/home/runner/work/Renewable-tender-tracker/Renewable-tender-tracker/Python/connectors/portals.py", line 24, in fetch
    return super().fetch()
           ^^^^^^^^^^^^^^^
  File "/home/runner/work/Renewable-tender-tracker/Renewable-tender-tracker/Python/connectors/base.py", line 45, in fetch
    return get_text(self.source_url)
           ^^^^^^^^^^^^^^^^^^^^^^^^^
  File "/home/runner/work/Renewable-tender-tracker/Renewable-tender-tracker/Python/core/http.py", line 21, in get_text
    raise RuntimeError(f"Unable to fetch {url}: {last_error}")
RuntimeError: Unable to fetch https://upneda.org.in/: HTTPSConnectionPool(host='upneda.org.in', port=443): Max retries exceeded with url: / (Caused by ConnectTimeoutError(<HTTPSConnection(host='upneda.org.in', port=443) at 0x7f49c90746b0>, 'Connection to upneda.org.in timed out. (connect timeout=45)'))
2026-08-23 03:46:16,412 INFO daily_update UPNEDA: 0 accepted; Failed
2026-08-23 03:46:17,666 INFO daily_update BSPHCL: 0 accepted; Success
2026-08-24 03:31:07,047 INFO daily_update SECI: 8 accepted; Success
2026-08-24 03:31:08,439 INFO daily_update NTPC REL: 1 accepted; Success
2026-08-24 03:31:24,721 INFO daily_update NHPC: 0 accepted; Success
2026-08-24 03:31:28,814 INFO daily_update SJVN: 0 accepted; Success
2026-08-24 03:36:06,202 ERROR connector.NLCIL Connector failed
Traceback (most recent call last):
  File "/home/runner/work/Renewable-tender-tracker/Renewable-tender-tracker/Python/connectors/base.py", line 50, in run
    result.records = self.parse(self.fetch())
                                ^^^^^^^^^^^^
  File "/home/runner/work/Renewable-tender-tracker/Renewable-tender-tracker/Python/connectors/base.py", line 45, in fetch
    return get_text(self.source_url)
           ^^^^^^^^^^^^^^^^^^^^^^^^^
  File "/home/runner/work/Renewable-tender-tracker/Renewable-tender-tracker/Python/core/http.py", line 21, in get_text
    raise RuntimeError(f"Unable to fetch {url}: {last_error}")
RuntimeError: Unable to fetch https://www.nlcindia.in/: HTTPSConnectionPool(host='www.nlcindia.in', port=443): Max retries exceeded with url: / (Caused by ConnectTimeoutError(<HTTPSConnection(host='www.nlcindia.in', port=443) at 0x7f25c256b590>, 'Connection to www.nlcindia.in timed out. (connect timeout=45)'))
2026-08-24 03:36:06,203 INFO daily_update NLCIL: 0 accepted; Failed
2026-08-24 03:36:15,870 ERROR connector.GUVNL (ISTS) Connector failed
Traceback (most recent call last):
  File "/home/runner/work/Renewable-tender-tracker/Renewable-tender-tracker/Python/connectors/base.py", line 50, in run
    result.records = self.parse(self.fetch())
                                ^^^^^^^^^^^^
  File "/home/runner/work/Renewable-tender-tracker/Renewable-tender-tracker/Python/connectors/base.py", line 45, in fetch
    return get_text(self.source_url)
           ^^^^^^^^^^^^^^^^^^^^^^^^^
  File "/home/runner/work/Renewable-tender-tracker/Renewable-tender-tracker/Python/core/http.py", line 21, in get_text
    raise RuntimeError(f"Unable to fetch {url}: {last_error}")
RuntimeError: Unable to fetch https://www.guvnl.com/: HTTPSConnectionPool(host='www.guvnl.com', port=443): Max retries exceeded with url: / (Caused by SSLError(SSLEOFError(8, '[SSL: UNEXPECTED_EOF_WHILE_READING] EOF occurred in violation of protocol (_ssl.c:1010)')))
2026-08-24 03:36:15,871 INFO daily_update GUVNL (ISTS): 0 accepted; Failed
2026-08-24 03:38:38,106 ERROR connector.REMCL Connector failed
Traceback (most recent call last):
  File "/home/runner/work/Renewable-tender-tracker/Renewable-tender-tracker/Python/connectors/base.py", line 50, in run
    result.records = self.parse(self.fetch())
                                ^^^^^^^^^^^^
  File "/home/runner/work/Renewable-tender-tracker/Renewable-tender-tracker/Python/connectors/base.py", line 45, in fetch
    return get_text(self.source_url)
           ^^^^^^^^^^^^^^^^^^^^^^^^^
  File "/home/runner/work/Renewable-tender-tracker/Renewable-tender-tracker/Python/core/http.py", line 21, in get_text
    raise RuntimeError(f"Unable to fetch {url}: {last_error}")
RuntimeError: Unable to fetch https://www.remcl.in/: HTTPSConnectionPool(host='www.remcl.in', port=443): Max retries exceeded with url: / (Caused by ConnectTimeoutError(<HTTPSConnection(host='www.remcl.in', port=443) at 0x7f25c256b9b0>, 'Connection to www.remcl.in timed out. (connect timeout=45)'))
2026-08-24 03:38:38,106 INFO daily_update REMCL: 0 accepted; Failed
2026-08-24 03:38:40,041 INFO daily_update RUVNL: 0 accepted; Success
2026-08-24 03:38:41,217 INFO daily_update RVPN: 0 accepted; Success
2026-08-24 03:38:42,407 INFO daily_update KREDL: 0 accepted; Success
2026-08-24 03:41:10,463 ERROR connector.KPTCL Connector failed
Traceback (most recent call last):
  File "/home/runner/work/Renewable-tender-tracker/Renewable-tender-tracker/Python/connectors/base.py", line 50, in run
    result.records = self.parse(self.fetch())
                                ^^^^^^^^^^^^
  File "/home/runner/work/Renewable-tender-tracker/Renewable-tender-tracker/Python/connectors/base.py", line 45, in fetch
    return get_text(self.source_url)
           ^^^^^^^^^^^^^^^^^^^^^^^^^
  File "/home/runner/work/Renewable-tender-tracker/Renewable-tender-tracker/Python/core/http.py", line 21, in get_text
    raise RuntimeError(f"Unable to fetch {url}: {last_error}")
RuntimeError: Unable to fetch https://kptcl.karnataka.gov.in/: HTTPSConnectionPool(host='kptcl.karnataka.gov.in', port=443): Max retries exceeded with url: / (Caused by ConnectTimeoutError(<HTTPSConnection(host='kptcl.karnataka.gov.in', port=443) at 0x7f25c24874a0>, 'Connection to kptcl.karnataka.gov.in timed out. (connect timeout=45)'))
2026-08-24 03:41:10,463 INFO daily_update KPTCL: 0 accepted; Failed
2026-08-24 03:41:18,219 ERROR connector.KPCL Connector failed
Traceback (most recent call last):
  File "/home/runner/work/Renewable-tender-tracker/Renewable-tender-tracker/Python/connectors/base.py", line 50, in run
    result.records = self.parse(self.fetch())
                                ^^^^^^^^^^^^
  File "/home/runner/work/Renewable-tender-tracker/Renewable-tender-tracker/Python/connectors/base.py", line 45, in fetch
    return get_text(self.source_url)
           ^^^^^^^^^^^^^^^^^^^^^^^^^
  File "/home/runner/work/Renewable-tender-tracker/Renewable-tender-tracker/Python/core/http.py", line 21, in get_text
    raise RuntimeError(f"Unable to fetch {url}: {last_error}")
RuntimeError: Unable to fetch https://karnatakapower.com/: HTTPSConnectionPool(host='karnatakapower.com', port=443): Max retries exceeded with url: / (Caused by SSLError(SSLCertVerificationError(1, "[SSL: CERTIFICATE_VERIFY_FAILED] certificate verify failed: Hostname mismatch, certificate is not valid for 'karnatakapower.com'. (_ssl.c:1010)")))
2026-08-24 03:41:18,220 INFO daily_update KPCL: 0 accepted; Failed
2026-08-24 03:41:20,729 INFO daily_update MPUVNL: 0 accepted; Success
2026-08-24 03:41:21,393 INFO daily_update MPPMCL: 0 accepted; Success
2026-08-24 03:41:29,657 ERROR connector.MP Urja Vikas Nigam Connector failed
Traceback (most recent call last):
  File "/home/runner/work/Renewable-tender-tracker/Renewable-tender-tracker/Python/connectors/base.py", line 50, in run
    result.records = self.parse(self.fetch())
                                ^^^^^^^^^^^^
  File "/home/runner/work/Renewable-tender-tracker/Renewable-tender-tracker/Python/connectors/base.py", line 45, in fetch
    return get_text(self.source_url)
           ^^^^^^^^^^^^^^^^^^^^^^^^^
  File "/home/runner/work/Renewable-tender-tracker/Renewable-tender-tracker/Python/core/http.py", line 21, in get_text
    raise RuntimeError(f"Unable to fetch {url}: {last_error}")
RuntimeError: Unable to fetch https://www.mprenewable.nic.in/: HTTPSConnectionPool(host='www.mprenewable.nic.in', port=443): Max retries exceeded with url: / (Caused by NameResolutionError("HTTPSConnection(host='www.mprenewable.nic.in', port=443): Failed to resolve 'www.mprenewable.nic.in' ([Errno -2] Name or service not known)"))
2026-08-24 03:41:29,658 INFO daily_update MP Urja Vikas Nigam: 0 accepted; Failed
2026-08-24 03:41:34,211 INFO daily_update MSEDCL: 0 accepted; Success
2026-08-24 03:41:35,956 INFO daily_update MAHAGENCO: 0 accepted; Success
2026-08-24 03:41:46,629 ERROR connector.GUVNL Connector failed
Traceback (most recent call last):
  File "/home/runner/work/Renewable-tender-tracker/Renewable-tender-tracker/Python/connectors/base.py", line 50, in run
    result.records = self.parse(self.fetch())
                                ^^^^^^^^^^^^
  File "/home/runner/work/Renewable-tender-tracker/Renewable-tender-tracker/Python/connectors/base.py", line 45, in fetch
    return get_text(self.source_url)
           ^^^^^^^^^^^^^^^^^^^^^^^^^
  File "/home/runner/work/Renewable-tender-tracker/Renewable-tender-tracker/Python/core/http.py", line 21, in get_text
    raise RuntimeError(f"Unable to fetch {url}: {last_error}")
RuntimeError: Unable to fetch https://www.guvnl.com/: HTTPSConnectionPool(host='www.guvnl.com', port=443): Max retries exceeded with url: / (Caused by SSLError(SSLEOFError(8, '[SSL: UNEXPECTED_EOF_WHILE_READING] EOF occurred in violation of protocol (_ssl.c:1010)')))
2026-08-24 03:41:46,630 INFO daily_update GUVNL: 0 accepted; Failed
2026-08-24 03:44:10,029 ERROR connector.GPCL Connector failed
Traceback (most recent call last):
  File "/home/runner/work/Renewable-tender-tracker/Renewable-tender-tracker/Python/connectors/base.py", line 50, in run
    result.records = self.parse(self.fetch())
                                ^^^^^^^^^^^^
  File "/home/runner/work/Renewable-tender-tracker/Renewable-tender-tracker/Python/connectors/base.py", line 45, in fetch
    return get_text(self.source_url)
           ^^^^^^^^^^^^^^^^^^^^^^^^^
  File "/home/runner/work/Renewable-tender-tracker/Renewable-tender-tracker/Python/core/http.py", line 21, in get_text
    raise RuntimeError(f"Unable to fetch {url}: {last_error}")
RuntimeError: Unable to fetch https://gpcl.gujarat.gov.in/: HTTPSConnectionPool(host='gpcl.gujarat.gov.in', port=443): Read timed out. (read timeout=45)
2026-08-24 03:44:10,029 INFO daily_update GPCL: 0 accepted; Failed
2026-08-24 03:44:11,397 INFO daily_update APSPDCL: 0 accepted; Success
2026-08-24 03:44:13,671 INFO daily_update APGENCO: 0 accepted; Success
2026-08-24 03:44:22,773 ERROR connector.NREDCAP Connector failed
Traceback (most recent call last):
  File "/home/runner/work/Renewable-tender-tracker/Renewable-tender-tracker/Python/connectors/base.py", line 50, in run
    result.records = self.parse(self.fetch())
                                ^^^^^^^^^^^^
  File "/home/runner/work/Renewable-tender-tracker/Renewable-tender-tracker/Python/connectors/base.py", line 45, in fetch
    return get_text(self.source_url)
           ^^^^^^^^^^^^^^^^^^^^^^^^^
  File "/home/runner/work/Renewable-tender-tracker/Renewable-tender-tracker/Python/core/http.py", line 21, in get_text
    raise RuntimeError(f"Unable to fetch {url}: {last_error}")
RuntimeError: Unable to fetch https://nredcap.in/: HTTPSConnectionPool(host='nredcap.in', port=443): Max retries exceeded with url: / (Caused by SSLError(SSLCertVerificationError(1, '[SSL: CERTIFICATE_VERIFY_FAILED] certificate verify failed: unable to get local issuer certificate (_ssl.c:1010)')))
2026-08-24 03:44:22,774 INFO daily_update NREDCAP: 0 accepted; Failed
2026-08-24 03:44:31,480 ERROR connector.TGNPDCL Connector failed
Traceback (most recent call last):
  File "/home/runner/work/Renewable-tender-tracker/Renewable-tender-tracker/Python/connectors/base.py", line 50, in run
    result.records = self.parse(self.fetch())
                                ^^^^^^^^^^^^
  File "/home/runner/work/Renewable-tender-tracker/Renewable-tender-tracker/Python/connectors/base.py", line 45, in fetch
    return get_text(self.source_url)
           ^^^^^^^^^^^^^^^^^^^^^^^^^
  File "/home/runner/work/Renewable-tender-tracker/Renewable-tender-tracker/Python/core/http.py", line 21, in get_text
    raise RuntimeError(f"Unable to fetch {url}: {last_error}")
RuntimeError: Unable to fetch https://tgnpdcl.com/: HTTPSConnectionPool(host='tgnpdcl.com', port=443): Max retries exceeded with url: / (Caused by SSLError(SSLError(1, '[SSL: SSLV3_ALERT_HANDSHAKE_FAILURE] sslv3 alert handshake failure (_ssl.c:1010)')))
2026-08-24 03:44:31,480 INFO daily_update TGNPDCL: 0 accepted; Failed
2026-08-24 03:44:32,284 INFO daily_update TSSPDCL: 0 accepted; Success
2026-08-24 03:45:09,345 ERROR connector.TNGECL Connector failed
Traceback (most recent call last):
  File "/home/runner/work/Renewable-tender-tracker/Renewable-tender-tracker/Python/connectors/base.py", line 50, in run
    result.records = self.parse(self.fetch())
                                ^^^^^^^^^^^^
  File "/home/runner/work/Renewable-tender-tracker/Renewable-tender-tracker/Python/connectors/base.py", line 45, in fetch
    return get_text(self.source_url)
           ^^^^^^^^^^^^^^^^^^^^^^^^^
  File "/home/runner/work/Renewable-tender-tracker/Renewable-tender-tracker/Python/core/http.py", line 21, in get_text
    raise RuntimeError(f"Unable to fetch {url}: {last_error}")
RuntimeError: Unable to fetch https://www.tangedco.gov.in/: HTTPSConnectionPool(host='www.tangedco.gov.in', port=443): Max retries exceeded with url: / (Caused by NameResolutionError("HTTPSConnection(host='www.tangedco.gov.in', port=443): Failed to resolve 'www.tangedco.gov.in' ([Errno -3] Temporary failure in name resolution)"))
2026-08-24 03:45:09,346 INFO daily_update TNGECL: 0 accepted; Failed
2026-08-24 03:45:46,401 ERROR connector.TANTRANSCO Connector failed
Traceback (most recent call last):
  File "/home/runner/work/Renewable-tender-tracker/Renewable-tender-tracker/Python/connectors/base.py", line 50, in run
    result.records = self.parse(self.fetch())
                                ^^^^^^^^^^^^
  File "/home/runner/work/Renewable-tender-tracker/Renewable-tender-tracker/Python/connectors/base.py", line 45, in fetch
    return get_text(self.source_url)
           ^^^^^^^^^^^^^^^^^^^^^^^^^
  File "/home/runner/work/Renewable-tender-tracker/Renewable-tender-tracker/Python/core/http.py", line 21, in get_text
    raise RuntimeError(f"Unable to fetch {url}: {last_error}")
RuntimeError: Unable to fetch https://www.tantransco.gov.in/: HTTPSConnectionPool(host='www.tantransco.gov.in', port=443): Max retries exceeded with url: / (Caused by NameResolutionError("HTTPSConnection(host='www.tantransco.gov.in', port=443): Failed to resolve 'www.tantransco.gov.in' ([Errno -3] Temporary failure in name resolution)"))
2026-08-24 03:45:46,402 INFO daily_update TANTRANSCO: 0 accepted; Failed
2026-08-24 03:45:48,042 INFO daily_update GRIDCO: 2 accepted; Success
2026-08-24 03:45:50,378 INFO daily_update HAREDA: 0 accepted; Success
2026-08-24 03:45:53,471 INFO daily_update PSPCL: 0 accepted; Success
2026-08-24 03:48:15,939 ERROR connector.UPNEDA Connector failed
Traceback (most recent call last):
  File "/home/runner/work/Renewable-tender-tracker/Renewable-tender-tracker/Python/connectors/base.py", line 50, in run
    result.records = self.parse(self.fetch())
                                ^^^^^^^^^^^^
  File "/home/runner/work/Renewable-tender-tracker/Renewable-tender-tracker/Python/connectors/portals.py", line 24, in fetch
    return super().fetch()
           ^^^^^^^^^^^^^^^
  File "/home/runner/work/Renewable-tender-tracker/Renewable-tender-tracker/Python/connectors/base.py", line 45, in fetch
    return get_text(self.source_url)
           ^^^^^^^^^^^^^^^^^^^^^^^^^
  File "/home/runner/work/Renewable-tender-tracker/Renewable-tender-tracker/Python/core/http.py", line 21, in get_text
    raise RuntimeError(f"Unable to fetch {url}: {last_error}")
RuntimeError: Unable to fetch https://upneda.org.in/: HTTPSConnectionPool(host='upneda.org.in', port=443): Max retries exceeded with url: / (Caused by ConnectTimeoutError(<HTTPSConnection(host='upneda.org.in', port=443) at 0x7f25c4426840>, 'Connection to upneda.org.in timed out. (connect timeout=45)'))
2026-08-24 03:48:15,940 INFO daily_update UPNEDA: 0 accepted; Failed
2026-08-24 03:48:16,940 INFO daily_update BSPHCL: 0 accepted; Success
2026-08-25 03:26:11,186 INFO daily_update SECI: 8 accepted; Success
2026-08-25 03:26:12,474 INFO daily_update NTPC REL: 1 accepted; Success
2026-08-25 03:26:26,684 INFO daily_update NHPC: 0 accepted; Success
2026-08-25 03:28:56,911 ERROR connector.SJVN Connector failed
Traceback (most recent call last):
  File "/home/runner/work/Renewable-tender-tracker/Renewable-tender-tracker/Python/connectors/base.py", line 50, in run
    result.records = self.parse(self.fetch())
                                ^^^^^^^^^^^^
  File "/home/runner/work/Renewable-tender-tracker/Renewable-tender-tracker/Python/connectors/base.py", line 45, in fetch
    return get_text(self.source_url)
           ^^^^^^^^^^^^^^^^^^^^^^^^^
  File "/home/runner/work/Renewable-tender-tracker/Renewable-tender-tracker/Python/core/http.py", line 21, in get_text
    raise RuntimeError(f"Unable to fetch {url}: {last_error}")
RuntimeError: Unable to fetch https://sjvn.nic.in/en/tender: HTTPSConnectionPool(host='sjvn.nic.in', port=443): Max retries exceeded with url: /en/tender (Caused by ConnectTimeoutError(<HTTPSConnection(host='sjvn.nic.in', port=443) at 0x7fa91f149cd0>, 'Connection to sjvn.nic.in timed out. (connect timeout=45)'))
2026-08-25 03:28:56,912 INFO daily_update SJVN: 0 accepted; Failed
2026-08-25 03:33:34,226 ERROR connector.NLCIL Connector failed
Traceback (most recent call last):
  File "/home/runner/work/Renewable-tender-tracker/Renewable-tender-tracker/Python/connectors/base.py", line 50, in run
    result.records = self.parse(self.fetch())
                                ^^^^^^^^^^^^
  File "/home/runner/work/Renewable-tender-tracker/Renewable-tender-tracker/Python/connectors/base.py", line 45, in fetch
    return get_text(self.source_url)
           ^^^^^^^^^^^^^^^^^^^^^^^^^
  File "/home/runner/work/Renewable-tender-tracker/Renewable-tender-tracker/Python/core/http.py", line 21, in get_text
    raise RuntimeError(f"Unable to fetch {url}: {last_error}")
RuntimeError: Unable to fetch https://www.nlcindia.in/: HTTPSConnectionPool(host='www.nlcindia.in', port=443): Max retries exceeded with url: / (Caused by ConnectTimeoutError(<HTTPSConnection(host='www.nlcindia.in', port=443) at 0x7fa91f14b740>, 'Connection to www.nlcindia.in timed out. (connect timeout=45)'))
2026-08-25 03:33:34,226 INFO daily_update NLCIL: 0 accepted; Failed
2026-08-25 03:33:44,031 ERROR connector.GUVNL (ISTS) Connector failed
Traceback (most recent call last):
  File "/home/runner/work/Renewable-tender-tracker/Renewable-tender-tracker/Python/connectors/base.py", line 50, in run
    result.records = self.parse(self.fetch())
                                ^^^^^^^^^^^^
  File "/home/runner/work/Renewable-tender-tracker/Renewable-tender-tracker/Python/connectors/base.py", line 45, in fetch
    return get_text(self.source_url)
           ^^^^^^^^^^^^^^^^^^^^^^^^^
  File "/home/runner/work/Renewable-tender-tracker/Renewable-tender-tracker/Python/core/http.py", line 21, in get_text
    raise RuntimeError(f"Unable to fetch {url}: {last_error}")
RuntimeError: Unable to fetch https://www.guvnl.com/: HTTPSConnectionPool(host='www.guvnl.com', port=443): Max retries exceeded with url: / (Caused by SSLError(SSLEOFError(8, '[SSL: UNEXPECTED_EOF_WHILE_READING] EOF occurred in violation of protocol (_ssl.c:1010)')))
2026-08-25 03:33:44,031 INFO daily_update GUVNL (ISTS): 0 accepted; Failed
2026-08-25 03:36:06,453 ERROR connector.REMCL Connector failed
Traceback (most recent call last):
  File "/home/runner/work/Renewable-tender-tracker/Renewable-tender-tracker/Python/connectors/base.py", line 50, in run
    result.records = self.parse(self.fetch())
                                ^^^^^^^^^^^^
  File "/home/runner/work/Renewable-tender-tracker/Renewable-tender-tracker/Python/connectors/base.py", line 45, in fetch
    return get_text(self.source_url)
           ^^^^^^^^^^^^^^^^^^^^^^^^^
  File "/home/runner/work/Renewable-tender-tracker/Renewable-tender-tracker/Python/core/http.py", line 21, in get_text
    raise RuntimeError(f"Unable to fetch {url}: {last_error}")
RuntimeError: Unable to fetch https://www.remcl.in/: HTTPSConnectionPool(host='www.remcl.in', port=443): Max retries exceeded with url: / (Caused by ConnectTimeoutError(<HTTPSConnection(host='www.remcl.in', port=443) at 0x7fa91f14b9b0>, 'Connection to www.remcl.in timed out. (connect timeout=45)'))
2026-08-25 03:36:06,454 INFO daily_update REMCL: 0 accepted; Failed
2026-08-25 03:36:08,532 INFO daily_update RUVNL: 0 accepted; Success
2026-08-25 03:36:56,130 INFO daily_update RVPN: 0 accepted; Success
2026-08-25 03:36:57,144 INFO daily_update KREDL: 0 accepted; Success
2026-08-25 03:39:24,382 ERROR connector.KPTCL Connector failed
Traceback (most recent call last):
  File "/home/runner/work/Renewable-tender-tracker/Renewable-tender-tracker/Python/connectors/base.py", line 50, in run
    result.records = self.parse(self.fetch())
                                ^^^^^^^^^^^^
  File "/home/runner/work/Renewable-tender-tracker/Renewable-tender-tracker/Python/connectors/base.py", line 45, in fetch
    return get_text(self.source_url)
           ^^^^^^^^^^^^^^^^^^^^^^^^^
  File "/home/runner/work/Renewable-tender-tracker/Renewable-tender-tracker/Python/core/http.py", line 21, in get_text
    raise RuntimeError(f"Unable to fetch {url}: {last_error}")
RuntimeError: Unable to fetch https://kptcl.karnataka.gov.in/: HTTPSConnectionPool(host='kptcl.karnataka.gov.in', port=443): Max retries exceeded with url: / (Caused by ConnectTimeoutError(<HTTPSConnection(host='kptcl.karnataka.gov.in', port=443) at 0x7fa922075430>, 'Connection to kptcl.karnataka.gov.in timed out. (connect timeout=45)'))
2026-08-25 03:39:24,383 INFO daily_update KPTCL: 0 accepted; Failed
2026-08-25 03:39:32,437 ERROR connector.KPCL Connector failed
Traceback (most recent call last):
  File "/home/runner/work/Renewable-tender-tracker/Renewable-tender-tracker/Python/connectors/base.py", line 50, in run
    result.records = self.parse(self.fetch())
                                ^^^^^^^^^^^^
  File "/home/runner/work/Renewable-tender-tracker/Renewable-tender-tracker/Python/connectors/base.py", line 45, in fetch
    return get_text(self.source_url)
           ^^^^^^^^^^^^^^^^^^^^^^^^^
  File "/home/runner/work/Renewable-tender-tracker/Renewable-tender-tracker/Python/core/http.py", line 21, in get_text
    raise RuntimeError(f"Unable to fetch {url}: {last_error}")
RuntimeError: Unable to fetch https://karnatakapower.com/: HTTPSConnectionPool(host='karnatakapower.com', port=443): Max retries exceeded with url: / (Caused by SSLError(SSLCertVerificationError(1, "[SSL: CERTIFICATE_VERIFY_FAILED] certificate verify failed: Hostname mismatch, certificate is not valid for 'karnatakapower.com'. (_ssl.c:1010)")))
2026-08-25 03:39:32,437 INFO daily_update KPCL: 0 accepted; Failed
2026-08-25 03:39:34,198 INFO daily_update MPUVNL: 0 accepted; Success
2026-08-25 03:39:34,746 INFO daily_update MPPMCL: 0 accepted; Success
2026-08-25 03:39:53,497 ERROR connector.MP Urja Vikas Nigam Connector failed
Traceback (most recent call last):
  File "/home/runner/work/Renewable-tender-tracker/Renewable-tender-tracker/Python/connectors/base.py", line 50, in run
    result.records = self.parse(self.fetch())
                                ^^^^^^^^^^^^
  File "/home/runner/work/Renewable-tender-tracker/Renewable-tender-tracker/Python/connectors/base.py", line 45, in fetch
    return get_text(self.source_url)
           ^^^^^^^^^^^^^^^^^^^^^^^^^
  File "/home/runner/work/Renewable-tender-tracker/Renewable-tender-tracker/Python/core/http.py", line 21, in get_text
    raise RuntimeError(f"Unable to fetch {url}: {last_error}")
RuntimeError: Unable to fetch https://www.mprenewable.nic.in/: HTTPSConnectionPool(host='www.mprenewable.nic.in', port=443): Max retries exceeded with url: / (Caused by NameResolutionError("HTTPSConnection(host='www.mprenewable.nic.in', port=443): Failed to resolve 'www.mprenewable.nic.in' ([Errno -2] Name or service not known)"))
2026-08-25 03:39:53,498 INFO daily_update MP Urja Vikas Nigam: 0 accepted; Failed
2026-08-25 03:39:58,863 INFO daily_update MSEDCL: 0 accepted; Success
2026-08-25 03:40:00,628 INFO daily_update MAHAGENCO: 0 accepted; Success
2026-08-25 03:40:11,863 ERROR connector.GUVNL Connector failed
Traceback (most recent call last):
  File "/home/runner/work/Renewable-tender-tracker/Renewable-tender-tracker/Python/connectors/base.py", line 50, in run
    result.records = self.parse(self.fetch())
                                ^^^^^^^^^^^^
  File "/home/runner/work/Renewable-tender-tracker/Renewable-tender-tracker/Python/connectors/base.py", line 45, in fetch
    return get_text(self.source_url)
           ^^^^^^^^^^^^^^^^^^^^^^^^^
  File "/home/runner/work/Renewable-tender-tracker/Renewable-tender-tracker/Python/core/http.py", line 21, in get_text
    raise RuntimeError(f"Unable to fetch {url}: {last_error}")
RuntimeError: Unable to fetch https://www.guvnl.com/: HTTPSConnectionPool(host='www.guvnl.com', port=443): Max retries exceeded with url: / (Caused by SSLError(SSLEOFError(8, '[SSL: UNEXPECTED_EOF_WHILE_READING] EOF occurred in violation of protocol (_ssl.c:1010)')))
2026-08-25 03:40:11,864 INFO daily_update GUVNL: 0 accepted; Failed
2026-08-25 03:42:35,211 ERROR connector.GPCL Connector failed
Traceback (most recent call last):
  File "/home/runner/work/Renewable-tender-tracker/Renewable-tender-tracker/Python/connectors/base.py", line 50, in run
    result.records = self.parse(self.fetch())
                                ^^^^^^^^^^^^
  File "/home/runner/work/Renewable-tender-tracker/Renewable-tender-tracker/Python/connectors/base.py", line 45, in fetch
    return get_text(self.source_url)
           ^^^^^^^^^^^^^^^^^^^^^^^^^
  File "/home/runner/work/Renewable-tender-tracker/Renewable-tender-tracker/Python/core/http.py", line 21, in get_text
    raise RuntimeError(f"Unable to fetch {url}: {last_error}")
RuntimeError: Unable to fetch https://gpcl.gujarat.gov.in/: HTTPSConnectionPool(host='gpcl.gujarat.gov.in', port=443): Read timed out. (read timeout=45)
2026-08-25 03:42:35,211 INFO daily_update GPCL: 0 accepted; Failed
2026-08-25 03:42:36,457 INFO daily_update APSPDCL: 0 accepted; Success
2026-08-25 03:42:38,623 INFO daily_update APGENCO: 0 accepted; Success
2026-08-25 03:42:47,267 ERROR connector.NREDCAP Connector failed
Traceback (most recent call last):
  File "/home/runner/work/Renewable-tender-tracker/Renewable-tender-tracker/Python/connectors/base.py", line 50, in run
    result.records = self.parse(self.fetch())
                                ^^^^^^^^^^^^
  File "/home/runner/work/Renewable-tender-tracker/Renewable-tender-tracker/Python/connectors/base.py", line 45, in fetch
    return get_text(self.source_url)
           ^^^^^^^^^^^^^^^^^^^^^^^^^
  File "/home/runner/work/Renewable-tender-tracker/Renewable-tender-tracker/Python/core/http.py", line 21, in get_text
    raise RuntimeError(f"Unable to fetch {url}: {last_error}")
RuntimeError: Unable to fetch https://nredcap.in/: HTTPSConnectionPool(host='nredcap.in', port=443): Max retries exceeded with url: / (Caused by SSLError(SSLCertVerificationError(1, '[SSL: CERTIFICATE_VERIFY_FAILED] certificate verify failed: unable to get local issuer certificate (_ssl.c:1010)')))
2026-08-25 03:42:47,268 INFO daily_update NREDCAP: 0 accepted; Failed
2026-08-25 03:42:55,775 ERROR connector.TGNPDCL Connector failed
Traceback (most recent call last):
  File "/home/runner/work/Renewable-tender-tracker/Renewable-tender-tracker/Python/connectors/base.py", line 50, in run
    result.records = self.parse(self.fetch())
                                ^^^^^^^^^^^^
  File "/home/runner/work/Renewable-tender-tracker/Renewable-tender-tracker/Python/connectors/base.py", line 45, in fetch
    return get_text(self.source_url)
           ^^^^^^^^^^^^^^^^^^^^^^^^^
  File "/home/runner/work/Renewable-tender-tracker/Renewable-tender-tracker/Python/core/http.py", line 21, in get_text
    raise RuntimeError(f"Unable to fetch {url}: {last_error}")
RuntimeError: Unable to fetch https://tgnpdcl.com/: HTTPSConnectionPool(host='tgnpdcl.com', port=443): Max retries exceeded with url: / (Caused by SSLError(SSLError(1, '[SSL: SSLV3_ALERT_HANDSHAKE_FAILURE] sslv3 alert handshake failure (_ssl.c:1010)')))
2026-08-25 03:42:55,775 INFO daily_update TGNPDCL: 0 accepted; Failed
2026-08-25 03:42:56,813 INFO daily_update TSSPDCL: 0 accepted; Success
2026-08-25 03:43:33,849 ERROR connector.TNGECL Connector failed
Traceback (most recent call last):
  File "/home/runner/work/Renewable-tender-tracker/Renewable-tender-tracker/Python/connectors/base.py", line 50, in run
    result.records = self.parse(self.fetch())
                                ^^^^^^^^^^^^
  File "/home/runner/work/Renewable-tender-tracker/Renewable-tender-tracker/Python/connectors/base.py", line 45, in fetch
    return get_text(self.source_url)
           ^^^^^^^^^^^^^^^^^^^^^^^^^
  File "/home/runner/work/Renewable-tender-tracker/Renewable-tender-tracker/Python/core/http.py", line 21, in get_text
    raise RuntimeError(f"Unable to fetch {url}: {last_error}")
RuntimeError: Unable to fetch https://www.tangedco.gov.in/: HTTPSConnectionPool(host='www.tangedco.gov.in', port=443): Max retries exceeded with url: / (Caused by NameResolutionError("HTTPSConnection(host='www.tangedco.gov.in', port=443): Failed to resolve 'www.tangedco.gov.in' ([Errno -3] Temporary failure in name resolution)"))
2026-08-25 03:43:33,849 INFO daily_update TNGECL: 0 accepted; Failed
2026-08-25 03:44:10,898 ERROR connector.TANTRANSCO Connector failed
Traceback (most recent call last):
  File "/home/runner/work/Renewable-tender-tracker/Renewable-tender-tracker/Python/connectors/base.py", line 50, in run
    result.records = self.parse(self.fetch())
                                ^^^^^^^^^^^^
  File "/home/runner/work/Renewable-tender-tracker/Renewable-tender-tracker/Python/connectors/base.py", line 45, in fetch
    return get_text(self.source_url)
           ^^^^^^^^^^^^^^^^^^^^^^^^^
  File "/home/runner/work/Renewable-tender-tracker/Renewable-tender-tracker/Python/core/http.py", line 21, in get_text
    raise RuntimeError(f"Unable to fetch {url}: {last_error}")
RuntimeError: Unable to fetch https://www.tantransco.gov.in/: HTTPSConnectionPool(host='www.tantransco.gov.in', port=443): Max retries exceeded with url: / (Caused by NameResolutionError("HTTPSConnection(host='www.tantransco.gov.in', port=443): Failed to resolve 'www.tantransco.gov.in' ([Errno -3] Temporary failure in name resolution)"))
2026-08-25 03:44:10,899 INFO daily_update TANTRANSCO: 0 accepted; Failed
2026-08-25 03:44:12,536 INFO daily_update GRIDCO: 2 accepted; Success
2026-08-25 03:46:48,808 ERROR connector.HAREDA Connector failed
Traceback (most recent call last):
  File "/home/runner/work/Renewable-tender-tracker/Renewable-tender-tracker/Python/connectors/base.py", line 50, in run
    result.records = self.parse(self.fetch())
                                ^^^^^^^^^^^^
  File "/home/runner/work/Renewable-tender-tracker/Renewable-tender-tracker/Python/connectors/base.py", line 45, in fetch
    return get_text(self.source_url)
           ^^^^^^^^^^^^^^^^^^^^^^^^^
  File "/home/runner/work/Renewable-tender-tracker/Renewable-tender-tracker/Python/core/http.py", line 21, in get_text
    raise RuntimeError(f"Unable to fetch {url}: {last_error}")
RuntimeError: Unable to fetch https://hareda.gov.in/: HTTPSConnectionPool(host='hareda.gov.in', port=443): Max retries exceeded with url: / (Caused by ConnectTimeoutError(<HTTPSConnection(host='hareda.gov.in', port=443) at 0x7fa922cd9b80>, 'Connection to hareda.gov.in timed out. (connect timeout=45)'))
2026-08-25 03:46:48,808 INFO daily_update HAREDA: 0 accepted; Failed
2026-08-25 03:46:52,633 INFO daily_update PSPCL: 0 accepted; Success
2026-08-25 03:49:15,182 ERROR connector.UPNEDA Connector failed
Traceback (most recent call last):
  File "/home/runner/work/Renewable-tender-tracker/Renewable-tender-tracker/Python/connectors/base.py", line 50, in run
    result.records = self.parse(self.fetch())
                                ^^^^^^^^^^^^
  File "/home/runner/work/Renewable-tender-tracker/Renewable-tender-tracker/Python/connectors/portals.py", line 24, in fetch
    return super().fetch()
           ^^^^^^^^^^^^^^^
  File "/home/runner/work/Renewable-tender-tracker/Renewable-tender-tracker/Python/connectors/base.py", line 45, in fetch
    return get_text(self.source_url)
           ^^^^^^^^^^^^^^^^^^^^^^^^^
  File "/home/runner/work/Renewable-tender-tracker/Renewable-tender-tracker/Python/core/http.py", line 21, in get_text
    raise RuntimeError(f"Unable to fetch {url}: {last_error}")
RuntimeError: Unable to fetch https://upneda.org.in/: HTTPSConnectionPool(host='upneda.org.in', port=443): Max retries exceeded with url: / (Caused by ConnectTimeoutError(<HTTPSConnection(host='upneda.org.in', port=443) at 0x7fa923d01a00>, 'Connection to upneda.org.in timed out. (connect timeout=45)'))
2026-08-25 03:49:15,183 INFO daily_update UPNEDA: 0 accepted; Failed
2026-08-25 03:49:16,270 INFO daily_update BSPHCL: 0 accepted; Success
2026-08-26 03:32:30,340 INFO daily_update SECI: 8 accepted; Success
2026-08-26 03:32:31,664 INFO daily_update NTPC REL: 1 accepted; Success
2026-08-26 03:32:51,410 INFO daily_update NHPC: 0 accepted; Success
2026-08-26 03:35:17,914 ERROR connector.SJVN Connector failed
Traceback (most recent call last):
  File "/home/runner/work/Renewable-tender-tracker/Renewable-tender-tracker/Python/connectors/base.py", line 50, in run
    result.records = self.parse(self.fetch())
                                ^^^^^^^^^^^^
  File "/home/runner/work/Renewable-tender-tracker/Renewable-tender-tracker/Python/connectors/base.py", line 45, in fetch
    return get_text(self.source_url)
           ^^^^^^^^^^^^^^^^^^^^^^^^^
  File "/home/runner/work/Renewable-tender-tracker/Renewable-tender-tracker/Python/core/http.py", line 21, in get_text
    raise RuntimeError(f"Unable to fetch {url}: {last_error}")
RuntimeError: Unable to fetch https://sjvn.nic.in/en/tender: HTTPSConnectionPool(host='sjvn.nic.in', port=443): Max retries exceeded with url: /en/tender (Caused by ConnectTimeoutError(<HTTPSConnection(host='sjvn.nic.in', port=443) at 0x7f514a72d040>, 'Connection to sjvn.nic.in timed out. (connect timeout=45)'))
2026-08-26 03:35:17,915 INFO daily_update SJVN: 0 accepted; Failed
2026-08-26 03:39:55,498 ERROR connector.NLCIL Connector failed
Traceback (most recent call last):
  File "/home/runner/work/Renewable-tender-tracker/Renewable-tender-tracker/Python/connectors/base.py", line 50, in run
    result.records = self.parse(self.fetch())
                                ^^^^^^^^^^^^
  File "/home/runner/work/Renewable-tender-tracker/Renewable-tender-tracker/Python/connectors/base.py", line 45, in fetch
    return get_text(self.source_url)
           ^^^^^^^^^^^^^^^^^^^^^^^^^
  File "/home/runner/work/Renewable-tender-tracker/Renewable-tender-tracker/Python/core/http.py", line 21, in get_text
    raise RuntimeError(f"Unable to fetch {url}: {last_error}")
RuntimeError: Unable to fetch https://www.nlcindia.in/: HTTPSConnectionPool(host='www.nlcindia.in', port=443): Max retries exceeded with url: / (Caused by ConnectTimeoutError(<HTTPSConnection(host='www.nlcindia.in', port=443) at 0x7f514a72cef0>, 'Connection to www.nlcindia.in timed out. (connect timeout=45)'))
2026-08-26 03:39:55,499 INFO daily_update NLCIL: 0 accepted; Failed
2026-08-26 03:40:06,948 ERROR connector.GUVNL (ISTS) Connector failed
Traceback (most recent call last):
  File "/home/runner/work/Renewable-tender-tracker/Renewable-tender-tracker/Python/connectors/base.py", line 50, in run
    result.records = self.parse(self.fetch())
                                ^^^^^^^^^^^^
  File "/home/runner/work/Renewable-tender-tracker/Renewable-tender-tracker/Python/connectors/base.py", line 45, in fetch
    return get_text(self.source_url)
           ^^^^^^^^^^^^^^^^^^^^^^^^^
  File "/home/runner/work/Renewable-tender-tracker/Renewable-tender-tracker/Python/core/http.py", line 21, in get_text
    raise RuntimeError(f"Unable to fetch {url}: {last_error}")
RuntimeError: Unable to fetch https://www.guvnl.com/: HTTPSConnectionPool(host='www.guvnl.com', port=443): Max retries exceeded with url: / (Caused by SSLError(SSLEOFError(8, '[SSL: UNEXPECTED_EOF_WHILE_READING] EOF occurred in violation of protocol (_ssl.c:1010)')))
2026-08-26 03:40:06,949 INFO daily_update GUVNL (ISTS): 0 accepted; Failed
2026-08-26 03:42:29,156 ERROR connector.REMCL Connector failed
Traceback (most recent call last):
  File "/home/runner/work/Renewable-tender-tracker/Renewable-tender-tracker/Python/connectors/base.py", line 50, in run
    result.records = self.parse(self.fetch())
                                ^^^^^^^^^^^^
  File "/home/runner/work/Renewable-tender-tracker/Renewable-tender-tracker/Python/connectors/base.py", line 45, in fetch
    return get_text(self.source_url)
           ^^^^^^^^^^^^^^^^^^^^^^^^^
  File "/home/runner/work/Renewable-tender-tracker/Renewable-tender-tracker/Python/core/http.py", line 21, in get_text
    raise RuntimeError(f"Unable to fetch {url}: {last_error}")
RuntimeError: Unable to fetch https://www.remcl.in/: HTTPSConnectionPool(host='www.remcl.in', port=443): Max retries exceeded with url: / (Caused by ConnectTimeoutError(<HTTPSConnection(host='www.remcl.in', port=443) at 0x7f514a72e330>, 'Connection to www.remcl.in timed out. (connect timeout=45)'))
2026-08-26 03:42:29,156 INFO daily_update REMCL: 0 accepted; Failed
2026-08-26 03:42:31,179 INFO daily_update RUVNL: 0 accepted; Success
2026-08-26 03:42:36,074 INFO daily_update RVPN: 0 accepted; Success
2026-08-26 03:42:37,554 INFO daily_update KREDL: 0 accepted; Success
2026-08-26 03:45:05,690 ERROR connector.KPTCL Connector failed
Traceback (most recent call last):
  File "/home/runner/work/Renewable-tender-tracker/Renewable-tender-tracker/Python/connectors/base.py", line 50, in run
    result.records = self.parse(self.fetch())
                                ^^^^^^^^^^^^
  File "/home/runner/work/Renewable-tender-tracker/Renewable-tender-tracker/Python/connectors/base.py", line 45, in fetch
    return get_text(self.source_url)
           ^^^^^^^^^^^^^^^^^^^^^^^^^
  File "/home/runner/work/Renewable-tender-tracker/Renewable-tender-tracker/Python/core/http.py", line 21, in get_text
    raise RuntimeError(f"Unable to fetch {url}: {last_error}")
RuntimeError: Unable to fetch https://kptcl.karnataka.gov.in/: HTTPSConnectionPool(host='kptcl.karnataka.gov.in', port=443): Max retries exceeded with url: / (Caused by ConnectTimeoutError(<HTTPSConnection(host='kptcl.karnataka.gov.in', port=443) at 0x7f514a72f800>, 'Connection to kptcl.karnataka.gov.in timed out. (connect timeout=45)'))
2026-08-26 03:45:05,691 INFO daily_update KPTCL: 0 accepted; Failed
2026-08-26 03:45:13,438 ERROR connector.KPCL Connector failed
Traceback (most recent call last):
  File "/home/runner/work/Renewable-tender-tracker/Renewable-tender-tracker/Python/connectors/base.py", line 50, in run
    result.records = self.parse(self.fetch())
                                ^^^^^^^^^^^^
  File "/home/runner/work/Renewable-tender-tracker/Renewable-tender-tracker/Python/connectors/base.py", line 45, in fetch
    return get_text(self.source_url)
           ^^^^^^^^^^^^^^^^^^^^^^^^^
  File "/home/runner/work/Renewable-tender-tracker/Renewable-tender-tracker/Python/core/http.py", line 21, in get_text
    raise RuntimeError(f"Unable to fetch {url}: {last_error}")
RuntimeError: Unable to fetch https://karnatakapower.com/: HTTPSConnectionPool(host='karnatakapower.com', port=443): Max retries exceeded with url: / (Caused by SSLError(SSLCertVerificationError(1, "[SSL: CERTIFICATE_VERIFY_FAILED] certificate verify failed: Hostname mismatch, certificate is not valid for 'karnatakapower.com'. (_ssl.c:1010)")))
2026-08-26 03:45:13,439 INFO daily_update KPCL: 0 accepted; Failed
2026-08-26 03:45:24,838 INFO daily_update MPUVNL: 0 accepted; Success
2026-08-26 03:45:25,453 INFO daily_update MPPMCL: 0 accepted; Success
2026-08-26 03:45:33,375 ERROR connector.MP Urja Vikas Nigam Connector failed
Traceback (most recent call last):
  File "/home/runner/work/Renewable-tender-tracker/Renewable-tender-tracker/Python/connectors/base.py", line 50, in run
    result.records = self.parse(self.fetch())
                                ^^^^^^^^^^^^
  File "/home/runner/work/Renewable-tender-tracker/Renewable-tender-tracker/Python/connectors/base.py", line 45, in fetch
    return get_text(self.source_url)
           ^^^^^^^^^^^^^^^^^^^^^^^^^
  File "/home/runner/work/Renewable-tender-tracker/Renewable-tender-tracker/Python/core/http.py", line 21, in get_text
    raise RuntimeError(f"Unable to fetch {url}: {last_error}")
RuntimeError: Unable to fetch https://www.mprenewable.nic.in/: HTTPSConnectionPool(host='www.mprenewable.nic.in', port=443): Max retries exceeded with url: / (Caused by NameResolutionError("HTTPSConnection(host='www.mprenewable.nic.in', port=443): Failed to resolve 'www.mprenewable.nic.in' ([Errno -2] Name or service not known)"))
2026-08-26 03:45:33,376 INFO daily_update MP Urja Vikas Nigam: 0 accepted; Failed
2026-08-26 03:45:38,208 INFO daily_update MSEDCL: 0 accepted; Success
2026-08-26 03:45:40,092 INFO daily_update MAHAGENCO: 0 accepted; Success
2026-08-26 03:45:51,298 ERROR connector.GUVNL Connector failed
Traceback (most recent call last):
  File "/home/runner/work/Renewable-tender-tracker/Renewable-tender-tracker/Python/connectors/base.py", line 50, in run
    result.records = self.parse(self.fetch())
                                ^^^^^^^^^^^^
  File "/home/runner/work/Renewable-tender-tracker/Renewable-tender-tracker/Python/connectors/base.py", line 45, in fetch
    return get_text(self.source_url)
           ^^^^^^^^^^^^^^^^^^^^^^^^^
  File "/home/runner/work/Renewable-tender-tracker/Renewable-tender-tracker/Python/core/http.py", line 21, in get_text
    raise RuntimeError(f"Unable to fetch {url}: {last_error}")
RuntimeError: Unable to fetch https://www.guvnl.com/: HTTPSConnectionPool(host='www.guvnl.com', port=443): Max retries exceeded with url: / (Caused by SSLError(SSLEOFError(8, '[SSL: UNEXPECTED_EOF_WHILE_READING] EOF occurred in violation of protocol (_ssl.c:1010)')))
2026-08-26 03:45:51,298 INFO daily_update GUVNL: 0 accepted; Failed
2026-08-26 03:48:14,549 ERROR connector.GPCL Connector failed
Traceback (most recent call last):
  File "/home/runner/work/Renewable-tender-tracker/Renewable-tender-tracker/Python/connectors/base.py", line 50, in run
    result.records = self.parse(self.fetch())
                                ^^^^^^^^^^^^
  File "/home/runner/work/Renewable-tender-tracker/Renewable-tender-tracker/Python/connectors/base.py", line 45, in fetch
    return get_text(self.source_url)
           ^^^^^^^^^^^^^^^^^^^^^^^^^
  File "/home/runner/work/Renewable-tender-tracker/Renewable-tender-tracker/Python/core/http.py", line 21, in get_text
    raise RuntimeError(f"Unable to fetch {url}: {last_error}")
RuntimeError: Unable to fetch https://gpcl.gujarat.gov.in/: HTTPSConnectionPool(host='gpcl.gujarat.gov.in', port=443): Read timed out. (read timeout=45)
2026-08-26 03:48:14,550 INFO daily_update GPCL: 0 accepted; Failed
2026-08-26 03:48:15,819 INFO daily_update APSPDCL: 0 accepted; Success
2026-08-26 03:48:18,167 INFO daily_update APGENCO: 0 accepted; Success
2026-08-26 03:48:27,094 ERROR connector.NREDCAP Connector failed
Traceback (most recent call last):
  File "/home/runner/work/Renewable-tender-tracker/Renewable-tender-tracker/Python/connectors/base.py", line 50, in run
    result.records = self.parse(self.fetch())
                                ^^^^^^^^^^^^
  File "/home/runner/work/Renewable-tender-tracker/Renewable-tender-tracker/Python/connectors/base.py", line 45, in fetch
    return get_text(self.source_url)
           ^^^^^^^^^^^^^^^^^^^^^^^^^
  File "/home/runner/work/Renewable-tender-tracker/Renewable-tender-tracker/Python/core/http.py", line 21, in get_text
    raise RuntimeError(f"Unable to fetch {url}: {last_error}")
RuntimeError: Unable to fetch https://nredcap.in/: HTTPSConnectionPool(host='nredcap.in', port=443): Max retries exceeded with url: / (Caused by SSLError(SSLCertVerificationError(1, '[SSL: CERTIFICATE_VERIFY_FAILED] certificate verify failed: unable to get local issuer certificate (_ssl.c:1010)')))
2026-08-26 03:48:27,094 INFO daily_update NREDCAP: 0 accepted; Failed
2026-08-26 03:48:35,993 ERROR connector.TGNPDCL Connector failed
Traceback (most recent call last):
  File "/home/runner/work/Renewable-tender-tracker/Renewable-tender-tracker/Python/connectors/base.py", line 50, in run
    result.records = self.parse(self.fetch())
                                ^^^^^^^^^^^^
  File "/home/runner/work/Renewable-tender-tracker/Renewable-tender-tracker/Python/connectors/base.py", line 45, in fetch
    return get_text(self.source_url)
           ^^^^^^^^^^^^^^^^^^^^^^^^^
  File "/home/runner/work/Renewable-tender-tracker/Renewable-tender-tracker/Python/core/http.py", line 21, in get_text
    raise RuntimeError(f"Unable to fetch {url}: {last_error}")
RuntimeError: Unable to fetch https://tgnpdcl.com/: HTTPSConnectionPool(host='tgnpdcl.com', port=443): Max retries exceeded with url: / (Caused by SSLError(SSLError(1, '[SSL: SSLV3_ALERT_HANDSHAKE_FAILURE] sslv3 alert handshake failure (_ssl.c:1010)')))
2026-08-26 03:48:35,994 INFO daily_update TGNPDCL: 0 accepted; Failed
2026-08-26 03:48:36,879 INFO daily_update TSSPDCL: 0 accepted; Success
2026-08-26 03:49:13,934 ERROR connector.TNGECL Connector failed
Traceback (most recent call last):
  File "/home/runner/work/Renewable-tender-tracker/Renewable-tender-tracker/Python/connectors/base.py", line 50, in run
    result.records = self.parse(self.fetch())
                                ^^^^^^^^^^^^
  File "/home/runner/work/Renewable-tender-tracker/Renewable-tender-tracker/Python/connectors/base.py", line 45, in fetch
    return get_text(self.source_url)
           ^^^^^^^^^^^^^^^^^^^^^^^^^
  File "/home/runner/work/Renewable-tender-tracker/Renewable-tender-tracker/Python/core/http.py", line 21, in get_text
    raise RuntimeError(f"Unable to fetch {url}: {last_error}")
RuntimeError: Unable to fetch https://www.tangedco.gov.in/: HTTPSConnectionPool(host='www.tangedco.gov.in', port=443): Max retries exceeded with url: / (Caused by NameResolutionError("HTTPSConnection(host='www.tangedco.gov.in', port=443): Failed to resolve 'www.tangedco.gov.in' ([Errno -3] Temporary failure in name resolution)"))
2026-08-26 03:49:13,934 INFO daily_update TNGECL: 0 accepted; Failed
2026-08-26 03:49:51,013 ERROR connector.TANTRANSCO Connector failed
Traceback (most recent call last):
  File "/home/runner/work/Renewable-tender-tracker/Renewable-tender-tracker/Python/connectors/base.py", line 50, in run
    result.records = self.parse(self.fetch())
                                ^^^^^^^^^^^^
  File "/home/runner/work/Renewable-tender-tracker/Renewable-tender-tracker/Python/connectors/base.py", line 45, in fetch
    return get_text(self.source_url)
           ^^^^^^^^^^^^^^^^^^^^^^^^^
  File "/home/runner/work/Renewable-tender-tracker/Renewable-tender-tracker/Python/core/http.py", line 21, in get_text
    raise RuntimeError(f"Unable to fetch {url}: {last_error}")
RuntimeError: Unable to fetch https://www.tantransco.gov.in/: HTTPSConnectionPool(host='www.tantransco.gov.in', port=443): Max retries exceeded with url: / (Caused by NameResolutionError("HTTPSConnection(host='www.tantransco.gov.in', port=443): Failed to resolve 'www.tantransco.gov.in' ([Errno -3] Temporary failure in name resolution)"))
2026-08-26 03:49:51,013 INFO daily_update TANTRANSCO: 0 accepted; Failed
2026-08-26 03:49:52,573 INFO daily_update GRIDCO: 2 accepted; Success
2026-08-26 03:49:54,546 INFO daily_update HAREDA: 0 accepted; Success
2026-08-26 03:49:57,703 INFO daily_update PSPCL: 0 accepted; Success
2026-08-26 03:52:20,046 ERROR connector.UPNEDA Connector failed
Traceback (most recent call last):
  File "/home/runner/work/Renewable-tender-tracker/Renewable-tender-tracker/Python/connectors/base.py", line 50, in run
    result.records = self.parse(self.fetch())
                                ^^^^^^^^^^^^
  File "/home/runner/work/Renewable-tender-tracker/Renewable-tender-tracker/Python/connectors/portals.py", line 24, in fetch
    return super().fetch()
           ^^^^^^^^^^^^^^^
  File "/home/runner/work/Renewable-tender-tracker/Renewable-tender-tracker/Python/connectors/base.py", line 45, in fetch
    return get_text(self.source_url)
           ^^^^^^^^^^^^^^^^^^^^^^^^^
  File "/home/runner/work/Renewable-tender-tracker/Renewable-tender-tracker/Python/core/http.py", line 21, in get_text
    raise RuntimeError(f"Unable to fetch {url}: {last_error}")
RuntimeError: Unable to fetch https://upneda.org.in/: HTTPSConnectionPool(host='upneda.org.in', port=443): Max retries exceeded with url: / (Caused by ConnectTimeoutError(<HTTPSConnection(host='upneda.org.in', port=443) at 0x7f514f891c10>, 'Connection to upneda.org.in timed out. (connect timeout=45)'))
2026-08-26 03:52:20,047 INFO daily_update UPNEDA: 0 accepted; Failed
2026-08-26 03:52:21,110 INFO daily_update BSPHCL: 0 accepted; Success
2026-08-27 12:58:30,593 INFO daily_update SECI: 8 accepted; Success
2026-08-27 12:58:31,839 INFO daily_update NTPC REL: 2 accepted; Success
2026-08-27 12:58:47,882 INFO daily_update NHPC: 0 accepted; Success
2026-08-27 12:58:49,725 INFO daily_update SJVN: 0 accepted; Success
2026-08-27 13:03:27,042 ERROR connector.NLCIL Connector failed
Traceback (most recent call last):
  File "/home/runner/work/Renewable-tender-tracker/Renewable-tender-tracker/Python/connectors/base.py", line 50, in run
    result.records = self.parse(self.fetch())
                                ^^^^^^^^^^^^
  File "/home/runner/work/Renewable-tender-tracker/Renewable-tender-tracker/Python/connectors/base.py", line 45, in fetch
    return get_text(self.source_url)
           ^^^^^^^^^^^^^^^^^^^^^^^^^
  File "/home/runner/work/Renewable-tender-tracker/Renewable-tender-tracker/Python/core/http.py", line 21, in get_text
    raise RuntimeError(f"Unable to fetch {url}: {last_error}")
RuntimeError: Unable to fetch https://www.nlcindia.in/: HTTPSConnectionPool(host='www.nlcindia.in', port=443): Max retries exceeded with url: / (Caused by ConnectTimeoutError(<HTTPSConnection(host='www.nlcindia.in', port=443) at 0x7f27a4addbe0>, 'Connection to www.nlcindia.in timed out. (connect timeout=45)'))
2026-08-27 13:03:27,043 INFO daily_update NLCIL: 0 accepted; Failed
2026-08-27 13:03:37,163 ERROR connector.GUVNL (ISTS) Connector failed
Traceback (most recent call last):
  File "/home/runner/work/Renewable-tender-tracker/Renewable-tender-tracker/Python/connectors/base.py", line 50, in run
    result.records = self.parse(self.fetch())
                                ^^^^^^^^^^^^
  File "/home/runner/work/Renewable-tender-tracker/Renewable-tender-tracker/Python/connectors/base.py", line 45, in fetch
    return get_text(self.source_url)
           ^^^^^^^^^^^^^^^^^^^^^^^^^
  File "/home/runner/work/Renewable-tender-tracker/Renewable-tender-tracker/Python/core/http.py", line 21, in get_text
    raise RuntimeError(f"Unable to fetch {url}: {last_error}")
RuntimeError: Unable to fetch https://www.guvnl.com/: HTTPSConnectionPool(host='www.guvnl.com', port=443): Max retries exceeded with url: / (Caused by SSLError(SSLEOFError(8, '[SSL: UNEXPECTED_EOF_WHILE_READING] EOF occurred in violation of protocol (_ssl.c:1010)')))
2026-08-27 13:03:37,163 INFO daily_update GUVNL (ISTS): 0 accepted; Failed
2026-08-27 13:05:59,382 ERROR connector.REMCL Connector failed
Traceback (most recent call last):
  File "/home/runner/work/Renewable-tender-tracker/Renewable-tender-tracker/Python/connectors/base.py", line 50, in run
    result.records = self.parse(self.fetch())
                                ^^^^^^^^^^^^
  File "/home/runner/work/Renewable-tender-tracker/Renewable-tender-tracker/Python/connectors/base.py", line 45, in fetch
    return get_text(self.source_url)
           ^^^^^^^^^^^^^^^^^^^^^^^^^
  File "/home/runner/work/Renewable-tender-tracker/Renewable-tender-tracker/Python/core/http.py", line 21, in get_text
    raise RuntimeError(f"Unable to fetch {url}: {last_error}")
RuntimeError: Unable to fetch https://www.remcl.in/: HTTPSConnectionPool(host='www.remcl.in', port=443): Max retries exceeded with url: / (Caused by ConnectTimeoutError(<HTTPSConnection(host='www.remcl.in', port=443) at 0x7f27a4ade150>, 'Connection to www.remcl.in timed out. (connect timeout=45)'))
2026-08-27 13:05:59,383 INFO daily_update REMCL: 0 accepted; Failed
2026-08-27 13:06:01,437 INFO daily_update RUVNL: 0 accepted; Success
2026-08-27 13:06:02,691 INFO daily_update RVPN: 0 accepted; Success
2026-08-27 13:06:03,941 INFO daily_update KREDL: 0 accepted; Success
2026-08-27 13:08:27,227 ERROR connector.KPTCL Connector failed
Traceback (most recent call last):
  File "/home/runner/work/Renewable-tender-tracker/Renewable-tender-tracker/Python/connectors/base.py", line 50, in run
    result.records = self.parse(self.fetch())
                                ^^^^^^^^^^^^
  File "/home/runner/work/Renewable-tender-tracker/Renewable-tender-tracker/Python/connectors/base.py", line 45, in fetch
    return get_text(self.source_url)
           ^^^^^^^^^^^^^^^^^^^^^^^^^
  File "/home/runner/work/Renewable-tender-tracker/Renewable-tender-tracker/Python/core/http.py", line 21, in get_text
    raise RuntimeError(f"Unable to fetch {url}: {last_error}")
RuntimeError: Unable to fetch https://kptcl.karnataka.gov.in/: HTTPSConnectionPool(host='kptcl.karnataka.gov.in', port=443): Max retries exceeded with url: / (Caused by ConnectTimeoutError(<HTTPSConnection(host='kptcl.karnataka.gov.in', port=443) at 0x7f27a49db800>, 'Connection to kptcl.karnataka.gov.in timed out. (connect timeout=45)'))
2026-08-27 13:08:27,228 INFO daily_update KPTCL: 0 accepted; Failed
2026-08-27 13:08:35,295 ERROR connector.KPCL Connector failed
Traceback (most recent call last):
  File "/home/runner/work/Renewable-tender-tracker/Renewable-tender-tracker/Python/connectors/base.py", line 50, in run
    result.records = self.parse(self.fetch())
                                ^^^^^^^^^^^^
  File "/home/runner/work/Renewable-tender-tracker/Renewable-tender-tracker/Python/connectors/base.py", line 45, in fetch
    return get_text(self.source_url)
           ^^^^^^^^^^^^^^^^^^^^^^^^^
  File "/home/runner/work/Renewable-tender-tracker/Renewable-tender-tracker/Python/core/http.py", line 21, in get_text
    raise RuntimeError(f"Unable to fetch {url}: {last_error}")
RuntimeError: Unable to fetch https://karnatakapower.com/: HTTPSConnectionPool(host='karnatakapower.com', port=443): Max retries exceeded with url: / (Caused by SSLError(SSLCertVerificationError(1, "[SSL: CERTIFICATE_VERIFY_FAILED] certificate verify failed: Hostname mismatch, certificate is not valid for 'karnatakapower.com'. (_ssl.c:1010)")))
2026-08-27 13:08:35,296 INFO daily_update KPCL: 0 accepted; Failed
2026-08-27 13:08:37,272 INFO daily_update MPUVNL: 0 accepted; Success
2026-08-27 13:08:37,883 INFO daily_update MPPMCL: 0 accepted; Success
2026-08-27 13:08:45,628 ERROR connector.MP Urja Vikas Nigam Connector failed
Traceback (most recent call last):
  File "/home/runner/work/Renewable-tender-tracker/Renewable-tender-tracker/Python/connectors/base.py", line 50, in run
    result.records = self.parse(self.fetch())
                                ^^^^^^^^^^^^
  File "/home/runner/work/Renewable-tender-tracker/Renewable-tender-tracker/Python/connectors/base.py", line 45, in fetch
    return get_text(self.source_url)
           ^^^^^^^^^^^^^^^^^^^^^^^^^
  File "/home/runner/work/Renewable-tender-tracker/Renewable-tender-tracker/Python/core/http.py", line 21, in get_text
    raise RuntimeError(f"Unable to fetch {url}: {last_error}")
RuntimeError: Unable to fetch https://www.mprenewable.nic.in/: HTTPSConnectionPool(host='www.mprenewable.nic.in', port=443): Max retries exceeded with url: / (Caused by NameResolutionError("HTTPSConnection(host='www.mprenewable.nic.in', port=443): Failed to resolve 'www.mprenewable.nic.in' ([Errno -2] Name or service not known)"))
2026-08-27 13:08:45,629 INFO daily_update MP Urja Vikas Nigam: 0 accepted; Failed
2026-08-27 13:08:49,991 INFO daily_update MSEDCL: 0 accepted; Success
2026-08-27 13:08:51,857 INFO daily_update MAHAGENCO: 0 accepted; Success
2026-08-27 13:09:02,075 ERROR connector.GUVNL Connector failed
Traceback (most recent call last):
  File "/home/runner/work/Renewable-tender-tracker/Renewable-tender-tracker/Python/connectors/base.py", line 50, in run
    result.records = self.parse(self.fetch())
                                ^^^^^^^^^^^^
  File "/home/runner/work/Renewable-tender-tracker/Renewable-tender-tracker/Python/connectors/base.py", line 45, in fetch
    return get_text(self.source_url)
           ^^^^^^^^^^^^^^^^^^^^^^^^^
  File "/home/runner/work/Renewable-tender-tracker/Renewable-tender-tracker/Python/core/http.py", line 21, in get_text
    raise RuntimeError(f"Unable to fetch {url}: {last_error}")
RuntimeError: Unable to fetch https://www.guvnl.com/: HTTPSConnectionPool(host='www.guvnl.com', port=443): Max retries exceeded with url: / (Caused by SSLError(SSLEOFError(8, '[SSL: UNEXPECTED_EOF_WHILE_READING] EOF occurred in violation of protocol (_ssl.c:1010)')))
2026-08-27 13:09:02,076 INFO daily_update GUVNL: 0 accepted; Failed
2026-08-27 13:11:27,130 ERROR connector.GPCL Connector failed
Traceback (most recent call last):
  File "/home/runner/work/Renewable-tender-tracker/Renewable-tender-tracker/Python/connectors/base.py", line 50, in run
    result.records = self.parse(self.fetch())
                                ^^^^^^^^^^^^
  File "/home/runner/work/Renewable-tender-tracker/Renewable-tender-tracker/Python/connectors/base.py", line 45, in fetch
    return get_text(self.source_url)
           ^^^^^^^^^^^^^^^^^^^^^^^^^
  File "/home/runner/work/Renewable-tender-tracker/Renewable-tender-tracker/Python/core/http.py", line 21, in get_text
    raise RuntimeError(f"Unable to fetch {url}: {last_error}")
RuntimeError: Unable to fetch https://gpcl.gujarat.gov.in/: HTTPSConnectionPool(host='gpcl.gujarat.gov.in', port=443): Read timed out. (read timeout=45)
2026-08-27 13:11:27,131 INFO daily_update GPCL: 0 accepted; Failed
2026-08-27 13:11:28,388 INFO daily_update APSPDCL: 0 accepted; Success
2026-08-27 13:11:30,332 INFO daily_update APGENCO: 0 accepted; Success
2026-08-27 13:11:39,299 ERROR connector.NREDCAP Connector failed
Traceback (most recent call last):
  File "/home/runner/work/Renewable-tender-tracker/Renewable-tender-tracker/Python/connectors/base.py", line 50, in run
    result.records = self.parse(self.fetch())
                                ^^^^^^^^^^^^
  File "/home/runner/work/Renewable-tender-tracker/Renewable-tender-tracker/Python/connectors/base.py", line 45, in fetch
    return get_text(self.source_url)
           ^^^^^^^^^^^^^^^^^^^^^^^^^
  File "/home/runner/work/Renewable-tender-tracker/Renewable-tender-tracker/Python/core/http.py", line 21, in get_text
    raise RuntimeError(f"Unable to fetch {url}: {last_error}")
RuntimeError: Unable to fetch https://nredcap.in/: HTTPSConnectionPool(host='nredcap.in', port=443): Max retries exceeded with url: / (Caused by SSLError(SSLCertVerificationError(1, '[SSL: CERTIFICATE_VERIFY_FAILED] certificate verify failed: unable to get local issuer certificate (_ssl.c:1010)')))
2026-08-27 13:11:39,299 INFO daily_update NREDCAP: 0 accepted; Failed
2026-08-27 13:11:47,887 ERROR connector.TGNPDCL Connector failed
Traceback (most recent call last):
  File "/home/runner/work/Renewable-tender-tracker/Renewable-tender-tracker/Python/connectors/base.py", line 50, in run
    result.records = self.parse(self.fetch())
                                ^^^^^^^^^^^^
  File "/home/runner/work/Renewable-tender-tracker/Renewable-tender-tracker/Python/connectors/base.py", line 45, in fetch
    return get_text(self.source_url)
           ^^^^^^^^^^^^^^^^^^^^^^^^^
  File "/home/runner/work/Renewable-tender-tracker/Renewable-tender-tracker/Python/core/http.py", line 21, in get_text
    raise RuntimeError(f"Unable to fetch {url}: {last_error}")
RuntimeError: Unable to fetch https://tgnpdcl.com/: HTTPSConnectionPool(host='tgnpdcl.com', port=443): Max retries exceeded with url: / (Caused by SSLError(SSLError(1, '[SSL: SSLV3_ALERT_HANDSHAKE_FAILURE] sslv3 alert handshake failure (_ssl.c:1010)')))
2026-08-27 13:11:47,888 INFO daily_update TGNPDCL: 0 accepted; Failed
2026-08-27 13:11:49,014 INFO daily_update TSSPDCL: 0 accepted; Success
2026-08-27 13:12:26,058 ERROR connector.TNGECL Connector failed
Traceback (most recent call last):
  File "/home/runner/work/Renewable-tender-tracker/Renewable-tender-tracker/Python/connectors/base.py", line 50, in run
    result.records = self.parse(self.fetch())
                                ^^^^^^^^^^^^
  File "/home/runner/work/Renewable-tender-tracker/Renewable-tender-tracker/Python/connectors/base.py", line 45, in fetch
    return get_text(self.source_url)
           ^^^^^^^^^^^^^^^^^^^^^^^^^
  File "/home/runner/work/Renewable-tender-tracker/Renewable-tender-tracker/Python/core/http.py", line 21, in get_text
    raise RuntimeError(f"Unable to fetch {url}: {last_error}")
RuntimeError: Unable to fetch https://www.tangedco.gov.in/: HTTPSConnectionPool(host='www.tangedco.gov.in', port=443): Max retries exceeded with url: / (Caused by NameResolutionError("HTTPSConnection(host='www.tangedco.gov.in', port=443): Failed to resolve 'www.tangedco.gov.in' ([Errno -3] Temporary failure in name resolution)"))
2026-08-27 13:12:26,058 INFO daily_update TNGECL: 0 accepted; Failed
2026-08-27 13:12:59,304 ERROR connector.TANTRANSCO Connector failed
Traceback (most recent call last):
  File "/home/runner/work/Renewable-tender-tracker/Renewable-tender-tracker/Python/connectors/base.py", line 50, in run
    result.records = self.parse(self.fetch())
                                ^^^^^^^^^^^^
  File "/home/runner/work/Renewable-tender-tracker/Renewable-tender-tracker/Python/connectors/base.py", line 45, in fetch
    return get_text(self.source_url)
           ^^^^^^^^^^^^^^^^^^^^^^^^^
  File "/home/runner/work/Renewable-tender-tracker/Renewable-tender-tracker/Python/core/http.py", line 21, in get_text
    raise RuntimeError(f"Unable to fetch {url}: {last_error}")
RuntimeError: Unable to fetch https://www.tantransco.gov.in/: HTTPSConnectionPool(host='www.tantransco.gov.in', port=443): Max retries exceeded with url: / (Caused by NameResolutionError("HTTPSConnection(host='www.tantransco.gov.in', port=443): Failed to resolve 'www.tantransco.gov.in' ([Errno -3] Temporary failure in name resolution)"))
2026-08-27 13:12:59,304 INFO daily_update TANTRANSCO: 0 accepted; Failed
2026-08-27 13:13:00,956 INFO daily_update GRIDCO: 2 accepted; Success
2026-08-27 13:13:02,458 INFO daily_update HAREDA: 0 accepted; Success
2026-08-27 13:13:05,871 INFO daily_update PSPCL: 0 accepted; Success
2026-08-27 13:15:28,175 ERROR connector.UPNEDA Connector failed
Traceback (most recent call last):
  File "/home/runner/work/Renewable-tender-tracker/Renewable-tender-tracker/Python/connectors/base.py", line 50, in run
    result.records = self.parse(self.fetch())
                                ^^^^^^^^^^^^
  File "/home/runner/work/Renewable-tender-tracker/Renewable-tender-tracker/Python/connectors/portals.py", line 24, in fetch
    return super().fetch()
           ^^^^^^^^^^^^^^^
  File "/home/runner/work/Renewable-tender-tracker/Renewable-tender-tracker/Python/connectors/base.py", line 45, in fetch
    return get_text(self.source_url)
           ^^^^^^^^^^^^^^^^^^^^^^^^^
  File "/home/runner/work/Renewable-tender-tracker/Renewable-tender-tracker/Python/core/http.py", line 21, in get_text
    raise RuntimeError(f"Unable to fetch {url}: {last_error}")
RuntimeError: Unable to fetch https://upneda.org.in/: HTTPSConnectionPool(host='upneda.org.in', port=443): Max retries exceeded with url: / (Caused by ConnectTimeoutError(<HTTPSConnection(host='upneda.org.in', port=443) at 0x7f27a6d9b920>, 'Connection to upneda.org.in timed out. (connect timeout=45)'))
2026-08-27 13:15:28,175 INFO daily_update UPNEDA: 0 accepted; Failed
2026-08-27 13:15:29,202 INFO daily_update BSPHCL: 0 accepted; Success
2026-08-28 14:29:51,526 INFO daily_update SECI: 10 accepted; Success
2026-08-28 14:29:52,899 INFO daily_update NTPC REL: 2 accepted; Success
2026-08-28 14:30:07,630 INFO daily_update NHPC: 0 accepted; Success
2026-08-28 14:30:14,863 INFO daily_update SJVN: 0 accepted; Success
2026-08-28 14:34:52,216 ERROR connector.NLCIL Connector failed
Traceback (most recent call last):
  File "/home/runner/work/Renewable-tender-tracker/Renewable-tender-tracker/Python/connectors/base.py", line 50, in run
    result.records = self.parse(self.fetch())
                                ^^^^^^^^^^^^
  File "/home/runner/work/Renewable-tender-tracker/Renewable-tender-tracker/Python/connectors/base.py", line 45, in fetch
    return get_text(self.source_url)
           ^^^^^^^^^^^^^^^^^^^^^^^^^
  File "/home/runner/work/Renewable-tender-tracker/Renewable-tender-tracker/Python/core/http.py", line 21, in get_text
    raise RuntimeError(f"Unable to fetch {url}: {last_error}")
RuntimeError: Unable to fetch https://www.nlcindia.in/: HTTPSConnectionPool(host='www.nlcindia.in', port=443): Max retries exceeded with url: / (Caused by ConnectTimeoutError(<HTTPSConnection(host='www.nlcindia.in', port=443) at 0x7f8ca34435f0>, 'Connection to www.nlcindia.in timed out. (connect timeout=45)'))
2026-08-28 14:34:52,216 INFO daily_update NLCIL: 0 accepted; Failed
2026-08-28 14:35:02,465 ERROR connector.GUVNL (ISTS) Connector failed
Traceback (most recent call last):
  File "/home/runner/work/Renewable-tender-tracker/Renewable-tender-tracker/Python/connectors/base.py", line 50, in run
    result.records = self.parse(self.fetch())
                                ^^^^^^^^^^^^
  File "/home/runner/work/Renewable-tender-tracker/Renewable-tender-tracker/Python/connectors/base.py", line 45, in fetch
    return get_text(self.source_url)
           ^^^^^^^^^^^^^^^^^^^^^^^^^
  File "/home/runner/work/Renewable-tender-tracker/Renewable-tender-tracker/Python/core/http.py", line 21, in get_text
    raise RuntimeError(f"Unable to fetch {url}: {last_error}")
RuntimeError: Unable to fetch https://www.guvnl.com/: HTTPSConnectionPool(host='www.guvnl.com', port=443): Max retries exceeded with url: / (Caused by SSLError(SSLEOFError(8, '[SSL: UNEXPECTED_EOF_WHILE_READING] EOF occurred in violation of protocol (_ssl.c:1010)')))
2026-08-28 14:35:02,466 INFO daily_update GUVNL (ISTS): 0 accepted; Failed
2026-08-28 14:37:24,820 ERROR connector.REMCL Connector failed
Traceback (most recent call last):
  File "/home/runner/work/Renewable-tender-tracker/Renewable-tender-tracker/Python/connectors/base.py", line 50, in run
    result.records = self.parse(self.fetch())
                                ^^^^^^^^^^^^
  File "/home/runner/work/Renewable-tender-tracker/Renewable-tender-tracker/Python/connectors/base.py", line 45, in fetch
    return get_text(self.source_url)
           ^^^^^^^^^^^^^^^^^^^^^^^^^
  File "/home/runner/work/Renewable-tender-tracker/Renewable-tender-tracker/Python/core/http.py", line 21, in get_text
    raise RuntimeError(f"Unable to fetch {url}: {last_error}")
RuntimeError: Unable to fetch https://www.remcl.in/: HTTPSConnectionPool(host='www.remcl.in', port=443): Max retries exceeded with url: / (Caused by ConnectTimeoutError(<HTTPSConnection(host='www.remcl.in', port=443) at 0x7f8ca346e030>, 'Connection to www.remcl.in timed out. (connect timeout=45)'))
2026-08-28 14:37:24,821 INFO daily_update REMCL: 0 accepted; Failed
2026-08-28 14:37:54,523 ERROR connector.RUVNL Connector failed
Traceback (most recent call last):
  File "/home/runner/work/Renewable-tender-tracker/Renewable-tender-tracker/Python/connectors/base.py", line 50, in run
    result.records = self.parse(self.fetch())
                                ^^^^^^^^^^^^
  File "/home/runner/work/Renewable-tender-tracker/Renewable-tender-tracker/Python/connectors/portals.py", line 24, in fetch
    return super().fetch()
           ^^^^^^^^^^^^^^^
  File "/home/runner/work/Renewable-tender-tracker/Renewable-tender-tracker/Python/connectors/base.py", line 45, in fetch
    return get_text(self.source_url)
           ^^^^^^^^^^^^^^^^^^^^^^^^^
  File "/home/runner/work/Renewable-tender-tracker/Renewable-tender-tracker/Python/core/http.py", line 21, in get_text
    raise RuntimeError(f"Unable to fetch {url}: {last_error}")
RuntimeError: Unable to fetch https://eproc.rajasthan.gov.in/nicgep/app: HTTPSConnectionPool(host='eproc.rajasthan.gov.in', port=443): Max retries exceeded with url: /nicgep/app (Caused by NameResolutionError("HTTPSConnection(host='eproc.rajasthan.gov.in', port=443): Failed to resolve 'eproc.rajasthan.gov.in' ([Errno -3] Temporary failure in name resolution)"))
2026-08-28 14:37:54,523 INFO daily_update RUVNL: 0 accepted; Failed
2026-08-28 14:38:31,580 ERROR connector.RVPN Connector failed
Traceback (most recent call last):
  File "/home/runner/work/Renewable-tender-tracker/Renewable-tender-tracker/Python/connectors/base.py", line 50, in run
    result.records = self.parse(self.fetch())
                                ^^^^^^^^^^^^
  File "/home/runner/work/Renewable-tender-tracker/Renewable-tender-tracker/Python/connectors/base.py", line 45, in fetch
    return get_text(self.source_url)
           ^^^^^^^^^^^^^^^^^^^^^^^^^
  File "/home/runner/work/Renewable-tender-tracker/Renewable-tender-tracker/Python/core/http.py", line 21, in get_text
    raise RuntimeError(f"Unable to fetch {url}: {last_error}")
RuntimeError: Unable to fetch https://energy.rajasthan.gov.in/rvpnl: HTTPSConnectionPool(host='energy.rajasthan.gov.in', port=443): Max retries exceeded with url: /rvpnl (Caused by NameResolutionError("HTTPSConnection(host='energy.rajasthan.gov.in', port=443): Failed to resolve 'energy.rajasthan.gov.in' ([Errno -3] Temporary failure in name resolution)"))
2026-08-28 14:38:31,580 INFO daily_update RVPN: 0 accepted; Failed
2026-08-28 14:40:54,513 ERROR connector.KREDL Connector failed
Traceback (most recent call last):
  File "/home/runner/work/Renewable-tender-tracker/Renewable-tender-tracker/Python/connectors/base.py", line 50, in run
    result.records = self.parse(self.fetch())
                                ^^^^^^^^^^^^
  File "/home/runner/work/Renewable-tender-tracker/Renewable-tender-tracker/Python/connectors/portals.py", line 24, in fetch
    return super().fetch()
           ^^^^^^^^^^^^^^^
  File "/home/runner/work/Renewable-tender-tracker/Renewable-tender-tracker/Python/connectors/base.py", line 45, in fetch
    return get_text(self.source_url)
           ^^^^^^^^^^^^^^^^^^^^^^^^^
  File "/home/runner/work/Renewable-tender-tracker/Renewable-tender-tracker/Python/core/http.py", line 21, in get_text
    raise RuntimeError(f"Unable to fetch {url}: {last_error}")
RuntimeError: Unable to fetch https://kppp.karnataka.gov.in/: HTTPSConnectionPool(host='kppp.karnataka.gov.in', port=443): Max retries exceeded with url: / (Caused by ConnectTimeoutError(<HTTPSConnection(host='kppp.karnataka.gov.in', port=443) at 0x7f8ca346d6d0>, 'Connection to kppp.karnataka.gov.in timed out. (connect timeout=45)'))
2026-08-28 14:40:54,513 INFO daily_update KREDL: 0 accepted; Failed
2026-08-28 14:43:17,477 ERROR connector.KPTCL Connector failed
Traceback (most recent call last):
  File "/home/runner/work/Renewable-tender-tracker/Renewable-tender-tracker/Python/connectors/base.py", line 50, in run
    result.records = self.parse(self.fetch())
                                ^^^^^^^^^^^^
  File "/home/runner/work/Renewable-tender-tracker/Renewable-tender-tracker/Python/connectors/base.py", line 45, in fetch
    return get_text(self.source_url)
           ^^^^^^^^^^^^^^^^^^^^^^^^^
  File "/home/runner/work/Renewable-tender-tracker/Renewable-tender-tracker/Python/core/http.py", line 21, in get_text
    raise RuntimeError(f"Unable to fetch {url}: {last_error}")
RuntimeError: Unable to fetch https://kptcl.karnataka.gov.in/: HTTPSConnectionPool(host='kptcl.karnataka.gov.in', port=443): Max retries exceeded with url: / (Caused by ConnectTimeoutError(<HTTPSConnection(host='kptcl.karnataka.gov.in', port=443) at 0x7f8ca346c380>, 'Connection to kptcl.karnataka.gov.in timed out. (connect timeout=45)'))
2026-08-28 14:43:17,478 INFO daily_update KPTCL: 0 accepted; Failed
2026-08-28 14:43:25,490 ERROR connector.KPCL Connector failed
Traceback (most recent call last):
  File "/home/runner/work/Renewable-tender-tracker/Renewable-tender-tracker/Python/connectors/base.py", line 50, in run
    result.records = self.parse(self.fetch())
                                ^^^^^^^^^^^^
  File "/home/runner/work/Renewable-tender-tracker/Renewable-tender-tracker/Python/connectors/base.py", line 45, in fetch
    return get_text(self.source_url)
           ^^^^^^^^^^^^^^^^^^^^^^^^^
  File "/home/runner/work/Renewable-tender-tracker/Renewable-tender-tracker/Python/core/http.py", line 21, in get_text
    raise RuntimeError(f"Unable to fetch {url}: {last_error}")
RuntimeError: Unable to fetch https://karnatakapower.com/: HTTPSConnectionPool(host='karnatakapower.com', port=443): Max retries exceeded with url: / (Caused by SSLError(SSLCertVerificationError(1, "[SSL: CERTIFICATE_VERIFY_FAILED] certificate verify failed: Hostname mismatch, certificate is not valid for 'karnatakapower.com'. (_ssl.c:1010)")))
2026-08-28 14:43:25,491 INFO daily_update KPCL: 0 accepted; Failed
2026-08-28 14:43:27,779 INFO daily_update MPUVNL: 0 accepted; Success
2026-08-28 14:43:30,052 INFO daily_update MPPMCL: 0 accepted; Success
2026-08-28 14:43:37,836 ERROR connector.MP Urja Vikas Nigam Connector failed
Traceback (most recent call last):
  File "/home/runner/work/Renewable-tender-tracker/Renewable-tender-tracker/Python/connectors/base.py", line 50, in run
    result.records = self.parse(self.fetch())
                                ^^^^^^^^^^^^
  File "/home/runner/work/Renewable-tender-tracker/Renewable-tender-tracker/Python/connectors/base.py", line 45, in fetch
    return get_text(self.source_url)
           ^^^^^^^^^^^^^^^^^^^^^^^^^
  File "/home/runner/work/Renewable-tender-tracker/Renewable-tender-tracker/Python/core/http.py", line 21, in get_text
    raise RuntimeError(f"Unable to fetch {url}: {last_error}")
RuntimeError: Unable to fetch https://www.mprenewable.nic.in/: HTTPSConnectionPool(host='www.mprenewable.nic.in', port=443): Max retries exceeded with url: / (Caused by NameResolutionError("HTTPSConnection(host='www.mprenewable.nic.in', port=443): Failed to resolve 'www.mprenewable.nic.in' ([Errno -2] Name or service not known)"))
2026-08-28 14:43:37,837 INFO daily_update MP Urja Vikas Nigam: 0 accepted; Failed
2026-08-28 14:43:43,559 INFO daily_update MSEDCL: 0 accepted; Success
2026-08-28 14:43:45,692 INFO daily_update MAHAGENCO: 0 accepted; Success
2026-08-28 14:43:55,953 ERROR connector.GUVNL Connector failed
Traceback (most recent call last):
  File "/home/runner/work/Renewable-tender-tracker/Renewable-tender-tracker/Python/connectors/base.py", line 50, in run
    result.records = self.parse(self.fetch())
                                ^^^^^^^^^^^^
  File "/home/runner/work/Renewable-tender-tracker/Renewable-tender-tracker/Python/connectors/base.py", line 45, in fetch
    return get_text(self.source_url)
           ^^^^^^^^^^^^^^^^^^^^^^^^^
  File "/home/runner/work/Renewable-tender-tracker/Renewable-tender-tracker/Python/core/http.py", line 21, in get_text
    raise RuntimeError(f"Unable to fetch {url}: {last_error}")
RuntimeError: Unable to fetch https://www.guvnl.com/: HTTPSConnectionPool(host='www.guvnl.com', port=443): Max retries exceeded with url: / (Caused by SSLError(SSLEOFError(8, '[SSL: UNEXPECTED_EOF_WHILE_READING] EOF occurred in violation of protocol (_ssl.c:1010)')))
2026-08-28 14:43:55,954 INFO daily_update GUVNL: 0 accepted; Failed
2026-08-28 14:46:18,351 ERROR connector.GPCL Connector failed
Traceback (most recent call last):
  File "/home/runner/work/Renewable-tender-tracker/Renewable-tender-tracker/Python/connectors/base.py", line 50, in run
    result.records = self.parse(self.fetch())
                                ^^^^^^^^^^^^
  File "/home/runner/work/Renewable-tender-tracker/Renewable-tender-tracker/Python/connectors/base.py", line 45, in fetch
    return get_text(self.source_url)
           ^^^^^^^^^^^^^^^^^^^^^^^^^
  File "/home/runner/work/Renewable-tender-tracker/Renewable-tender-tracker/Python/core/http.py", line 21, in get_text
    raise RuntimeError(f"Unable to fetch {url}: {last_error}")
RuntimeError: Unable to fetch https://gpcl.gujarat.gov.in/: HTTPSConnectionPool(host='gpcl.gujarat.gov.in', port=443): Max retries exceeded with url: / (Caused by NewConnectionError("HTTPSConnection(host='gpcl.gujarat.gov.in', port=443): Failed to establish a new connection: [Errno 101] Network is unreachable"))
2026-08-28 14:46:18,352 INFO daily_update GPCL: 0 accepted; Failed
2026-08-28 14:46:19,704 INFO daily_update APSPDCL: 0 accepted; Success
2026-08-28 14:46:22,006 INFO daily_update APGENCO: 0 accepted; Success
2026-08-28 14:46:30,988 ERROR connector.NREDCAP Connector failed
Traceback (most recent call last):
  File "/home/runner/work/Renewable-tender-tracker/Renewable-tender-tracker/Python/connectors/base.py", line 50, in run
    result.records = self.parse(self.fetch())
                                ^^^^^^^^^^^^
  File "/home/runner/work/Renewable-tender-tracker/Renewable-tender-tracker/Python/connectors/base.py", line 45, in fetch
    return get_text(self.source_url)
           ^^^^^^^^^^^^^^^^^^^^^^^^^
  File "/home/runner/work/Renewable-tender-tracker/Renewable-tender-tracker/Python/core/http.py", line 21, in get_text
    raise RuntimeError(f"Unable to fetch {url}: {last_error}")
RuntimeError: Unable to fetch https://nredcap.in/: HTTPSConnectionPool(host='nredcap.in', port=443): Max retries exceeded with url: / (Caused by SSLError(SSLCertVerificationError(1, '[SSL: CERTIFICATE_VERIFY_FAILED] certificate verify failed: unable to get local issuer certificate (_ssl.c:1010)')))
2026-08-28 14:46:30,988 INFO daily_update NREDCAP: 0 accepted; Failed
2026-08-28 14:51:08,503 ERROR connector.TGNPDCL Connector failed
Traceback (most recent call last):
  File "/home/runner/work/Renewable-tender-tracker/Renewable-tender-tracker/Python/connectors/base.py", line 50, in run
    result.records = self.parse(self.fetch())
                                ^^^^^^^^^^^^
  File "/home/runner/work/Renewable-tender-tracker/Renewable-tender-tracker/Python/connectors/base.py", line 45, in fetch
    return get_text(self.source_url)
           ^^^^^^^^^^^^^^^^^^^^^^^^^
  File "/home/runner/work/Renewable-tender-tracker/Renewable-tender-tracker/Python/core/http.py", line 21, in get_text
    raise RuntimeError(f"Unable to fetch {url}: {last_error}")
RuntimeError: Unable to fetch https://tgnpdcl.com/: HTTPSConnectionPool(host='tgnpdcl.com', port=443): Max retries exceeded with url: / (Caused by ConnectTimeoutError(<HTTPSConnection(host='tgnpdcl.com', port=443) at 0x7f8ca56fb140>, 'Connection to tgnpdcl.com timed out. (connect timeout=45)'))
2026-08-28 14:51:08,504 INFO daily_update TGNPDCL: 0 accepted; Failed
2026-08-28 14:51:09,612 INFO daily_update TSSPDCL: 0 accepted; Success
2026-08-28 14:51:45,928 ERROR connector.TNGECL Connector failed
Traceback (most recent call last):
  File "/home/runner/work/Renewable-tender-tracker/Renewable-tender-tracker/Python/connectors/base.py", line 50, in run
    result.records = self.parse(self.fetch())
                                ^^^^^^^^^^^^
  File "/home/runner/work/Renewable-tender-tracker/Renewable-tender-tracker/Python/connectors/base.py", line 45, in fetch
    return get_text(self.source_url)
           ^^^^^^^^^^^^^^^^^^^^^^^^^
  File "/home/runner/work/Renewable-tender-tracker/Renewable-tender-tracker/Python/core/http.py", line 21, in get_text
    raise RuntimeError(f"Unable to fetch {url}: {last_error}")
RuntimeError: Unable to fetch https://www.tangedco.gov.in/: HTTPSConnectionPool(host='www.tangedco.gov.in', port=443): Max retries exceeded with url: / (Caused by NameResolutionError("HTTPSConnection(host='www.tangedco.gov.in', port=443): Failed to resolve 'www.tangedco.gov.in' ([Errno -3] Temporary failure in name resolution)"))
2026-08-28 14:51:45,929 INFO daily_update TNGECL: 0 accepted; Failed
2026-08-28 14:52:22,978 ERROR connector.TANTRANSCO Connector failed
Traceback (most recent call last):
  File "/home/runner/work/Renewable-tender-tracker/Renewable-tender-tracker/Python/connectors/base.py", line 50, in run
    result.records = self.parse(self.fetch())
                                ^^^^^^^^^^^^
  File "/home/runner/work/Renewable-tender-tracker/Renewable-tender-tracker/Python/connectors/base.py", line 45, in fetch
    return get_text(self.source_url)
           ^^^^^^^^^^^^^^^^^^^^^^^^^
  File "/home/runner/work/Renewable-tender-tracker/Renewable-tender-tracker/Python/core/http.py", line 21, in get_text
    raise RuntimeError(f"Unable to fetch {url}: {last_error}")
RuntimeError: Unable to fetch https://www.tantransco.gov.in/: HTTPSConnectionPool(host='www.tantransco.gov.in', port=443): Max retries exceeded with url: / (Caused by NameResolutionError("HTTPSConnection(host='www.tantransco.gov.in', port=443): Failed to resolve 'www.tantransco.gov.in' ([Errno -3] Temporary failure in name resolution)"))
2026-08-28 14:52:22,978 INFO daily_update TANTRANSCO: 0 accepted; Failed
2026-08-28 14:52:24,777 INFO daily_update GRIDCO: 2 accepted; Success
2026-08-28 14:52:26,929 INFO daily_update HAREDA: 0 accepted; Success
2026-08-28 14:57:04,398 ERROR connector.PSPCL Connector failed
Traceback (most recent call last):
  File "/home/runner/work/Renewable-tender-tracker/Renewable-tender-tracker/Python/connectors/base.py", line 50, in run
    result.records = self.parse(self.fetch())
                                ^^^^^^^^^^^^
  File "/home/runner/work/Renewable-tender-tracker/Renewable-tender-tracker/Python/connectors/base.py", line 45, in fetch
    return get_text(self.source_url)
           ^^^^^^^^^^^^^^^^^^^^^^^^^
  File "/home/runner/work/Renewable-tender-tracker/Renewable-tender-tracker/Python/core/http.py", line 21, in get_text
    raise RuntimeError(f"Unable to fetch {url}: {last_error}")
RuntimeError: Unable to fetch https://pspcl.in/tenders: HTTPSConnectionPool(host='pspcl.in', port=443): Max retries exceeded with url: /tenders (Caused by ConnectTimeoutError(<HTTPSConnection(host='pspcl.in', port=443) at 0x7f8ca53b6e40>, 'Connection to pspcl.in timed out. (connect timeout=45)'))
2026-08-28 14:57:04,398 INFO daily_update PSPCL: 0 accepted; Failed
2026-08-28 14:59:26,941 ERROR connector.UPNEDA Connector failed
Traceback (most recent call last):
  File "/home/runner/work/Renewable-tender-tracker/Renewable-tender-tracker/Python/connectors/base.py", line 50, in run
    result.records = self.parse(self.fetch())
                                ^^^^^^^^^^^^
  File "/home/runner/work/Renewable-tender-tracker/Renewable-tender-tracker/Python/connectors/portals.py", line 24, in fetch
    return super().fetch()
           ^^^^^^^^^^^^^^^
  File "/home/runner/work/Renewable-tender-tracker/Renewable-tender-tracker/Python/connectors/base.py", line 45, in fetch
    return get_text(self.source_url)
           ^^^^^^^^^^^^^^^^^^^^^^^^^
  File "/home/runner/work/Renewable-tender-tracker/Renewable-tender-tracker/Python/core/http.py", line 21, in get_text
    raise RuntimeError(f"Unable to fetch {url}: {last_error}")
RuntimeError: Unable to fetch https://upneda.org.in/: HTTPSConnectionPool(host='upneda.org.in', port=443): Max retries exceeded with url: / (Caused by ConnectTimeoutError(<HTTPSConnection(host='upneda.org.in', port=443) at 0x7f8ca53b7830>, 'Connection to upneda.org.in timed out. (connect timeout=45)'))
2026-08-28 14:59:26,941 INFO daily_update UPNEDA: 0 accepted; Failed
2026-08-28 14:59:28,127 INFO daily_update BSPHCL: 0 accepted; Success
2026-08-29 09:16:09,887 INFO daily_update SECI: 10 accepted; Success
2026-08-29 09:16:12,668 INFO daily_update NTPC REL: 2 accepted; Success
2026-08-29 09:16:31,483 INFO daily_update NHPC: 0 accepted; Success
2026-08-29 09:16:48,418 INFO daily_update SJVN: 0 accepted; Success
2026-08-29 09:21:25,937 ERROR connector.NLCIL Connector failed
Traceback (most recent call last):
  File "/home/runner/work/Renewable-tender-tracker/Renewable-tender-tracker/Python/connectors/base.py", line 50, in run
    result.records = self.parse(self.fetch())
                                ^^^^^^^^^^^^
  File "/home/runner/work/Renewable-tender-tracker/Renewable-tender-tracker/Python/connectors/base.py", line 45, in fetch
    return get_text(self.source_url)
           ^^^^^^^^^^^^^^^^^^^^^^^^^
  File "/home/runner/work/Renewable-tender-tracker/Renewable-tender-tracker/Python/core/http.py", line 21, in get_text
    raise RuntimeError(f"Unable to fetch {url}: {last_error}")
RuntimeError: Unable to fetch https://www.nlcindia.in/: HTTPSConnectionPool(host='www.nlcindia.in', port=443): Max retries exceeded with url: / (Caused by ConnectTimeoutError(<HTTPSConnection(host='www.nlcindia.in', port=443) at 0x7fd985fa1580>, 'Connection to www.nlcindia.in timed out. (connect timeout=45)'))
2026-08-29 09:21:25,938 INFO daily_update NLCIL: 0 accepted; Failed
2026-08-29 09:21:42,226 ERROR connector.GUVNL (ISTS) Connector failed
Traceback (most recent call last):
  File "/home/runner/work/Renewable-tender-tracker/Renewable-tender-tracker/Python/connectors/base.py", line 50, in run
    result.records = self.parse(self.fetch())
                                ^^^^^^^^^^^^
  File "/home/runner/work/Renewable-tender-tracker/Renewable-tender-tracker/Python/connectors/base.py", line 45, in fetch
    return get_text(self.source_url)
           ^^^^^^^^^^^^^^^^^^^^^^^^^
  File "/home/runner/work/Renewable-tender-tracker/Renewable-tender-tracker/Python/core/http.py", line 21, in get_text
    raise RuntimeError(f"Unable to fetch {url}: {last_error}")
RuntimeError: Unable to fetch https://www.guvnl.com/: HTTPSConnectionPool(host='www.guvnl.com', port=443): Max retries exceeded with url: / (Caused by SSLError(SSLEOFError(8, '[SSL: UNEXPECTED_EOF_WHILE_READING] EOF occurred in violation of protocol (_ssl.c:1010)')))
2026-08-29 09:21:42,226 INFO daily_update GUVNL (ISTS): 0 accepted; Failed
2026-08-29 09:24:07,412 ERROR connector.REMCL Connector failed
Traceback (most recent call last):
  File "/home/runner/work/Renewable-tender-tracker/Renewable-tender-tracker/Python/connectors/base.py", line 50, in run
    result.records = self.parse(self.fetch())
                                ^^^^^^^^^^^^
  File "/home/runner/work/Renewable-tender-tracker/Renewable-tender-tracker/Python/connectors/base.py", line 45, in fetch
    return get_text(self.source_url)
           ^^^^^^^^^^^^^^^^^^^^^^^^^
  File "/home/runner/work/Renewable-tender-tracker/Renewable-tender-tracker/Python/core/http.py", line 21, in get_text
    raise RuntimeError(f"Unable to fetch {url}: {last_error}")
RuntimeError: Unable to fetch https://www.remcl.in/: HTTPSConnectionPool(host='www.remcl.in', port=443): Max retries exceeded with url: / (Caused by ConnectTimeoutError(<HTTPSConnection(host='www.remcl.in', port=443) at 0x7fd985f7fe00>, 'Connection to www.remcl.in timed out. (connect timeout=45)'))
2026-08-29 09:24:07,412 INFO daily_update REMCL: 0 accepted; Failed
2026-08-29 09:24:12,765 INFO daily_update RUVNL: 0 accepted; Success
2026-08-29 09:26:36,284 ERROR connector.RVPN Connector failed
Traceback (most recent call last):
  File "/home/runner/work/Renewable-tender-tracker/Renewable-tender-tracker/Python/connectors/base.py", line 50, in run
    result.records = self.parse(self.fetch())
                                ^^^^^^^^^^^^
  File "/home/runner/work/Renewable-tender-tracker/Renewable-tender-tracker/Python/connectors/base.py", line 45, in fetch
    return get_text(self.source_url)
           ^^^^^^^^^^^^^^^^^^^^^^^^^
  File "/home/runner/work/Renewable-tender-tracker/Renewable-tender-tracker/Python/core/http.py", line 21, in get_text
    raise RuntimeError(f"Unable to fetch {url}: {last_error}")
RuntimeError: Unable to fetch https://energy.rajasthan.gov.in/rvpnl: HTTPSConnectionPool(host='energy.rajasthan.gov.in', port=443): Max retries exceeded with url: /rvpnl (Caused by ConnectTimeoutError(<HTTPSConnection(host='energy.rajasthan.gov.in', port=443) at 0x7fd985eb4770>, 'Connection to energy.rajasthan.gov.in timed out. (connect timeout=45)'))
2026-08-29 09:26:36,284 INFO daily_update RVPN: 0 accepted; Failed
2026-08-29 09:29:01,873 ERROR connector.KREDL Connector failed
Traceback (most recent call last):
  File "/home/runner/work/Renewable-tender-tracker/Renewable-tender-tracker/Python/connectors/base.py", line 50, in run
    result.records = self.parse(self.fetch())
                                ^^^^^^^^^^^^
  File "/home/runner/work/Renewable-tender-tracker/Renewable-tender-tracker/Python/connectors/portals.py", line 24, in fetch
    return super().fetch()
           ^^^^^^^^^^^^^^^
  File "/home/runner/work/Renewable-tender-tracker/Renewable-tender-tracker/Python/connectors/base.py", line 45, in fetch
    return get_text(self.source_url)
           ^^^^^^^^^^^^^^^^^^^^^^^^^
  File "/home/runner/work/Renewable-tender-tracker/Renewable-tender-tracker/Python/core/http.py", line 21, in get_text
    raise RuntimeError(f"Unable to fetch {url}: {last_error}")
RuntimeError: Unable to fetch https://kppp.karnataka.gov.in/: HTTPSConnectionPool(host='kppp.karnataka.gov.in', port=443): Max retries exceeded with url: / (Caused by ConnectTimeoutError(<HTTPSConnection(host='kppp.karnataka.gov.in', port=443) at 0x7fd985eb65a0>, 'Connection to kppp.karnataka.gov.in timed out. (connect timeout=45)'))
2026-08-29 09:29:01,873 INFO daily_update KREDL: 0 accepted; Failed
2026-08-29 09:31:26,634 ERROR connector.KPTCL Connector failed
Traceback (most recent call last):
  File "/home/runner/work/Renewable-tender-tracker/Renewable-tender-tracker/Python/connectors/base.py", line 50, in run
    result.records = self.parse(self.fetch())
                                ^^^^^^^^^^^^
  File "/home/runner/work/Renewable-tender-tracker/Renewable-tender-tracker/Python/connectors/base.py", line 45, in fetch
    return get_text(self.source_url)
           ^^^^^^^^^^^^^^^^^^^^^^^^^
  File "/home/runner/work/Renewable-tender-tracker/Renewable-tender-tracker/Python/core/http.py", line 21, in get_text
    raise RuntimeError(f"Unable to fetch {url}: {last_error}")
RuntimeError: Unable to fetch https://kptcl.karnataka.gov.in/: HTTPSConnectionPool(host='kptcl.karnataka.gov.in', port=443): Max retries exceeded with url: / (Caused by ConnectTimeoutError(<HTTPSConnection(host='kptcl.karnataka.gov.in', port=443) at 0x7fd985eb5bb0>, 'Connection to kptcl.karnataka.gov.in timed out. (connect timeout=45)'))
2026-08-29 09:31:26,634 INFO daily_update KPTCL: 0 accepted; Failed
2026-08-29 09:31:35,183 ERROR connector.KPCL Connector failed
Traceback (most recent call last):
  File "/home/runner/work/Renewable-tender-tracker/Renewable-tender-tracker/Python/connectors/base.py", line 50, in run
    result.records = self.parse(self.fetch())
                                ^^^^^^^^^^^^
  File "/home/runner/work/Renewable-tender-tracker/Renewable-tender-tracker/Python/connectors/base.py", line 45, in fetch
    return get_text(self.source_url)
           ^^^^^^^^^^^^^^^^^^^^^^^^^
  File "/home/runner/work/Renewable-tender-tracker/Renewable-tender-tracker/Python/core/http.py", line 21, in get_text
    raise RuntimeError(f"Unable to fetch {url}: {last_error}")
RuntimeError: Unable to fetch https://karnatakapower.com/: HTTPSConnectionPool(host='karnatakapower.com', port=443): Max retries exceeded with url: / (Caused by SSLError(SSLCertVerificationError(1, "[SSL: CERTIFICATE_VERIFY_FAILED] certificate verify failed: Hostname mismatch, certificate is not valid for 'karnatakapower.com'. (_ssl.c:1010)")))
2026-08-29 09:31:35,183 INFO daily_update KPCL: 0 accepted; Failed
2026-08-29 09:31:38,169 INFO daily_update MPUVNL: 0 accepted; Success
2026-08-29 09:31:40,949 INFO daily_update MPPMCL: 0 accepted; Success
2026-08-29 09:31:49,854 ERROR connector.MP Urja Vikas Nigam Connector failed
Traceback (most recent call last):
  File "/home/runner/work/Renewable-tender-tracker/Renewable-tender-tracker/Python/connectors/base.py", line 50, in run
    result.records = self.parse(self.fetch())
                                ^^^^^^^^^^^^
  File "/home/runner/work/Renewable-tender-tracker/Renewable-tender-tracker/Python/connectors/base.py", line 45, in fetch
    return get_text(self.source_url)
           ^^^^^^^^^^^^^^^^^^^^^^^^^
  File "/home/runner/work/Renewable-tender-tracker/Renewable-tender-tracker/Python/core/http.py", line 21, in get_text
    raise RuntimeError(f"Unable to fetch {url}: {last_error}")
RuntimeError: Unable to fetch https://www.mprenewable.nic.in/: HTTPSConnectionPool(host='www.mprenewable.nic.in', port=443): Max retries exceeded with url: / (Caused by NameResolutionError("HTTPSConnection(host='www.mprenewable.nic.in', port=443): Failed to resolve 'www.mprenewable.nic.in' ([Errno -2] Name or service not known)"))
2026-08-29 09:31:49,855 INFO daily_update MP Urja Vikas Nigam: 0 accepted; Failed
2026-08-29 09:31:58,043 INFO daily_update MSEDCL: 0 accepted; Success
2026-08-29 09:32:00,575 INFO daily_update MAHAGENCO: 0 accepted; Success
2026-08-29 09:32:13,973 ERROR connector.GUVNL Connector failed
Traceback (most recent call last):
  File "/home/runner/work/Renewable-tender-tracker/Renewable-tender-tracker/Python/connectors/base.py", line 50, in run
    result.records = self.parse(self.fetch())
                                ^^^^^^^^^^^^
  File "/home/runner/work/Renewable-tender-tracker/Renewable-tender-tracker/Python/connectors/base.py", line 45, in fetch
    return get_text(self.source_url)
           ^^^^^^^^^^^^^^^^^^^^^^^^^
  File "/home/runner/work/Renewable-tender-tracker/Renewable-tender-tracker/Python/core/http.py", line 21, in get_text
    raise RuntimeError(f"Unable to fetch {url}: {last_error}")
RuntimeError: Unable to fetch https://www.guvnl.com/: HTTPSConnectionPool(host='www.guvnl.com', port=443): Max retries exceeded with url: / (Caused by SSLError(SSLEOFError(8, '[SSL: UNEXPECTED_EOF_WHILE_READING] EOF occurred in violation of protocol (_ssl.c:1010)')))
2026-08-29 09:32:13,973 INFO daily_update GUVNL: 0 accepted; Failed
2026-08-29 09:34:40,262 ERROR connector.GPCL Connector failed
Traceback (most recent call last):
  File "/home/runner/work/Renewable-tender-tracker/Renewable-tender-tracker/Python/connectors/base.py", line 50, in run
    result.records = self.parse(self.fetch())
                                ^^^^^^^^^^^^
  File "/home/runner/work/Renewable-tender-tracker/Renewable-tender-tracker/Python/connectors/base.py", line 45, in fetch
    return get_text(self.source_url)
           ^^^^^^^^^^^^^^^^^^^^^^^^^
  File "/home/runner/work/Renewable-tender-tracker/Renewable-tender-tracker/Python/core/http.py", line 21, in get_text
    raise RuntimeError(f"Unable to fetch {url}: {last_error}")
RuntimeError: Unable to fetch https://gpcl.gujarat.gov.in/: HTTPSConnectionPool(host='gpcl.gujarat.gov.in', port=443): Max retries exceeded with url: / (Caused by NewConnectionError("HTTPSConnection(host='gpcl.gujarat.gov.in', port=443): Failed to establish a new connection: [Errno 101] Network is unreachable"))
2026-08-29 09:34:40,263 INFO daily_update GPCL: 0 accepted; Failed
2026-08-29 09:34:42,192 INFO daily_update APSPDCL: 0 accepted; Success
2026-08-29 09:34:45,325 INFO daily_update APGENCO: 0 accepted; Success
2026-08-29 09:34:55,865 ERROR connector.NREDCAP Connector failed
Traceback (most recent call last):
  File "/home/runner/work/Renewable-tender-tracker/Renewable-tender-tracker/Python/connectors/base.py", line 50, in run
    result.records = self.parse(self.fetch())
                                ^^^^^^^^^^^^
  File "/home/runner/work/Renewable-tender-tracker/Renewable-tender-tracker/Python/connectors/base.py", line 45, in fetch
    return get_text(self.source_url)
           ^^^^^^^^^^^^^^^^^^^^^^^^^
  File "/home/runner/work/Renewable-tender-tracker/Renewable-tender-tracker/Python/core/http.py", line 21, in get_text
    raise RuntimeError(f"Unable to fetch {url}: {last_error}")
RuntimeError: Unable to fetch https://nredcap.in/: HTTPSConnectionPool(host='nredcap.in', port=443): Max retries exceeded with url: / (Caused by SSLError(SSLCertVerificationError(1, '[SSL: CERTIFICATE_VERIFY_FAILED] certificate verify failed: unable to get local issuer certificate (_ssl.c:1010)')))
2026-08-29 09:34:55,866 INFO daily_update NREDCAP: 0 accepted; Failed
2026-08-29 09:39:34,129 ERROR connector.TGNPDCL Connector failed
Traceback (most recent call last):
  File "/home/runner/work/Renewable-tender-tracker/Renewable-tender-tracker/Python/connectors/base.py", line 50, in run
    result.records = self.parse(self.fetch())
                                ^^^^^^^^^^^^
  File "/home/runner/work/Renewable-tender-tracker/Renewable-tender-tracker/Python/connectors/base.py", line 45, in fetch
    return get_text(self.source_url)
           ^^^^^^^^^^^^^^^^^^^^^^^^^
  File "/home/runner/work/Renewable-tender-tracker/Renewable-tender-tracker/Python/core/http.py", line 21, in get_text
    raise RuntimeError(f"Unable to fetch {url}: {last_error}")
RuntimeError: Unable to fetch https://tgnpdcl.com/: HTTPSConnectionPool(host='tgnpdcl.com', port=443): Max retries exceeded with url: / (Caused by ConnectTimeoutError(<HTTPSConnection(host='tgnpdcl.com', port=443) at 0x7fd987dc6b40>, 'Connection to tgnpdcl.com timed out. (connect timeout=45)'))
2026-08-29 09:39:34,129 INFO daily_update TGNPDCL: 0 accepted; Failed
2026-08-29 09:39:41,890 ERROR connector.TSSPDCL Connector failed
Traceback (most recent call last):
  File "/home/runner/work/Renewable-tender-tracker/Renewable-tender-tracker/Python/connectors/base.py", line 50, in run
    result.records = self.parse(self.fetch())
                                ^^^^^^^^^^^^
  File "/home/runner/work/Renewable-tender-tracker/Renewable-tender-tracker/Python/connectors/base.py", line 45, in fetch
    return get_text(self.source_url)
           ^^^^^^^^^^^^^^^^^^^^^^^^^
  File "/home/runner/work/Renewable-tender-tracker/Renewable-tender-tracker/Python/core/http.py", line 21, in get_text
    raise RuntimeError(f"Unable to fetch {url}: {last_error}")
RuntimeError: Unable to fetch https://www.tssouthernpower.com/: 403 Client Error: Forbidden for url: https://www.tssouthernpower.com/
2026-08-29 09:39:41,890 INFO daily_update TSSPDCL: 0 accepted; Failed
2026-08-29 09:40:18,942 ERROR connector.TNGECL Connector failed
Traceback (most recent call last):
  File "/home/runner/work/Renewable-tender-tracker/Renewable-tender-tracker/Python/connectors/base.py", line 50, in run
    result.records = self.parse(self.fetch())
                                ^^^^^^^^^^^^
  File "/home/runner/work/Renewable-tender-tracker/Renewable-tender-tracker/Python/connectors/base.py", line 45, in fetch
    return get_text(self.source_url)
           ^^^^^^^^^^^^^^^^^^^^^^^^^
  File "/home/runner/work/Renewable-tender-tracker/Renewable-tender-tracker/Python/core/http.py", line 21, in get_text
    raise RuntimeError(f"Unable to fetch {url}: {last_error}")
RuntimeError: Unable to fetch https://www.tangedco.gov.in/: HTTPSConnectionPool(host='www.tangedco.gov.in', port=443): Max retries exceeded with url: / (Caused by NameResolutionError("HTTPSConnection(host='www.tangedco.gov.in', port=443): Failed to resolve 'www.tangedco.gov.in' ([Errno -3] Temporary failure in name resolution)"))
2026-08-29 09:40:18,942 INFO daily_update TNGECL: 0 accepted; Failed
2026-08-29 09:40:55,995 ERROR connector.TANTRANSCO Connector failed
Traceback (most recent call last):
  File "/home/runner/work/Renewable-tender-tracker/Renewable-tender-tracker/Python/connectors/base.py", line 50, in run
    result.records = self.parse(self.fetch())
                                ^^^^^^^^^^^^
  File "/home/runner/work/Renewable-tender-tracker/Renewable-tender-tracker/Python/connectors/base.py", line 45, in fetch
    return get_text(self.source_url)
           ^^^^^^^^^^^^^^^^^^^^^^^^^
  File "/home/runner/work/Renewable-tender-tracker/Renewable-tender-tracker/Python/core/http.py", line 21, in get_text
    raise RuntimeError(f"Unable to fetch {url}: {last_error}")
RuntimeError: Unable to fetch https://www.tantransco.gov.in/: HTTPSConnectionPool(host='www.tantransco.gov.in', port=443): Max retries exceeded with url: / (Caused by NameResolutionError("HTTPSConnection(host='www.tantransco.gov.in', port=443): Failed to resolve 'www.tantransco.gov.in' ([Errno -3] Temporary failure in name resolution)"))
2026-08-29 09:40:55,996 INFO daily_update TANTRANSCO: 0 accepted; Failed
2026-08-29 09:40:58,524 INFO daily_update GRIDCO: 2 accepted; Success
2026-08-29 09:41:01,361 INFO daily_update HAREDA: 0 accepted; Success
2026-08-29 09:45:39,591 ERROR connector.PSPCL Connector failed
Traceback (most recent call last):
  File "/home/runner/work/Renewable-tender-tracker/Renewable-tender-tracker/Python/connectors/base.py", line 50, in run
    result.records = self.parse(self.fetch())
                                ^^^^^^^^^^^^
  File "/home/runner/work/Renewable-tender-tracker/Renewable-tender-tracker/Python/connectors/base.py", line 45, in fetch
    return get_text(self.source_url)
           ^^^^^^^^^^^^^^^^^^^^^^^^^
  File "/home/runner/work/Renewable-tender-tracker/Renewable-tender-tracker/Python/core/http.py", line 21, in get_text
    raise RuntimeError(f"Unable to fetch {url}: {last_error}")
RuntimeError: Unable to fetch https://pspcl.in/tenders: HTTPSConnectionPool(host='pspcl.in', port=443): Max retries exceeded with url: /tenders (Caused by ConnectTimeoutError(<HTTPSConnection(host='pspcl.in', port=443) at 0x7fd987dcae70>, 'Connection to pspcl.in timed out. (connect timeout=45)'))
2026-08-29 09:45:39,592 INFO daily_update PSPCL: 0 accepted; Failed
2026-08-29 09:48:02,500 ERROR connector.UPNEDA Connector failed
Traceback (most recent call last):
  File "/home/runner/work/Renewable-tender-tracker/Renewable-tender-tracker/Python/connectors/base.py", line 50, in run
    result.records = self.parse(self.fetch())
                                ^^^^^^^^^^^^
  File "/home/runner/work/Renewable-tender-tracker/Renewable-tender-tracker/Python/connectors/portals.py", line 24, in fetch
    return super().fetch()
           ^^^^^^^^^^^^^^^
  File "/home/runner/work/Renewable-tender-tracker/Renewable-tender-tracker/Python/connectors/base.py", line 45, in fetch
    return get_text(self.source_url)
           ^^^^^^^^^^^^^^^^^^^^^^^^^
  File "/home/runner/work/Renewable-tender-tracker/Renewable-tender-tracker/Python/core/http.py", line 21, in get_text
    raise RuntimeError(f"Unable to fetch {url}: {last_error}")
RuntimeError: Unable to fetch https://upneda.org.in/: HTTPSConnectionPool(host='upneda.org.in', port=443): Max retries exceeded with url: / (Caused by ConnectTimeoutError(<HTTPSConnection(host='upneda.org.in', port=443) at 0x7fd987dc5af0>, 'Connection to upneda.org.in timed out. (connect timeout=45)'))
2026-08-29 09:48:02,501 INFO daily_update UPNEDA: 0 accepted; Failed
2026-08-29 09:48:04,651 INFO daily_update BSPHCL: 0 accepted; Success
2026-08-30 08:27:47,676 INFO daily_update SECI: 10 accepted; Success
2026-08-30 08:27:48,938 INFO daily_update NTPC REL: 1 accepted; Success
2026-08-30 08:28:05,094 INFO daily_update NHPC: 0 accepted; Success
2026-08-30 08:28:07,225 INFO daily_update SJVN: 0 accepted; Success
2026-08-30 08:32:44,609 ERROR connector.NLCIL Connector failed
Traceback (most recent call last):
  File "/home/runner/work/Renewable-tender-tracker/Renewable-tender-tracker/Python/connectors/base.py", line 50, in run
    result.records = self.parse(self.fetch())
                                ^^^^^^^^^^^^
  File "/home/runner/work/Renewable-tender-tracker/Renewable-tender-tracker/Python/connectors/base.py", line 45, in fetch
    return get_text(self.source_url)
           ^^^^^^^^^^^^^^^^^^^^^^^^^
  File "/home/runner/work/Renewable-tender-tracker/Renewable-tender-tracker/Python/core/http.py", line 21, in get_text
    raise RuntimeError(f"Unable to fetch {url}: {last_error}")
RuntimeError: Unable to fetch https://www.nlcindia.in/: HTTPSConnectionPool(host='www.nlcindia.in', port=443): Max retries exceeded with url: / (Caused by ConnectTimeoutError(<HTTPSConnection(host='www.nlcindia.in', port=443) at 0x7f8893ffef00>, 'Connection to www.nlcindia.in timed out. (connect timeout=45)'))
2026-08-30 08:32:44,610 INFO daily_update NLCIL: 0 accepted; Failed
2026-08-30 08:32:54,591 ERROR connector.GUVNL (ISTS) Connector failed
Traceback (most recent call last):
  File "/home/runner/work/Renewable-tender-tracker/Renewable-tender-tracker/Python/connectors/base.py", line 50, in run
    result.records = self.parse(self.fetch())
                                ^^^^^^^^^^^^
  File "/home/runner/work/Renewable-tender-tracker/Renewable-tender-tracker/Python/connectors/base.py", line 45, in fetch
    return get_text(self.source_url)
           ^^^^^^^^^^^^^^^^^^^^^^^^^
  File "/home/runner/work/Renewable-tender-tracker/Renewable-tender-tracker/Python/core/http.py", line 21, in get_text
    raise RuntimeError(f"Unable to fetch {url}: {last_error}")
RuntimeError: Unable to fetch https://www.guvnl.com/: HTTPSConnectionPool(host='www.guvnl.com', port=443): Max retries exceeded with url: / (Caused by SSLError(SSLEOFError(8, '[SSL: UNEXPECTED_EOF_WHILE_READING] EOF occurred in violation of protocol (_ssl.c:1010)')))
2026-08-30 08:32:54,592 INFO daily_update GUVNL (ISTS): 0 accepted; Failed
2026-08-30 08:35:16,783 ERROR connector.REMCL Connector failed
Traceback (most recent call last):
  File "/home/runner/work/Renewable-tender-tracker/Renewable-tender-tracker/Python/connectors/base.py", line 50, in run
    result.records = self.parse(self.fetch())
                                ^^^^^^^^^^^^
  File "/home/runner/work/Renewable-tender-tracker/Renewable-tender-tracker/Python/connectors/base.py", line 45, in fetch
    return get_text(self.source_url)
           ^^^^^^^^^^^^^^^^^^^^^^^^^
  File "/home/runner/work/Renewable-tender-tracker/Renewable-tender-tracker/Python/core/http.py", line 21, in get_text
    raise RuntimeError(f"Unable to fetch {url}: {last_error}")
RuntimeError: Unable to fetch https://www.remcl.in/: HTTPSConnectionPool(host='www.remcl.in', port=443): Max retries exceeded with url: / (Caused by ConnectTimeoutError(<HTTPSConnection(host='www.remcl.in', port=443) at 0x7f88940297c0>, 'Connection to www.remcl.in timed out. (connect timeout=45)'))
2026-08-30 08:35:16,783 INFO daily_update REMCL: 0 accepted; Failed
2026-08-30 08:35:18,831 INFO daily_update RUVNL: 0 accepted; Success
2026-08-30 08:35:20,094 INFO daily_update RVPN: 0 accepted; Success
2026-08-30 08:35:25,773 INFO daily_update KREDL: 0 accepted; Success
2026-08-30 08:37:48,631 ERROR connector.KPTCL Connector failed
Traceback (most recent call last):
  File "/home/runner/work/Renewable-tender-tracker/Renewable-tender-tracker/Python/connectors/base.py", line 50, in run
    result.records = self.parse(self.fetch())
                                ^^^^^^^^^^^^
  File "/home/runner/work/Renewable-tender-tracker/Renewable-tender-tracker/Python/connectors/base.py", line 45, in fetch
    return get_text(self.source_url)
           ^^^^^^^^^^^^^^^^^^^^^^^^^
  File "/home/runner/work/Renewable-tender-tracker/Renewable-tender-tracker/Python/core/http.py", line 21, in get_text
    raise RuntimeError(f"Unable to fetch {url}: {last_error}")
RuntimeError: Unable to fetch https://kptcl.karnataka.gov.in/: HTTPSConnectionPool(host='kptcl.karnataka.gov.in', port=443): Max retries exceeded with url: / (Caused by ConnectTimeoutError(<HTTPSConnection(host='kptcl.karnataka.gov.in', port=443) at 0x7f8893f14aa0>, 'Connection to kptcl.karnataka.gov.in timed out. (connect timeout=45)'))
2026-08-30 08:37:48,631 INFO daily_update KPTCL: 0 accepted; Failed
2026-08-30 08:37:56,691 ERROR connector.KPCL Connector failed
Traceback (most recent call last):
  File "/home/runner/work/Renewable-tender-tracker/Renewable-tender-tracker/Python/connectors/base.py", line 50, in run
    result.records = self.parse(self.fetch())
                                ^^^^^^^^^^^^
  File "/home/runner/work/Renewable-tender-tracker/Renewable-tender-tracker/Python/connectors/base.py", line 45, in fetch
    return get_text(self.source_url)
           ^^^^^^^^^^^^^^^^^^^^^^^^^
  File "/home/runner/work/Renewable-tender-tracker/Renewable-tender-tracker/Python/core/http.py", line 21, in get_text
    raise RuntimeError(f"Unable to fetch {url}: {last_error}")
RuntimeError: Unable to fetch https://karnatakapower.com/: HTTPSConnectionPool(host='karnatakapower.com', port=443): Max retries exceeded with url: / (Caused by SSLError(SSLCertVerificationError(1, "[SSL: CERTIFICATE_VERIFY_FAILED] certificate verify failed: Hostname mismatch, certificate is not valid for 'karnatakapower.com'. (_ssl.c:1010)")))
2026-08-30 08:37:56,691 INFO daily_update KPCL: 0 accepted; Failed
2026-08-30 08:37:58,557 INFO daily_update MPUVNL: 0 accepted; Success
2026-08-30 08:37:59,640 INFO daily_update MPPMCL: 0 accepted; Success
2026-08-30 08:38:07,387 ERROR connector.MP Urja Vikas Nigam Connector failed
Traceback (most recent call last):
  File "/home/runner/work/Renewable-tender-tracker/Renewable-tender-tracker/Python/connectors/base.py", line 50, in run
    result.records = self.parse(self.fetch())
                                ^^^^^^^^^^^^
  File "/home/runner/work/Renewable-tender-tracker/Renewable-tender-tracker/Python/connectors/base.py", line 45, in fetch
    return get_text(self.source_url)
           ^^^^^^^^^^^^^^^^^^^^^^^^^
  File "/home/runner/work/Renewable-tender-tracker/Renewable-tender-tracker/Python/core/http.py", line 21, in get_text
    raise RuntimeError(f"Unable to fetch {url}: {last_error}")
RuntimeError: Unable to fetch https://www.mprenewable.nic.in/: HTTPSConnectionPool(host='www.mprenewable.nic.in', port=443): Max retries exceeded with url: / (Caused by NameResolutionError("HTTPSConnection(host='www.mprenewable.nic.in', port=443): Failed to resolve 'www.mprenewable.nic.in' ([Errno -2] Name or service not known)"))
2026-08-30 08:38:07,388 INFO daily_update MP Urja Vikas Nigam: 0 accepted; Failed
2026-08-30 08:38:12,192 INFO daily_update MSEDCL: 0 accepted; Success
2026-08-30 08:38:13,991 INFO daily_update MAHAGENCO: 0 accepted; Success
2026-08-30 08:38:23,959 ERROR connector.GUVNL Connector failed
Traceback (most recent call last):
  File "/home/runner/work/Renewable-tender-tracker/Renewable-tender-tracker/Python/connectors/base.py", line 50, in run
    result.records = self.parse(self.fetch())
                                ^^^^^^^^^^^^
  File "/home/runner/work/Renewable-tender-tracker/Renewable-tender-tracker/Python/connectors/base.py", line 45, in fetch
    return get_text(self.source_url)
           ^^^^^^^^^^^^^^^^^^^^^^^^^
  File "/home/runner/work/Renewable-tender-tracker/Renewable-tender-tracker/Python/core/http.py", line 21, in get_text
    raise RuntimeError(f"Unable to fetch {url}: {last_error}")
RuntimeError: Unable to fetch https://www.guvnl.com/: HTTPSConnectionPool(host='www.guvnl.com', port=443): Max retries exceeded with url: / (Caused by SSLError(SSLEOFError(8, '[SSL: UNEXPECTED_EOF_WHILE_READING] EOF occurred in violation of protocol (_ssl.c:1010)')))
2026-08-30 08:38:23,959 INFO daily_update GUVNL: 0 accepted; Failed
2026-08-30 08:40:47,111 ERROR connector.GPCL Connector failed
Traceback (most recent call last):
  File "/home/runner/work/Renewable-tender-tracker/Renewable-tender-tracker/Python/connectors/base.py", line 50, in run
    result.records = self.parse(self.fetch())
                                ^^^^^^^^^^^^
  File "/home/runner/work/Renewable-tender-tracker/Renewable-tender-tracker/Python/connectors/base.py", line 45, in fetch
    return get_text(self.source_url)
           ^^^^^^^^^^^^^^^^^^^^^^^^^
  File "/home/runner/work/Renewable-tender-tracker/Renewable-tender-tracker/Python/core/http.py", line 21, in get_text
    raise RuntimeError(f"Unable to fetch {url}: {last_error}")
RuntimeError: Unable to fetch https://gpcl.gujarat.gov.in/: HTTPSConnectionPool(host='gpcl.gujarat.gov.in', port=443): Read timed out. (read timeout=45)
2026-08-30 08:40:47,111 INFO daily_update GPCL: 0 accepted; Failed
2026-08-30 08:40:48,327 INFO daily_update APSPDCL: 0 accepted; Success
2026-08-30 08:40:50,243 INFO daily_update APGENCO: 0 accepted; Success
2026-08-30 08:40:59,030 ERROR connector.NREDCAP Connector failed
Traceback (most recent call last):
  File "/home/runner/work/Renewable-tender-tracker/Renewable-tender-tracker/Python/connectors/base.py", line 50, in run
    result.records = self.parse(self.fetch())
                                ^^^^^^^^^^^^
  File "/home/runner/work/Renewable-tender-tracker/Renewable-tender-tracker/Python/connectors/base.py", line 45, in fetch
    return get_text(self.source_url)
           ^^^^^^^^^^^^^^^^^^^^^^^^^
  File "/home/runner/work/Renewable-tender-tracker/Renewable-tender-tracker/Python/core/http.py", line 21, in get_text
    raise RuntimeError(f"Unable to fetch {url}: {last_error}")
RuntimeError: Unable to fetch https://nredcap.in/: HTTPSConnectionPool(host='nredcap.in', port=443): Max retries exceeded with url: / (Caused by SSLError(SSLCertVerificationError(1, '[SSL: CERTIFICATE_VERIFY_FAILED] certificate verify failed: unable to get local issuer certificate (_ssl.c:1010)')))
2026-08-30 08:40:59,030 INFO daily_update NREDCAP: 0 accepted; Failed
2026-08-30 08:41:07,709 ERROR connector.TGNPDCL Connector failed
Traceback (most recent call last):
  File "/home/runner/work/Renewable-tender-tracker/Renewable-tender-tracker/Python/connectors/base.py", line 50, in run
    result.records = self.parse(self.fetch())
                                ^^^^^^^^^^^^
  File "/home/runner/work/Renewable-tender-tracker/Renewable-tender-tracker/Python/connectors/base.py", line 45, in fetch
    return get_text(self.source_url)
           ^^^^^^^^^^^^^^^^^^^^^^^^^
  File "/home/runner/work/Renewable-tender-tracker/Renewable-tender-tracker/Python/core/http.py", line 21, in get_text
    raise RuntimeError(f"Unable to fetch {url}: {last_error}")
RuntimeError: Unable to fetch https://tgnpdcl.com/: HTTPSConnectionPool(host='tgnpdcl.com', port=443): Max retries exceeded with url: / (Caused by SSLError(SSLError(1, '[SSL: SSLV3_ALERT_HANDSHAKE_FAILURE] sslv3 alert handshake failure (_ssl.c:1010)')))
2026-08-30 08:41:07,709 INFO daily_update TGNPDCL: 0 accepted; Failed
2026-08-30 08:41:14,836 ERROR connector.TSSPDCL Connector failed
Traceback (most recent call last):
  File "/home/runner/work/Renewable-tender-tracker/Renewable-tender-tracker/Python/connectors/base.py", line 50, in run
    result.records = self.parse(self.fetch())
                                ^^^^^^^^^^^^
  File "/home/runner/work/Renewable-tender-tracker/Renewable-tender-tracker/Python/connectors/base.py", line 45, in fetch
    return get_text(self.source_url)
           ^^^^^^^^^^^^^^^^^^^^^^^^^
  File "/home/runner/work/Renewable-tender-tracker/Renewable-tender-tracker/Python/core/http.py", line 21, in get_text
    raise RuntimeError(f"Unable to fetch {url}: {last_error}")
RuntimeError: Unable to fetch https://www.tssouthernpower.com/: 403 Client Error: Forbidden for url: https://www.tssouthernpower.com/
2026-08-30 08:41:14,836 INFO daily_update TSSPDCL: 0 accepted; Failed
2026-08-30 08:41:46,387 ERROR connector.TNGECL Connector failed
Traceback (most recent call last):
  File "/home/runner/work/Renewable-tender-tracker/Renewable-tender-tracker/Python/connectors/base.py", line 50, in run
    result.records = self.parse(self.fetch())
                                ^^^^^^^^^^^^
  File "/home/runner/work/Renewable-tender-tracker/Renewable-tender-tracker/Python/connectors/base.py", line 45, in fetch
    return get_text(self.source_url)
           ^^^^^^^^^^^^^^^^^^^^^^^^^
  File "/home/runner/work/Renewable-tender-tracker/Renewable-tender-tracker/Python/core/http.py", line 21, in get_text
    raise RuntimeError(f"Unable to fetch {url}: {last_error}")
RuntimeError: Unable to fetch https://www.tangedco.gov.in/: HTTPSConnectionPool(host='www.tangedco.gov.in', port=443): Max retries exceeded with url: / (Caused by NameResolutionError("HTTPSConnection(host='www.tangedco.gov.in', port=443): Failed to resolve 'www.tangedco.gov.in' ([Errno -3] Temporary failure in name resolution)"))
2026-08-30 08:41:46,390 INFO daily_update TNGECL: 0 accepted; Failed
2026-08-30 08:42:17,489 ERROR connector.TANTRANSCO Connector failed
Traceback (most recent call last):
  File "/home/runner/work/Renewable-tender-tracker/Renewable-tender-tracker/Python/connectors/base.py", line 50, in run
    result.records = self.parse(self.fetch())
                                ^^^^^^^^^^^^
  File "/home/runner/work/Renewable-tender-tracker/Renewable-tender-tracker/Python/connectors/base.py", line 45, in fetch
    return get_text(self.source_url)
           ^^^^^^^^^^^^^^^^^^^^^^^^^
  File "/home/runner/work/Renewable-tender-tracker/Renewable-tender-tracker/Python/core/http.py", line 21, in get_text
    raise RuntimeError(f"Unable to fetch {url}: {last_error}")
RuntimeError: Unable to fetch https://www.tantransco.gov.in/: HTTPSConnectionPool(host='www.tantransco.gov.in', port=443): Max retries exceeded with url: / (Caused by NameResolutionError("HTTPSConnection(host='www.tantransco.gov.in', port=443): Failed to resolve 'www.tantransco.gov.in' ([Errno -3] Temporary failure in name resolution)"))
2026-08-30 08:42:17,489 INFO daily_update TANTRANSCO: 0 accepted; Failed
2026-08-30 08:42:19,081 INFO daily_update GRIDCO: 2 accepted; Success
2026-08-30 08:42:30,498 INFO daily_update HAREDA: 0 accepted; Success
2026-08-30 08:42:34,019 INFO daily_update PSPCL: 0 accepted; Success
2026-08-30 08:44:56,242 ERROR connector.UPNEDA Connector failed
Traceback (most recent call last):
  File "/home/runner/work/Renewable-tender-tracker/Renewable-tender-tracker/Python/connectors/base.py", line 50, in run
    result.records = self.parse(self.fetch())
                                ^^^^^^^^^^^^
  File "/home/runner/work/Renewable-tender-tracker/Renewable-tender-tracker/Python/connectors/portals.py", line 24, in fetch
    return super().fetch()
           ^^^^^^^^^^^^^^^
  File "/home/runner/work/Renewable-tender-tracker/Renewable-tender-tracker/Python/connectors/base.py", line 45, in fetch
    return get_text(self.source_url)
           ^^^^^^^^^^^^^^^^^^^^^^^^^
  File "/home/runner/work/Renewable-tender-tracker/Renewable-tender-tracker/Python/core/http.py", line 21, in get_text
    raise RuntimeError(f"Unable to fetch {url}: {last_error}")
RuntimeError: Unable to fetch https://upneda.org.in/: HTTPSConnectionPool(host='upneda.org.in', port=443): Max retries exceeded with url: / (Caused by ConnectTimeoutError(<HTTPSConnection(host='upneda.org.in', port=443) at 0x7f8895fdc8c0>, 'Connection to upneda.org.in timed out. (connect timeout=45)'))
2026-08-30 08:44:56,243 INFO daily_update UPNEDA: 0 accepted; Failed
2026-08-30 08:44:57,405 INFO daily_update BSPHCL: 0 accepted; Success
2026-08-31 08:48:22,992 INFO daily_update SECI: 10 accepted; Success
2026-08-31 08:48:24,293 INFO daily_update NTPC REL: 1 accepted; Success
2026-08-31 08:48:40,638 INFO daily_update NHPC: 0 accepted; Success
2026-08-31 08:48:42,895 INFO daily_update SJVN: 0 accepted; Success
2026-08-31 08:53:20,227 ERROR connector.NLCIL Connector failed
Traceback (most recent call last):
  File "/home/runner/work/Renewable-tender-tracker/Renewable-tender-tracker/Python/connectors/base.py", line 50, in run
    result.records = self.parse(self.fetch())
                                ^^^^^^^^^^^^
  File "/home/runner/work/Renewable-tender-tracker/Renewable-tender-tracker/Python/connectors/base.py", line 45, in fetch
    return get_text(self.source_url)
           ^^^^^^^^^^^^^^^^^^^^^^^^^
  File "/home/runner/work/Renewable-tender-tracker/Renewable-tender-tracker/Python/core/http.py", line 21, in get_text
    raise RuntimeError(f"Unable to fetch {url}: {last_error}")
RuntimeError: Unable to fetch https://www.nlcindia.in/: HTTPSConnectionPool(host='www.nlcindia.in', port=443): Max retries exceeded with url: / (Caused by ConnectTimeoutError(<HTTPSConnection(host='www.nlcindia.in', port=443) at 0x7f911cd93110>, 'Connection to www.nlcindia.in timed out. (connect timeout=45)'))
2026-08-31 08:53:20,228 INFO daily_update NLCIL: 0 accepted; Failed
2026-08-31 08:53:30,162 ERROR connector.GUVNL (ISTS) Connector failed
Traceback (most recent call last):
  File "/home/runner/work/Renewable-tender-tracker/Renewable-tender-tracker/Python/connectors/base.py", line 50, in run
    result.records = self.parse(self.fetch())
                                ^^^^^^^^^^^^
  File "/home/runner/work/Renewable-tender-tracker/Renewable-tender-tracker/Python/connectors/base.py", line 45, in fetch
    return get_text(self.source_url)
           ^^^^^^^^^^^^^^^^^^^^^^^^^
  File "/home/runner/work/Renewable-tender-tracker/Renewable-tender-tracker/Python/core/http.py", line 21, in get_text
    raise RuntimeError(f"Unable to fetch {url}: {last_error}")
RuntimeError: Unable to fetch https://www.guvnl.com/: HTTPSConnectionPool(host='www.guvnl.com', port=443): Max retries exceeded with url: / (Caused by SSLError(SSLEOFError(8, '[SSL: UNEXPECTED_EOF_WHILE_READING] EOF occurred in violation of protocol (_ssl.c:1010)')))
2026-08-31 08:53:30,163 INFO daily_update GUVNL (ISTS): 0 accepted; Failed
2026-08-31 08:55:52,682 ERROR connector.REMCL Connector failed
Traceback (most recent call last):
  File "/home/runner/work/Renewable-tender-tracker/Renewable-tender-tracker/Python/connectors/base.py", line 50, in run
    result.records = self.parse(self.fetch())
                                ^^^^^^^^^^^^
  File "/home/runner/work/Renewable-tender-tracker/Renewable-tender-tracker/Python/connectors/base.py", line 45, in fetch
    return get_text(self.source_url)
           ^^^^^^^^^^^^^^^^^^^^^^^^^
  File "/home/runner/work/Renewable-tender-tracker/Renewable-tender-tracker/Python/core/http.py", line 21, in get_text
    raise RuntimeError(f"Unable to fetch {url}: {last_error}")
RuntimeError: Unable to fetch https://www.remcl.in/: HTTPSConnectionPool(host='www.remcl.in', port=443): Max retries exceeded with url: / (Caused by ConnectTimeoutError(<HTTPSConnection(host='www.remcl.in', port=443) at 0x7f911cd923c0>, 'Connection to www.remcl.in timed out. (connect timeout=45)'))
2026-08-31 08:55:52,683 INFO daily_update REMCL: 0 accepted; Failed
2026-08-31 08:55:54,480 INFO daily_update RUVNL: 0 accepted; Success
2026-08-31 08:55:55,714 INFO daily_update RVPN: 0 accepted; Success
2026-08-31 08:55:56,982 INFO daily_update KREDL: 0 accepted; Success
2026-08-31 08:58:19,784 ERROR connector.KPTCL Connector failed
Traceback (most recent call last):
  File "/home/runner/work/Renewable-tender-tracker/Renewable-tender-tracker/Python/connectors/base.py", line 50, in run
    result.records = self.parse(self.fetch())
                                ^^^^^^^^^^^^
  File "/home/runner/work/Renewable-tender-tracker/Renewable-tender-tracker/Python/connectors/base.py", line 45, in fetch
    return get_text(self.source_url)
           ^^^^^^^^^^^^^^^^^^^^^^^^^
  File "/home/runner/work/Renewable-tender-tracker/Renewable-tender-tracker/Python/core/http.py", line 21, in get_text
    raise RuntimeError(f"Unable to fetch {url}: {last_error}")
RuntimeError: Unable to fetch https://kptcl.karnataka.gov.in/: HTTPSConnectionPool(host='kptcl.karnataka.gov.in', port=443): Max retries exceeded with url: / (Caused by ConnectTimeoutError(<HTTPSConnection(host='kptcl.karnataka.gov.in', port=443) at 0x7f911ccad4c0>, 'Connection to kptcl.karnataka.gov.in timed out. (connect timeout=45)'))
2026-08-31 08:58:19,785 INFO daily_update KPTCL: 0 accepted; Failed
2026-08-31 08:58:27,849 ERROR connector.KPCL Connector failed
Traceback (most recent call last):
  File "/home/runner/work/Renewable-tender-tracker/Renewable-tender-tracker/Python/connectors/base.py", line 50, in run
    result.records = self.parse(self.fetch())
                                ^^^^^^^^^^^^
  File "/home/runner/work/Renewable-tender-tracker/Renewable-tender-tracker/Python/connectors/base.py", line 45, in fetch
    return get_text(self.source_url)
           ^^^^^^^^^^^^^^^^^^^^^^^^^
  File "/home/runner/work/Renewable-tender-tracker/Renewable-tender-tracker/Python/core/http.py", line 21, in get_text
    raise RuntimeError(f"Unable to fetch {url}: {last_error}")
RuntimeError: Unable to fetch https://karnatakapower.com/: HTTPSConnectionPool(host='karnatakapower.com', port=443): Max retries exceeded with url: / (Caused by SSLError(SSLCertVerificationError(1, "[SSL: CERTIFICATE_VERIFY_FAILED] certificate verify failed: Hostname mismatch, certificate is not valid for 'karnatakapower.com'. (_ssl.c:1010)")))
2026-08-31 08:58:27,850 INFO daily_update KPCL: 0 accepted; Failed
2026-08-31 08:58:29,982 INFO daily_update MPUVNL: 0 accepted; Success
2026-08-31 08:58:30,507 INFO daily_update MPPMCL: 0 accepted; Success
2026-08-31 08:58:38,263 ERROR connector.MP Urja Vikas Nigam Connector failed
Traceback (most recent call last):
  File "/home/runner/work/Renewable-tender-tracker/Renewable-tender-tracker/Python/connectors/base.py", line 50, in run
    result.records = self.parse(self.fetch())
                                ^^^^^^^^^^^^
  File "/home/runner/work/Renewable-tender-tracker/Renewable-tender-tracker/Python/connectors/base.py", line 45, in fetch
    return get_text(self.source_url)
           ^^^^^^^^^^^^^^^^^^^^^^^^^
  File "/home/runner/work/Renewable-tender-tracker/Renewable-tender-tracker/Python/core/http.py", line 21, in get_text
    raise RuntimeError(f"Unable to fetch {url}: {last_error}")
RuntimeError: Unable to fetch https://www.mprenewable.nic.in/: HTTPSConnectionPool(host='www.mprenewable.nic.in', port=443): Max retries exceeded with url: / (Caused by NameResolutionError("HTTPSConnection(host='www.mprenewable.nic.in', port=443): Failed to resolve 'www.mprenewable.nic.in' ([Errno -2] Name or service not known)"))
2026-08-31 08:58:38,264 INFO daily_update MP Urja Vikas Nigam: 0 accepted; Failed
2026-08-31 08:58:47,612 INFO daily_update MSEDCL: 0 accepted; Success
2026-08-31 08:58:49,297 INFO daily_update MAHAGENCO: 0 accepted; Success
2026-08-31 08:58:59,338 ERROR connector.GUVNL Connector failed
Traceback (most recent call last):
  File "/home/runner/work/Renewable-tender-tracker/Renewable-tender-tracker/Python/connectors/base.py", line 50, in run
    result.records = self.parse(self.fetch())
                                ^^^^^^^^^^^^
  File "/home/runner/work/Renewable-tender-tracker/Renewable-tender-tracker/Python/connectors/base.py", line 45, in fetch
    return get_text(self.source_url)
           ^^^^^^^^^^^^^^^^^^^^^^^^^
  File "/home/runner/work/Renewable-tender-tracker/Renewable-tender-tracker/Python/core/http.py", line 21, in get_text
    raise RuntimeError(f"Unable to fetch {url}: {last_error}")
RuntimeError: Unable to fetch https://www.guvnl.com/: HTTPSConnectionPool(host='www.guvnl.com', port=443): Max retries exceeded with url: / (Caused by SSLError(SSLEOFError(8, '[SSL: UNEXPECTED_EOF_WHILE_READING] EOF occurred in violation of protocol (_ssl.c:1010)')))
2026-08-31 08:58:59,338 INFO daily_update GUVNL: 0 accepted; Failed
2026-08-31 09:01:22,392 ERROR connector.GPCL Connector failed
Traceback (most recent call last):
  File "/home/runner/work/Renewable-tender-tracker/Renewable-tender-tracker/Python/connectors/base.py", line 50, in run
    result.records = self.parse(self.fetch())
                                ^^^^^^^^^^^^
  File "/home/runner/work/Renewable-tender-tracker/Renewable-tender-tracker/Python/connectors/base.py", line 45, in fetch
    return get_text(self.source_url)
           ^^^^^^^^^^^^^^^^^^^^^^^^^
  File "/home/runner/work/Renewable-tender-tracker/Renewable-tender-tracker/Python/core/http.py", line 21, in get_text
    raise RuntimeError(f"Unable to fetch {url}: {last_error}")
RuntimeError: Unable to fetch https://gpcl.gujarat.gov.in/: HTTPSConnectionPool(host='gpcl.gujarat.gov.in', port=443): Read timed out. (read timeout=45)
2026-08-31 09:01:22,393 INFO daily_update GPCL: 0 accepted; Failed
2026-08-31 09:01:23,627 INFO daily_update APSPDCL: 0 accepted; Success
2026-08-31 09:01:25,469 INFO daily_update APGENCO: 0 accepted; Success
2026-08-31 09:01:36,481 ERROR connector.NREDCAP Connector failed
Traceback (most recent call last):
  File "/home/runner/work/Renewable-tender-tracker/Renewable-tender-tracker/Python/connectors/base.py", line 50, in run
    result.records = self.parse(self.fetch())
                                ^^^^^^^^^^^^
  File "/home/runner/work/Renewable-tender-tracker/Renewable-tender-tracker/Python/connectors/base.py", line 45, in fetch
    return get_text(self.source_url)
           ^^^^^^^^^^^^^^^^^^^^^^^^^
  File "/home/runner/work/Renewable-tender-tracker/Renewable-tender-tracker/Python/core/http.py", line 21, in get_text
    raise RuntimeError(f"Unable to fetch {url}: {last_error}")
RuntimeError: Unable to fetch https://nredcap.in/: HTTPSConnectionPool(host='nredcap.in', port=443): Max retries exceeded with url: / (Caused by SSLError(SSLCertVerificationError(1, '[SSL: CERTIFICATE_VERIFY_FAILED] certificate verify failed: unable to get local issuer certificate (_ssl.c:1010)')))
2026-08-31 09:01:36,482 INFO daily_update NREDCAP: 0 accepted; Failed
2026-08-31 09:01:45,022 ERROR connector.TGNPDCL Connector failed
Traceback (most recent call last):
  File "/home/runner/work/Renewable-tender-tracker/Renewable-tender-tracker/Python/connectors/base.py", line 50, in run
    result.records = self.parse(self.fetch())
                                ^^^^^^^^^^^^
  File "/home/runner/work/Renewable-tender-tracker/Renewable-tender-tracker/Python/connectors/base.py", line 45, in fetch
    return get_text(self.source_url)
           ^^^^^^^^^^^^^^^^^^^^^^^^^
  File "/home/runner/work/Renewable-tender-tracker/Renewable-tender-tracker/Python/core/http.py", line 21, in get_text
    raise RuntimeError(f"Unable to fetch {url}: {last_error}")
RuntimeError: Unable to fetch https://tgnpdcl.com/: HTTPSConnectionPool(host='tgnpdcl.com', port=443): Max retries exceeded with url: / (Caused by SSLError(SSLError(1, '[SSL: SSLV3_ALERT_HANDSHAKE_FAILURE] sslv3 alert handshake failure (_ssl.c:1010)')))
2026-08-31 09:01:45,022 INFO daily_update TGNPDCL: 0 accepted; Failed
2026-08-31 09:01:52,213 ERROR connector.TSSPDCL Connector failed
Traceback (most recent call last):
  File "/home/runner/work/Renewable-tender-tracker/Renewable-tender-tracker/Python/connectors/base.py", line 50, in run
    result.records = self.parse(self.fetch())
                                ^^^^^^^^^^^^
  File "/home/runner/work/Renewable-tender-tracker/Renewable-tender-tracker/Python/connectors/base.py", line 45, in fetch
    return get_text(self.source_url)
           ^^^^^^^^^^^^^^^^^^^^^^^^^
  File "/home/runner/work/Renewable-tender-tracker/Renewable-tender-tracker/Python/core/http.py", line 21, in get_text
    raise RuntimeError(f"Unable to fetch {url}: {last_error}")
RuntimeError: Unable to fetch https://www.tssouthernpower.com/: 403 Client Error: Forbidden for url: https://www.tssouthernpower.com/
2026-08-31 09:01:52,214 INFO daily_update TSSPDCL: 0 accepted; Failed
2026-08-31 09:02:24,946 ERROR connector.TNGECL Connector failed
Traceback (most recent call last):
  File "/home/runner/work/Renewable-tender-tracker/Renewable-tender-tracker/Python/connectors/base.py", line 50, in run
    result.records = self.parse(self.fetch())
                                ^^^^^^^^^^^^
  File "/home/runner/work/Renewable-tender-tracker/Renewable-tender-tracker/Python/connectors/base.py", line 45, in fetch
    return get_text(self.source_url)
           ^^^^^^^^^^^^^^^^^^^^^^^^^
  File "/home/runner/work/Renewable-tender-tracker/Renewable-tender-tracker/Python/core/http.py", line 21, in get_text
    raise RuntimeError(f"Unable to fetch {url}: {last_error}")
RuntimeError: Unable to fetch https://www.tangedco.gov.in/: HTTPSConnectionPool(host='www.tangedco.gov.in', port=443): Max retries exceeded with url: / (Caused by NameResolutionError("HTTPSConnection(host='www.tangedco.gov.in', port=443): Failed to resolve 'www.tangedco.gov.in' ([Errno -3] Temporary failure in name resolution)"))
2026-08-31 09:02:24,949 INFO daily_update TNGECL: 0 accepted; Failed
2026-08-31 09:02:54,960 ERROR connector.TANTRANSCO Connector failed
Traceback (most recent call last):
  File "/home/runner/work/Renewable-tender-tracker/Renewable-tender-tracker/Python/connectors/base.py", line 50, in run
    result.records = self.parse(self.fetch())
                                ^^^^^^^^^^^^
  File "/home/runner/work/Renewable-tender-tracker/Renewable-tender-tracker/Python/connectors/base.py", line 45, in fetch
    return get_text(self.source_url)
           ^^^^^^^^^^^^^^^^^^^^^^^^^
  File "/home/runner/work/Renewable-tender-tracker/Renewable-tender-tracker/Python/core/http.py", line 21, in get_text
    raise RuntimeError(f"Unable to fetch {url}: {last_error}")
RuntimeError: Unable to fetch https://www.tantransco.gov.in/: HTTPSConnectionPool(host='www.tantransco.gov.in', port=443): Max retries exceeded with url: / (Caused by NameResolutionError("HTTPSConnection(host='www.tantransco.gov.in', port=443): Failed to resolve 'www.tantransco.gov.in' ([Errno -3] Temporary failure in name resolution)"))
2026-08-31 09:02:54,960 INFO daily_update TANTRANSCO: 0 accepted; Failed
2026-08-31 09:02:56,799 INFO daily_update GRIDCO: 2 accepted; Success
2026-08-31 09:02:58,319 INFO daily_update HAREDA: 0 accepted; Success
2026-08-31 09:03:01,956 INFO daily_update PSPCL: 0 accepted; Success
2026-08-31 09:05:24,198 ERROR connector.UPNEDA Connector failed
Traceback (most recent call last):
  File "/home/runner/work/Renewable-tender-tracker/Renewable-tender-tracker/Python/connectors/base.py", line 50, in run
    result.records = self.parse(self.fetch())
                                ^^^^^^^^^^^^
  File "/home/runner/work/Renewable-tender-tracker/Renewable-tender-tracker/Python/connectors/portals.py", line 24, in fetch
    return super().fetch()
           ^^^^^^^^^^^^^^^
  File "/home/runner/work/Renewable-tender-tracker/Renewable-tender-tracker/Python/connectors/base.py", line 45, in fetch
    return get_text(self.source_url)
           ^^^^^^^^^^^^^^^^^^^^^^^^^
  File "/home/runner/work/Renewable-tender-tracker/Renewable-tender-tracker/Python/core/http.py", line 21, in get_text
    raise RuntimeError(f"Unable to fetch {url}: {last_error}")
RuntimeError: Unable to fetch https://upneda.org.in/: HTTPSConnectionPool(host='upneda.org.in', port=443): Max retries exceeded with url: / (Caused by ConnectTimeoutError(<HTTPSConnection(host='upneda.org.in', port=443) at 0x7f911ce92570>, 'Connection to upneda.org.in timed out. (connect timeout=45)'))
2026-08-31 09:05:24,198 INFO daily_update UPNEDA: 0 accepted; Failed
2026-08-31 09:05:25,230 INFO daily_update BSPHCL: 0 accepted; Success
2026-09-01 07:55:39,541 INFO daily_update SECI: 10 accepted; Success
2026-09-01 07:55:40,888 INFO daily_update NTPC REL: 1 accepted; Success
2026-09-01 07:55:57,358 INFO daily_update NHPC: 0 accepted; Success
2026-09-01 07:55:59,363 INFO daily_update SJVN: 0 accepted; Success
2026-09-01 08:00:36,761 ERROR connector.NLCIL Connector failed
Traceback (most recent call last):
  File "/home/runner/work/Renewable-tender-tracker/Renewable-tender-tracker/Python/connectors/base.py", line 50, in run
    result.records = self.parse(self.fetch())
                                ^^^^^^^^^^^^
  File "/home/runner/work/Renewable-tender-tracker/Renewable-tender-tracker/Python/connectors/base.py", line 45, in fetch
    return get_text(self.source_url)
           ^^^^^^^^^^^^^^^^^^^^^^^^^
  File "/home/runner/work/Renewable-tender-tracker/Renewable-tender-tracker/Python/core/http.py", line 21, in get_text
    raise RuntimeError(f"Unable to fetch {url}: {last_error}")
RuntimeError: Unable to fetch https://www.nlcindia.in/: HTTPSConnectionPool(host='www.nlcindia.in', port=443): Max retries exceeded with url: / (Caused by ConnectTimeoutError(<HTTPSConnection(host='www.nlcindia.in', port=443) at 0x7f88d06940e0>, 'Connection to www.nlcindia.in timed out. (connect timeout=45)'))
2026-09-01 08:00:36,762 INFO daily_update NLCIL: 0 accepted; Failed
2026-09-01 08:00:46,938 ERROR connector.GUVNL (ISTS) Connector failed
Traceback (most recent call last):
  File "/home/runner/work/Renewable-tender-tracker/Renewable-tender-tracker/Python/connectors/base.py", line 50, in run
    result.records = self.parse(self.fetch())
                                ^^^^^^^^^^^^
  File "/home/runner/work/Renewable-tender-tracker/Renewable-tender-tracker/Python/connectors/base.py", line 45, in fetch
    return get_text(self.source_url)
           ^^^^^^^^^^^^^^^^^^^^^^^^^
  File "/home/runner/work/Renewable-tender-tracker/Renewable-tender-tracker/Python/core/http.py", line 21, in get_text
    raise RuntimeError(f"Unable to fetch {url}: {last_error}")
RuntimeError: Unable to fetch https://www.guvnl.com/: HTTPSConnectionPool(host='www.guvnl.com', port=443): Max retries exceeded with url: / (Caused by SSLError(SSLEOFError(8, '[SSL: UNEXPECTED_EOF_WHILE_READING] EOF occurred in violation of protocol (_ssl.c:1010)')))
2026-09-01 08:00:46,938 INFO daily_update GUVNL (ISTS): 0 accepted; Failed
2026-09-01 08:03:09,235 ERROR connector.REMCL Connector failed
Traceback (most recent call last):
  File "/home/runner/work/Renewable-tender-tracker/Renewable-tender-tracker/Python/connectors/base.py", line 50, in run
    result.records = self.parse(self.fetch())
                                ^^^^^^^^^^^^
  File "/home/runner/work/Renewable-tender-tracker/Renewable-tender-tracker/Python/connectors/base.py", line 45, in fetch
    return get_text(self.source_url)
           ^^^^^^^^^^^^^^^^^^^^^^^^^
  File "/home/runner/work/Renewable-tender-tracker/Renewable-tender-tracker/Python/core/http.py", line 21, in get_text
    raise RuntimeError(f"Unable to fetch {url}: {last_error}")
RuntimeError: Unable to fetch https://www.remcl.in/: HTTPSConnectionPool(host='www.remcl.in', port=443): Max retries exceeded with url: / (Caused by ConnectTimeoutError(<HTTPSConnection(host='www.remcl.in', port=443) at 0x7f88d06960f0>, 'Connection to www.remcl.in timed out. (connect timeout=45)'))
2026-09-01 08:03:09,236 INFO daily_update REMCL: 0 accepted; Failed
2026-09-01 08:03:11,332 INFO daily_update RUVNL: 0 accepted; Success
2026-09-01 08:03:12,650 INFO daily_update RVPN: 0 accepted; Success
2026-09-01 08:03:13,983 INFO daily_update KREDL: 0 accepted; Success
2026-09-01 08:05:37,189 ERROR connector.KPTCL Connector failed
Traceback (most recent call last):
  File "/home/runner/work/Renewable-tender-tracker/Renewable-tender-tracker/Python/connectors/base.py", line 50, in run
    result.records = self.parse(self.fetch())
                                ^^^^^^^^^^^^
  File "/home/runner/work/Renewable-tender-tracker/Renewable-tender-tracker/Python/connectors/base.py", line 45, in fetch
    return get_text(self.source_url)
           ^^^^^^^^^^^^^^^^^^^^^^^^^
  File "/home/runner/work/Renewable-tender-tracker/Renewable-tender-tracker/Python/core/http.py", line 21, in get_text
    raise RuntimeError(f"Unable to fetch {url}: {last_error}")
RuntimeError: Unable to fetch https://kptcl.karnataka.gov.in/: HTTPSConnectionPool(host='kptcl.karnataka.gov.in', port=443): Max retries exceeded with url: / (Caused by ConnectTimeoutError(<HTTPSConnection(host='kptcl.karnataka.gov.in', port=443) at 0x7f88d05a37d0>, 'Connection to kptcl.karnataka.gov.in timed out. (connect timeout=45)'))
2026-09-01 08:05:37,190 INFO daily_update KPTCL: 0 accepted; Failed
2026-09-01 08:05:45,171 ERROR connector.KPCL Connector failed
Traceback (most recent call last):
  File "/home/runner/work/Renewable-tender-tracker/Renewable-tender-tracker/Python/connectors/base.py", line 50, in run
    result.records = self.parse(self.fetch())
                                ^^^^^^^^^^^^
  File "/home/runner/work/Renewable-tender-tracker/Renewable-tender-tracker/Python/connectors/base.py", line 45, in fetch
    return get_text(self.source_url)
           ^^^^^^^^^^^^^^^^^^^^^^^^^
  File "/home/runner/work/Renewable-tender-tracker/Renewable-tender-tracker/Python/core/http.py", line 21, in get_text
    raise RuntimeError(f"Unable to fetch {url}: {last_error}")
RuntimeError: Unable to fetch https://karnatakapower.com/: HTTPSConnectionPool(host='karnatakapower.com', port=443): Max retries exceeded with url: / (Caused by SSLError(SSLCertVerificationError(1, "[SSL: CERTIFICATE_VERIFY_FAILED] certificate verify failed: Hostname mismatch, certificate is not valid for 'karnatakapower.com'. (_ssl.c:1010)")))
2026-09-01 08:05:45,172 INFO daily_update KPCL: 0 accepted; Failed
2026-09-01 08:05:47,685 INFO daily_update MPUVNL: 0 accepted; Success
2026-09-01 08:05:48,469 INFO daily_update MPPMCL: 0 accepted; Success
2026-09-01 08:05:56,325 ERROR connector.MP Urja Vikas Nigam Connector failed
Traceback (most recent call last):
  File "/home/runner/work/Renewable-tender-tracker/Renewable-tender-tracker/Python/connectors/base.py", line 50, in run
    result.records = self.parse(self.fetch())
                                ^^^^^^^^^^^^
  File "/home/runner/work/Renewable-tender-tracker/Renewable-tender-tracker/Python/connectors/base.py", line 45, in fetch
    return get_text(self.source_url)
           ^^^^^^^^^^^^^^^^^^^^^^^^^
  File "/home/runner/work/Renewable-tender-tracker/Renewable-tender-tracker/Python/core/http.py", line 21, in get_text
    raise RuntimeError(f"Unable to fetch {url}: {last_error}")
RuntimeError: Unable to fetch https://www.mprenewable.nic.in/: HTTPSConnectionPool(host='www.mprenewable.nic.in', port=443): Max retries exceeded with url: / (Caused by NameResolutionError("HTTPSConnection(host='www.mprenewable.nic.in', port=443): Failed to resolve 'www.mprenewable.nic.in' ([Errno -2] Name or service not known)"))
2026-09-01 08:05:56,326 INFO daily_update MP Urja Vikas Nigam: 0 accepted; Failed
2026-09-01 08:06:01,458 INFO daily_update MSEDCL: 0 accepted; Success
2026-09-01 08:06:03,490 INFO daily_update MAHAGENCO: 0 accepted; Success
2026-09-01 08:06:13,596 ERROR connector.GUVNL Connector failed
Traceback (most recent call last):
  File "/home/runner/work/Renewable-tender-tracker/Renewable-tender-tracker/Python/connectors/base.py", line 50, in run
    result.records = self.parse(self.fetch())
                                ^^^^^^^^^^^^
  File "/home/runner/work/Renewable-tender-tracker/Renewable-tender-tracker/Python/connectors/base.py", line 45, in fetch
    return get_text(self.source_url)
           ^^^^^^^^^^^^^^^^^^^^^^^^^
  File "/home/runner/work/Renewable-tender-tracker/Renewable-tender-tracker/Python/core/http.py", line 21, in get_text
    raise RuntimeError(f"Unable to fetch {url}: {last_error}")
RuntimeError: Unable to fetch https://www.guvnl.com/: HTTPSConnectionPool(host='www.guvnl.com', port=443): Max retries exceeded with url: / (Caused by SSLError(SSLEOFError(8, '[SSL: UNEXPECTED_EOF_WHILE_READING] EOF occurred in violation of protocol (_ssl.c:1010)')))
2026-09-01 08:06:13,596 INFO daily_update GUVNL: 0 accepted; Failed
2026-09-01 08:08:36,730 ERROR connector.GPCL Connector failed
Traceback (most recent call last):
  File "/home/runner/work/Renewable-tender-tracker/Renewable-tender-tracker/Python/connectors/base.py", line 50, in run
    result.records = self.parse(self.fetch())
                                ^^^^^^^^^^^^
  File "/home/runner/work/Renewable-tender-tracker/Renewable-tender-tracker/Python/connectors/base.py", line 45, in fetch
    return get_text(self.source_url)
           ^^^^^^^^^^^^^^^^^^^^^^^^^
  File "/home/runner/work/Renewable-tender-tracker/Renewable-tender-tracker/Python/core/http.py", line 21, in get_text
    raise RuntimeError(f"Unable to fetch {url}: {last_error}")
RuntimeError: Unable to fetch https://gpcl.gujarat.gov.in/: HTTPSConnectionPool(host='gpcl.gujarat.gov.in', port=443): Read timed out. (read timeout=45)
2026-09-01 08:08:36,731 INFO daily_update GPCL: 0 accepted; Failed
2026-09-01 08:08:38,004 INFO daily_update APSPDCL: 0 accepted; Success
2026-09-01 08:08:43,352 INFO daily_update APGENCO: 0 accepted; Success
2026-09-01 08:08:52,257 ERROR connector.NREDCAP Connector failed
Traceback (most recent call last):
  File "/home/runner/work/Renewable-tender-tracker/Renewable-tender-tracker/Python/connectors/base.py", line 50, in run
    result.records = self.parse(self.fetch())
                                ^^^^^^^^^^^^
  File "/home/runner/work/Renewable-tender-tracker/Renewable-tender-tracker/Python/connectors/base.py", line 45, in fetch
    return get_text(self.source_url)
           ^^^^^^^^^^^^^^^^^^^^^^^^^
  File "/home/runner/work/Renewable-tender-tracker/Renewable-tender-tracker/Python/core/http.py", line 21, in get_text
    raise RuntimeError(f"Unable to fetch {url}: {last_error}")
RuntimeError: Unable to fetch https://nredcap.in/: HTTPSConnectionPool(host='nredcap.in', port=443): Max retries exceeded with url: / (Caused by SSLError(SSLCertVerificationError(1, '[SSL: CERTIFICATE_VERIFY_FAILED] certificate verify failed: unable to get local issuer certificate (_ssl.c:1010)')))
2026-09-01 08:08:52,257 INFO daily_update NREDCAP: 0 accepted; Failed
2026-09-01 08:09:01,204 ERROR connector.TGNPDCL Connector failed
Traceback (most recent call last):
  File "/home/runner/work/Renewable-tender-tracker/Renewable-tender-tracker/Python/connectors/base.py", line 50, in run
    result.records = self.parse(self.fetch())
                                ^^^^^^^^^^^^
  File "/home/runner/work/Renewable-tender-tracker/Renewable-tender-tracker/Python/connectors/base.py", line 45, in fetch
    return get_text(self.source_url)
           ^^^^^^^^^^^^^^^^^^^^^^^^^
  File "/home/runner/work/Renewable-tender-tracker/Renewable-tender-tracker/Python/core/http.py", line 21, in get_text
    raise RuntimeError(f"Unable to fetch {url}: {last_error}")
RuntimeError: Unable to fetch https://tgnpdcl.com/: HTTPSConnectionPool(host='tgnpdcl.com', port=443): Max retries exceeded with url: / (Caused by SSLError(SSLError(1, '[SSL: SSLV3_ALERT_HANDSHAKE_FAILURE] sslv3 alert handshake failure (_ssl.c:1010)')))
2026-09-01 08:09:01,204 INFO daily_update TGNPDCL: 0 accepted; Failed
2026-09-01 08:09:08,522 ERROR connector.TSSPDCL Connector failed
Traceback (most recent call last):
  File "/home/runner/work/Renewable-tender-tracker/Renewable-tender-tracker/Python/connectors/base.py", line 50, in run
    result.records = self.parse(self.fetch())
                                ^^^^^^^^^^^^
  File "/home/runner/work/Renewable-tender-tracker/Renewable-tender-tracker/Python/connectors/base.py", line 45, in fetch
    return get_text(self.source_url)
           ^^^^^^^^^^^^^^^^^^^^^^^^^
  File "/home/runner/work/Renewable-tender-tracker/Renewable-tender-tracker/Python/core/http.py", line 21, in get_text
    raise RuntimeError(f"Unable to fetch {url}: {last_error}")
RuntimeError: Unable to fetch https://www.tssouthernpower.com/: 403 Client Error: Forbidden for url: https://www.tssouthernpower.com/
2026-09-01 08:09:08,523 INFO daily_update TSSPDCL: 0 accepted; Failed
2026-09-01 08:09:42,294 ERROR connector.TNGECL Connector failed
Traceback (most recent call last):
  File "/home/runner/work/Renewable-tender-tracker/Renewable-tender-tracker/Python/connectors/base.py", line 50, in run
    result.records = self.parse(self.fetch())
                                ^^^^^^^^^^^^
  File "/home/runner/work/Renewable-tender-tracker/Renewable-tender-tracker/Python/connectors/base.py", line 45, in fetch
    return get_text(self.source_url)
           ^^^^^^^^^^^^^^^^^^^^^^^^^
  File "/home/runner/work/Renewable-tender-tracker/Renewable-tender-tracker/Python/core/http.py", line 21, in get_text
    raise RuntimeError(f"Unable to fetch {url}: {last_error}")
RuntimeError: Unable to fetch https://www.tangedco.gov.in/: HTTPSConnectionPool(host='www.tangedco.gov.in', port=443): Max retries exceeded with url: / (Caused by NameResolutionError("HTTPSConnection(host='www.tangedco.gov.in', port=443): Failed to resolve 'www.tangedco.gov.in' ([Errno -3] Temporary failure in name resolution)"))
2026-09-01 08:09:42,294 INFO daily_update TNGECL: 0 accepted; Failed
2026-09-01 08:10:15,435 ERROR connector.TANTRANSCO Connector failed
Traceback (most recent call last):
  File "/home/runner/work/Renewable-tender-tracker/Renewable-tender-tracker/Python/connectors/base.py", line 50, in run
    result.records = self.parse(self.fetch())
                                ^^^^^^^^^^^^
  File "/home/runner/work/Renewable-tender-tracker/Renewable-tender-tracker/Python/connectors/base.py", line 45, in fetch
    return get_text(self.source_url)
           ^^^^^^^^^^^^^^^^^^^^^^^^^
  File "/home/runner/work/Renewable-tender-tracker/Renewable-tender-tracker/Python/core/http.py", line 21, in get_text
    raise RuntimeError(f"Unable to fetch {url}: {last_error}")
RuntimeError: Unable to fetch https://www.tantransco.gov.in/: HTTPSConnectionPool(host='www.tantransco.gov.in', port=443): Max retries exceeded with url: / (Caused by NameResolutionError("HTTPSConnection(host='www.tantransco.gov.in', port=443): Failed to resolve 'www.tantransco.gov.in' ([Errno -3] Temporary failure in name resolution)"))
2026-09-01 08:10:15,435 INFO daily_update TANTRANSCO: 0 accepted; Failed
2026-09-01 08:10:17,217 INFO daily_update GRIDCO: 2 accepted; Success
2026-09-01 08:10:18,879 INFO daily_update HAREDA: 0 accepted; Success
2026-09-01 08:10:22,691 INFO daily_update PSPCL: 0 accepted; Success
2026-09-01 08:12:45,011 ERROR connector.UPNEDA Connector failed
Traceback (most recent call last):
  File "/home/runner/work/Renewable-tender-tracker/Renewable-tender-tracker/Python/connectors/base.py", line 50, in run
    result.records = self.parse(self.fetch())
                                ^^^^^^^^^^^^
  File "/home/runner/work/Renewable-tender-tracker/Renewable-tender-tracker/Python/connectors/portals.py", line 24, in fetch
    return super().fetch()
           ^^^^^^^^^^^^^^^
  File "/home/runner/work/Renewable-tender-tracker/Renewable-tender-tracker/Python/connectors/base.py", line 45, in fetch
    return get_text(self.source_url)
           ^^^^^^^^^^^^^^^^^^^^^^^^^
  File "/home/runner/work/Renewable-tender-tracker/Renewable-tender-tracker/Python/core/http.py", line 21, in get_text
    raise RuntimeError(f"Unable to fetch {url}: {last_error}")
RuntimeError: Unable to fetch https://upneda.org.in/: HTTPSConnectionPool(host='upneda.org.in', port=443): Max retries exceeded with url: / (Caused by ConnectTimeoutError(<HTTPSConnection(host='upneda.org.in', port=443) at 0x7f88d25959a0>, 'Connection to upneda.org.in timed out. (connect timeout=45)'))
2026-09-01 08:12:45,012 INFO daily_update UPNEDA: 0 accepted; Failed
2026-09-01 08:12:46,351 INFO daily_update BSPHCL: 0 accepted; Success
2026-09-02 07:15:05,708 INFO daily_update SECI: 10 accepted; Success
2026-09-02 07:15:06,903 INFO daily_update NTPC REL: 1 accepted; Success
2026-09-02 07:15:24,303 INFO daily_update NHPC: 0 accepted; Success
2026-09-02 07:15:46,300 INFO daily_update SJVN: 0 accepted; Success
2026-09-02 07:20:23,757 ERROR connector.NLCIL Connector failed
Traceback (most recent call last):
  File "/home/runner/work/Renewable-tender-tracker/Renewable-tender-tracker/Python/connectors/base.py", line 50, in run
    result.records = self.parse(self.fetch())
                                ^^^^^^^^^^^^
  File "/home/runner/work/Renewable-tender-tracker/Renewable-tender-tracker/Python/connectors/base.py", line 45, in fetch
    return get_text(self.source_url)
           ^^^^^^^^^^^^^^^^^^^^^^^^^
  File "/home/runner/work/Renewable-tender-tracker/Renewable-tender-tracker/Python/core/http.py", line 21, in get_text
    raise RuntimeError(f"Unable to fetch {url}: {last_error}")
RuntimeError: Unable to fetch https://www.nlcindia.in/: HTTPSConnectionPool(host='www.nlcindia.in', port=443): Max retries exceeded with url: / (Caused by ConnectTimeoutError(<HTTPSConnection(host='www.nlcindia.in', port=443) at 0x7f49e7f71940>, 'Connection to www.nlcindia.in timed out. (connect timeout=45)'))
2026-09-02 07:20:23,758 INFO daily_update NLCIL: 0 accepted; Failed
2026-09-02 07:20:33,932 ERROR connector.GUVNL (ISTS) Connector failed
Traceback (most recent call last):
  File "/home/runner/work/Renewable-tender-tracker/Renewable-tender-tracker/Python/connectors/base.py", line 50, in run
    result.records = self.parse(self.fetch())
                                ^^^^^^^^^^^^
  File "/home/runner/work/Renewable-tender-tracker/Renewable-tender-tracker/Python/connectors/base.py", line 45, in fetch
    return get_text(self.source_url)
           ^^^^^^^^^^^^^^^^^^^^^^^^^
  File "/home/runner/work/Renewable-tender-tracker/Renewable-tender-tracker/Python/core/http.py", line 21, in get_text
    raise RuntimeError(f"Unable to fetch {url}: {last_error}")
RuntimeError: Unable to fetch https://www.guvnl.com/: HTTPSConnectionPool(host='www.guvnl.com', port=443): Max retries exceeded with url: / (Caused by SSLError(SSLEOFError(8, '[SSL: UNEXPECTED_EOF_WHILE_READING] EOF occurred in violation of protocol (_ssl.c:1010)')))
2026-09-02 07:20:33,933 INFO daily_update GUVNL (ISTS): 0 accepted; Failed
2026-09-02 07:22:56,213 ERROR connector.REMCL Connector failed
Traceback (most recent call last):
  File "/home/runner/work/Renewable-tender-tracker/Renewable-tender-tracker/Python/connectors/base.py", line 50, in run
    result.records = self.parse(self.fetch())
                                ^^^^^^^^^^^^
  File "/home/runner/work/Renewable-tender-tracker/Renewable-tender-tracker/Python/connectors/base.py", line 45, in fetch
    return get_text(self.source_url)
           ^^^^^^^^^^^^^^^^^^^^^^^^^
  File "/home/runner/work/Renewable-tender-tracker/Renewable-tender-tracker/Python/core/http.py", line 21, in get_text
    raise RuntimeError(f"Unable to fetch {url}: {last_error}")
RuntimeError: Unable to fetch https://www.remcl.in/: HTTPSConnectionPool(host='www.remcl.in', port=443): Max retries exceeded with url: / (Caused by ConnectTimeoutError(<HTTPSConnection(host='www.remcl.in', port=443) at 0x7f49e7f983e0>, 'Connection to www.remcl.in timed out. (connect timeout=45)'))
2026-09-02 07:22:56,213 INFO daily_update REMCL: 0 accepted; Failed
2026-09-02 07:22:58,312 INFO daily_update RUVNL: 0 accepted; Success
2026-09-02 07:22:59,623 INFO daily_update RVPN: 0 accepted; Success
2026-09-02 07:23:00,891 INFO daily_update KREDL: 0 accepted; Success
2026-09-02 07:25:23,790 ERROR connector.KPTCL Connector failed
Traceback (most recent call last):
  File "/home/runner/work/Renewable-tender-tracker/Renewable-tender-tracker/Python/connectors/base.py", line 50, in run
    result.records = self.parse(self.fetch())
                                ^^^^^^^^^^^^
  File "/home/runner/work/Renewable-tender-tracker/Renewable-tender-tracker/Python/connectors/base.py", line 45, in fetch
    return get_text(self.source_url)
           ^^^^^^^^^^^^^^^^^^^^^^^^^
  File "/home/runner/work/Renewable-tender-tracker/Renewable-tender-tracker/Python/core/http.py", line 21, in get_text
    raise RuntimeError(f"Unable to fetch {url}: {last_error}")
RuntimeError: Unable to fetch https://kptcl.karnataka.gov.in/: HTTPSConnectionPool(host='kptcl.karnataka.gov.in', port=443): Max retries exceeded with url: / (Caused by ConnectTimeoutError(<HTTPSConnection(host='kptcl.karnataka.gov.in', port=443) at 0x7f49e7e8dac0>, 'Connection to kptcl.karnataka.gov.in timed out. (connect timeout=45)'))
2026-09-02 07:25:23,791 INFO daily_update KPTCL: 0 accepted; Failed
2026-09-02 07:25:31,625 ERROR connector.KPCL Connector failed
Traceback (most recent call last):
  File "/home/runner/work/Renewable-tender-tracker/Renewable-tender-tracker/Python/connectors/base.py", line 50, in run
    result.records = self.parse(self.fetch())
                                ^^^^^^^^^^^^
  File "/home/runner/work/Renewable-tender-tracker/Renewable-tender-tracker/Python/connectors/base.py", line 45, in fetch
    return get_text(self.source_url)
           ^^^^^^^^^^^^^^^^^^^^^^^^^
  File "/home/runner/work/Renewable-tender-tracker/Renewable-tender-tracker/Python/core/http.py", line 21, in get_text
    raise RuntimeError(f"Unable to fetch {url}: {last_error}")
RuntimeError: Unable to fetch https://karnatakapower.com/: HTTPSConnectionPool(host='karnatakapower.com', port=443): Max retries exceeded with url: / (Caused by SSLError(SSLCertVerificationError(1, "[SSL: CERTIFICATE_VERIFY_FAILED] certificate verify failed: Hostname mismatch, certificate is not valid for 'karnatakapower.com'. (_ssl.c:1010)")))
2026-09-02 07:25:31,626 INFO daily_update KPCL: 0 accepted; Failed
2026-09-02 07:25:33,755 INFO daily_update MPUVNL: 0 accepted; Success
2026-09-02 07:25:34,569 INFO daily_update MPPMCL: 0 accepted; Success
2026-09-02 07:25:42,369 ERROR connector.MP Urja Vikas Nigam Connector failed
Traceback (most recent call last):
  File "/home/runner/work/Renewable-tender-tracker/Renewable-tender-tracker/Python/connectors/base.py", line 50, in run
    result.records = self.parse(self.fetch())
                                ^^^^^^^^^^^^
  File "/home/runner/work/Renewable-tender-tracker/Renewable-tender-tracker/Python/connectors/base.py", line 45, in fetch
    return get_text(self.source_url)
           ^^^^^^^^^^^^^^^^^^^^^^^^^
  File "/home/runner/work/Renewable-tender-tracker/Renewable-tender-tracker/Python/core/http.py", line 21, in get_text
    raise RuntimeError(f"Unable to fetch {url}: {last_error}")
RuntimeError: Unable to fetch https://www.mprenewable.nic.in/: HTTPSConnectionPool(host='www.mprenewable.nic.in', port=443): Max retries exceeded with url: / (Caused by NameResolutionError("HTTPSConnection(host='www.mprenewable.nic.in', port=443): Failed to resolve 'www.mprenewable.nic.in' ([Errno -2] Name or service not known)"))
2026-09-02 07:25:42,370 INFO daily_update MP Urja Vikas Nigam: 0 accepted; Failed
2026-09-02 07:25:47,391 INFO daily_update MSEDCL: 0 accepted; Success
2026-09-02 07:25:49,124 INFO daily_update MAHAGENCO: 0 accepted; Success
2026-09-02 07:25:59,349 ERROR connector.GUVNL Connector failed
Traceback (most recent call last):
  File "/home/runner/work/Renewable-tender-tracker/Renewable-tender-tracker/Python/connectors/base.py", line 50, in run
    result.records = self.parse(self.fetch())
                                ^^^^^^^^^^^^
  File "/home/runner/work/Renewable-tender-tracker/Renewable-tender-tracker/Python/connectors/base.py", line 45, in fetch
    return get_text(self.source_url)
           ^^^^^^^^^^^^^^^^^^^^^^^^^
  File "/home/runner/work/Renewable-tender-tracker/Renewable-tender-tracker/Python/core/http.py", line 21, in get_text
    raise RuntimeError(f"Unable to fetch {url}: {last_error}")
RuntimeError: Unable to fetch https://www.guvnl.com/: HTTPSConnectionPool(host='www.guvnl.com', port=443): Max retries exceeded with url: / (Caused by SSLError(SSLEOFError(8, '[SSL: UNEXPECTED_EOF_WHILE_READING] EOF occurred in violation of protocol (_ssl.c:1010)')))
2026-09-02 07:25:59,350 INFO daily_update GUVNL: 0 accepted; Failed
2026-09-02 07:28:22,415 ERROR connector.GPCL Connector failed
Traceback (most recent call last):
  File "/home/runner/work/Renewable-tender-tracker/Renewable-tender-tracker/Python/connectors/base.py", line 50, in run
    result.records = self.parse(self.fetch())
                                ^^^^^^^^^^^^
  File "/home/runner/work/Renewable-tender-tracker/Renewable-tender-tracker/Python/connectors/base.py", line 45, in fetch
    return get_text(self.source_url)
           ^^^^^^^^^^^^^^^^^^^^^^^^^
  File "/home/runner/work/Renewable-tender-tracker/Renewable-tender-tracker/Python/core/http.py", line 21, in get_text
    raise RuntimeError(f"Unable to fetch {url}: {last_error}")
RuntimeError: Unable to fetch https://gpcl.gujarat.gov.in/: HTTPSConnectionPool(host='gpcl.gujarat.gov.in', port=443): Read timed out. (read timeout=45)
2026-09-02 07:28:22,416 INFO daily_update GPCL: 0 accepted; Failed
2026-09-02 07:28:23,661 INFO daily_update APSPDCL: 0 accepted; Success
2026-09-02 07:28:25,781 INFO daily_update APGENCO: 0 accepted; Success
2026-09-02 07:28:34,688 ERROR connector.NREDCAP Connector failed
Traceback (most recent call last):
  File "/home/runner/work/Renewable-tender-tracker/Renewable-tender-tracker/Python/connectors/base.py", line 50, in run
    result.records = self.parse(self.fetch())
                                ^^^^^^^^^^^^
  File "/home/runner/work/Renewable-tender-tracker/Renewable-tender-tracker/Python/connectors/base.py", line 45, in fetch
    return get_text(self.source_url)
           ^^^^^^^^^^^^^^^^^^^^^^^^^
  File "/home/runner/work/Renewable-tender-tracker/Renewable-tender-tracker/Python/core/http.py", line 21, in get_text
    raise RuntimeError(f"Unable to fetch {url}: {last_error}")
RuntimeError: Unable to fetch https://nredcap.in/: HTTPSConnectionPool(host='nredcap.in', port=443): Max retries exceeded with url: / (Caused by SSLError(SSLCertVerificationError(1, '[SSL: CERTIFICATE_VERIFY_FAILED] certificate verify failed: unable to get local issuer certificate (_ssl.c:1010)')))
2026-09-02 07:28:34,688 INFO daily_update NREDCAP: 0 accepted; Failed
2026-09-02 07:28:43,665 ERROR connector.TGNPDCL Connector failed
Traceback (most recent call last):
  File "/home/runner/work/Renewable-tender-tracker/Renewable-tender-tracker/Python/connectors/base.py", line 50, in run
    result.records = self.parse(self.fetch())
                                ^^^^^^^^^^^^
  File "/home/runner/work/Renewable-tender-tracker/Renewable-tender-tracker/Python/connectors/base.py", line 45, in fetch
    return get_text(self.source_url)
           ^^^^^^^^^^^^^^^^^^^^^^^^^
  File "/home/runner/work/Renewable-tender-tracker/Renewable-tender-tracker/Python/core/http.py", line 21, in get_text
    raise RuntimeError(f"Unable to fetch {url}: {last_error}")
RuntimeError: Unable to fetch https://tgnpdcl.com/: HTTPSConnectionPool(host='tgnpdcl.com', port=443): Max retries exceeded with url: / (Caused by SSLError(SSLError(1, '[SSL: SSLV3_ALERT_HANDSHAKE_FAILURE] sslv3 alert handshake failure (_ssl.c:1010)')))
2026-09-02 07:28:43,666 INFO daily_update TGNPDCL: 0 accepted; Failed
2026-09-02 07:28:51,028 ERROR connector.TSSPDCL Connector failed
Traceback (most recent call last):
  File "/home/runner/work/Renewable-tender-tracker/Renewable-tender-tracker/Python/connectors/base.py", line 50, in run
    result.records = self.parse(self.fetch())
                                ^^^^^^^^^^^^
  File "/home/runner/work/Renewable-tender-tracker/Renewable-tender-tracker/Python/connectors/base.py", line 45, in fetch
    return get_text(self.source_url)
           ^^^^^^^^^^^^^^^^^^^^^^^^^
  File "/home/runner/work/Renewable-tender-tracker/Renewable-tender-tracker/Python/core/http.py", line 21, in get_text
    raise RuntimeError(f"Unable to fetch {url}: {last_error}")
RuntimeError: Unable to fetch https://www.tssouthernpower.com/: 403 Client Error: Forbidden for url: https://www.tssouthernpower.com/
2026-09-02 07:28:51,029 INFO daily_update TSSPDCL: 0 accepted; Failed
2026-09-02 07:29:24,280 ERROR connector.TNGECL Connector failed
Traceback (most recent call last):
  File "/home/runner/work/Renewable-tender-tracker/Renewable-tender-tracker/Python/connectors/base.py", line 50, in run
    result.records = self.parse(self.fetch())
                                ^^^^^^^^^^^^
  File "/home/runner/work/Renewable-tender-tracker/Renewable-tender-tracker/Python/connectors/base.py", line 45, in fetch
    return get_text(self.source_url)
           ^^^^^^^^^^^^^^^^^^^^^^^^^
  File "/home/runner/work/Renewable-tender-tracker/Renewable-tender-tracker/Python/core/http.py", line 21, in get_text
    raise RuntimeError(f"Unable to fetch {url}: {last_error}")
RuntimeError: Unable to fetch https://www.tangedco.gov.in/: HTTPSConnectionPool(host='www.tangedco.gov.in', port=443): Max retries exceeded with url: / (Caused by NameResolutionError("HTTPSConnection(host='www.tangedco.gov.in', port=443): Failed to resolve 'www.tangedco.gov.in' ([Errno -3] Temporary failure in name resolution)"))
2026-09-02 07:29:24,282 INFO daily_update TNGECL: 0 accepted; Failed
2026-09-02 07:29:53,975 ERROR connector.TANTRANSCO Connector failed
Traceback (most recent call last):
  File "/home/runner/work/Renewable-tender-tracker/Renewable-tender-tracker/Python/connectors/base.py", line 50, in run
    result.records = self.parse(self.fetch())
                                ^^^^^^^^^^^^
  File "/home/runner/work/Renewable-tender-tracker/Renewable-tender-tracker/Python/connectors/base.py", line 45, in fetch
    return get_text(self.source_url)
           ^^^^^^^^^^^^^^^^^^^^^^^^^
  File "/home/runner/work/Renewable-tender-tracker/Renewable-tender-tracker/Python/core/http.py", line 21, in get_text
    raise RuntimeError(f"Unable to fetch {url}: {last_error}")
RuntimeError: Unable to fetch https://www.tantransco.gov.in/: HTTPSConnectionPool(host='www.tantransco.gov.in', port=443): Max retries exceeded with url: / (Caused by NameResolutionError("HTTPSConnection(host='www.tantransco.gov.in', port=443): Failed to resolve 'www.tantransco.gov.in' ([Errno -3] Temporary failure in name resolution)"))
2026-09-02 07:29:53,976 INFO daily_update TANTRANSCO: 0 accepted; Failed
2026-09-02 07:29:55,858 INFO daily_update GRIDCO: 2 accepted; Success
2026-09-02 07:29:57,772 INFO daily_update HAREDA: 0 accepted; Success
2026-09-02 07:30:01,292 INFO daily_update PSPCL: 0 accepted; Success
2026-09-02 07:32:23,547 ERROR connector.UPNEDA Connector failed
Traceback (most recent call last):
  File "/home/runner/work/Renewable-tender-tracker/Renewable-tender-tracker/Python/connectors/base.py", line 50, in run
    result.records = self.parse(self.fetch())
                                ^^^^^^^^^^^^
  File "/home/runner/work/Renewable-tender-tracker/Renewable-tender-tracker/Python/connectors/portals.py", line 24, in fetch
    return super().fetch()
           ^^^^^^^^^^^^^^^
  File "/home/runner/work/Renewable-tender-tracker/Renewable-tender-tracker/Python/connectors/base.py", line 45, in fetch
    return get_text(self.source_url)
           ^^^^^^^^^^^^^^^^^^^^^^^^^
  File "/home/runner/work/Renewable-tender-tracker/Renewable-tender-tracker/Python/core/http.py", line 21, in get_text
    raise RuntimeError(f"Unable to fetch {url}: {last_error}")
RuntimeError: Unable to fetch https://upneda.org.in/: HTTPSConnectionPool(host='upneda.org.in', port=443): Max retries exceeded with url: / (Caused by ConnectTimeoutError(<HTTPSConnection(host='upneda.org.in', port=443) at 0x7f49e7d66300>, 'Connection to upneda.org.in timed out. (connect timeout=45)'))
2026-09-02 07:32:23,547 INFO daily_update UPNEDA: 0 accepted; Failed
2026-09-02 07:32:24,883 INFO daily_update BSPHCL: 0 accepted; Success
2026-09-03 07:18:28,269 INFO daily_update SECI: 10 accepted; Success
2026-09-03 07:18:29,485 INFO daily_update NTPC REL: 1 accepted; Success
2026-09-03 07:18:47,027 INFO daily_update NHPC: 0 accepted; Success
2026-09-03 07:18:48,766 INFO daily_update SJVN: 0 accepted; Success
2026-09-03 07:23:26,178 ERROR connector.NLCIL Connector failed
Traceback (most recent call last):
  File "/home/runner/work/Renewable-tender-tracker/Renewable-tender-tracker/Python/connectors/base.py", line 50, in run
    result.records = self.parse(self.fetch())
                                ^^^^^^^^^^^^
  File "/home/runner/work/Renewable-tender-tracker/Renewable-tender-tracker/Python/connectors/base.py", line 45, in fetch
    return get_text(self.source_url)
           ^^^^^^^^^^^^^^^^^^^^^^^^^
  File "/home/runner/work/Renewable-tender-tracker/Renewable-tender-tracker/Python/core/http.py", line 21, in get_text
    raise RuntimeError(f"Unable to fetch {url}: {last_error}")
RuntimeError: Unable to fetch https://www.nlcindia.in/: HTTPSConnectionPool(host='www.nlcindia.in', port=443): Max retries exceeded with url: / (Caused by ConnectTimeoutError(<HTTPSConnection(host='www.nlcindia.in', port=443) at 0x7fdff01a6870>, 'Connection to www.nlcindia.in timed out. (connect timeout=45)'))
2026-09-03 07:23:26,179 INFO daily_update NLCIL: 0 accepted; Failed
2026-09-03 07:23:35,911 ERROR connector.GUVNL (ISTS) Connector failed
Traceback (most recent call last):
  File "/home/runner/work/Renewable-tender-tracker/Renewable-tender-tracker/Python/connectors/base.py", line 50, in run
    result.records = self.parse(self.fetch())
                                ^^^^^^^^^^^^
  File "/home/runner/work/Renewable-tender-tracker/Renewable-tender-tracker/Python/connectors/base.py", line 45, in fetch
    return get_text(self.source_url)
           ^^^^^^^^^^^^^^^^^^^^^^^^^
  File "/home/runner/work/Renewable-tender-tracker/Renewable-tender-tracker/Python/core/http.py", line 21, in get_text
    raise RuntimeError(f"Unable to fetch {url}: {last_error}")
RuntimeError: Unable to fetch https://www.guvnl.com/: HTTPSConnectionPool(host='www.guvnl.com', port=443): Max retries exceeded with url: / (Caused by SSLError(SSLEOFError(8, '[SSL: UNEXPECTED_EOF_WHILE_READING] EOF occurred in violation of protocol (_ssl.c:1010)')))
2026-09-03 07:23:35,913 INFO daily_update GUVNL (ISTS): 0 accepted; Failed
2026-09-03 07:25:58,086 ERROR connector.REMCL Connector failed
Traceback (most recent call last):
  File "/home/runner/work/Renewable-tender-tracker/Renewable-tender-tracker/Python/connectors/base.py", line 50, in run
    result.records = self.parse(self.fetch())
                                ^^^^^^^^^^^^
  File "/home/runner/work/Renewable-tender-tracker/Renewable-tender-tracker/Python/connectors/base.py", line 45, in fetch
    return get_text(self.source_url)
           ^^^^^^^^^^^^^^^^^^^^^^^^^
  File "/home/runner/work/Renewable-tender-tracker/Renewable-tender-tracker/Python/core/http.py", line 21, in get_text
    raise RuntimeError(f"Unable to fetch {url}: {last_error}")
RuntimeError: Unable to fetch https://www.remcl.in/: HTTPSConnectionPool(host='www.remcl.in', port=443): Max retries exceeded with url: / (Caused by ConnectTimeoutError(<HTTPSConnection(host='www.remcl.in', port=443) at 0x7fdff01c8890>, 'Connection to www.remcl.in timed out. (connect timeout=45)'))
2026-09-03 07:25:58,086 INFO daily_update REMCL: 0 accepted; Failed
2026-09-03 07:26:00,051 INFO daily_update RUVNL: 0 accepted; Success
2026-09-03 07:26:01,302 INFO daily_update RVPN: 0 accepted; Success
2026-09-03 07:26:02,546 INFO daily_update KREDL: 0 accepted; Success
2026-09-03 07:28:26,062 ERROR connector.KPTCL Connector failed
Traceback (most recent call last):
  File "/home/runner/work/Renewable-tender-tracker/Renewable-tender-tracker/Python/connectors/base.py", line 50, in run
    result.records = self.parse(self.fetch())
                                ^^^^^^^^^^^^
  File "/home/runner/work/Renewable-tender-tracker/Renewable-tender-tracker/Python/connectors/base.py", line 45, in fetch
    return get_text(self.source_url)
           ^^^^^^^^^^^^^^^^^^^^^^^^^
  File "/home/runner/work/Renewable-tender-tracker/Renewable-tender-tracker/Python/core/http.py", line 21, in get_text
    raise RuntimeError(f"Unable to fetch {url}: {last_error}")
RuntimeError: Unable to fetch https://kptcl.karnataka.gov.in/: HTTPSConnectionPool(host='kptcl.karnataka.gov.in', port=443): Max retries exceeded with url: / (Caused by ConnectTimeoutError(<HTTPSConnection(host='kptcl.karnataka.gov.in', port=443) at 0x7fdff00c6150>, 'Connection to kptcl.karnataka.gov.in timed out. (connect timeout=45)'))
2026-09-03 07:28:26,062 INFO daily_update KPTCL: 0 accepted; Failed
2026-09-03 07:28:33,814 ERROR connector.KPCL Connector failed
Traceback (most recent call last):
  File "/home/runner/work/Renewable-tender-tracker/Renewable-tender-tracker/Python/connectors/base.py", line 50, in run
    result.records = self.parse(self.fetch())
                                ^^^^^^^^^^^^
  File "/home/runner/work/Renewable-tender-tracker/Renewable-tender-tracker/Python/connectors/base.py", line 45, in fetch
    return get_text(self.source_url)
           ^^^^^^^^^^^^^^^^^^^^^^^^^
  File "/home/runner/work/Renewable-tender-tracker/Renewable-tender-tracker/Python/core/http.py", line 21, in get_text
    raise RuntimeError(f"Unable to fetch {url}: {last_error}")
RuntimeError: Unable to fetch https://karnatakapower.com/: HTTPSConnectionPool(host='karnatakapower.com', port=443): Max retries exceeded with url: / (Caused by SSLError(SSLCertVerificationError(1, "[SSL: CERTIFICATE_VERIFY_FAILED] certificate verify failed: Hostname mismatch, certificate is not valid for 'karnatakapower.com'. (_ssl.c:1010)")))
2026-09-03 07:28:33,815 INFO daily_update KPCL: 0 accepted; Failed
2026-09-03 07:28:36,001 INFO daily_update MPUVNL: 0 accepted; Success
2026-09-03 07:28:36,620 INFO daily_update MPPMCL: 0 accepted; Success
2026-09-03 07:28:44,383 ERROR connector.MP Urja Vikas Nigam Connector failed
Traceback (most recent call last):
  File "/home/runner/work/Renewable-tender-tracker/Renewable-tender-tracker/Python/connectors/base.py", line 50, in run
    result.records = self.parse(self.fetch())
                                ^^^^^^^^^^^^
  File "/home/runner/work/Renewable-tender-tracker/Renewable-tender-tracker/Python/connectors/base.py", line 45, in fetch
    return get_text(self.source_url)
           ^^^^^^^^^^^^^^^^^^^^^^^^^
  File "/home/runner/work/Renewable-tender-tracker/Renewable-tender-tracker/Python/core/http.py", line 21, in get_text
    raise RuntimeError(f"Unable to fetch {url}: {last_error}")
RuntimeError: Unable to fetch https://www.mprenewable.nic.in/: HTTPSConnectionPool(host='www.mprenewable.nic.in', port=443): Max retries exceeded with url: / (Caused by NameResolutionError("HTTPSConnection(host='www.mprenewable.nic.in', port=443): Failed to resolve 'www.mprenewable.nic.in' ([Errno -2] Name or service not known)"))
2026-09-03 07:28:44,384 INFO daily_update MP Urja Vikas Nigam: 0 accepted; Failed
2026-09-03 07:28:49,187 INFO daily_update MSEDCL: 0 accepted; Success
2026-09-03 07:28:51,419 INFO daily_update MAHAGENCO: 0 accepted; Success
2026-09-03 07:29:01,264 ERROR connector.GUVNL Connector failed
Traceback (most recent call last):
  File "/home/runner/work/Renewable-tender-tracker/Renewable-tender-tracker/Python/connectors/base.py", line 50, in run
    result.records = self.parse(self.fetch())
                                ^^^^^^^^^^^^
  File "/home/runner/work/Renewable-tender-tracker/Renewable-tender-tracker/Python/connectors/base.py", line 45, in fetch
    return get_text(self.source_url)
           ^^^^^^^^^^^^^^^^^^^^^^^^^
  File "/home/runner/work/Renewable-tender-tracker/Renewable-tender-tracker/Python/core/http.py", line 21, in get_text
    raise RuntimeError(f"Unable to fetch {url}: {last_error}")
RuntimeError: Unable to fetch https://www.guvnl.com/: HTTPSConnectionPool(host='www.guvnl.com', port=443): Max retries exceeded with url: / (Caused by SSLError(SSLEOFError(8, '[SSL: UNEXPECTED_EOF_WHILE_READING] EOF occurred in violation of protocol (_ssl.c:1010)')))
2026-09-03 07:29:01,264 INFO daily_update GUVNL: 0 accepted; Failed
2026-09-03 07:31:24,330 ERROR connector.GPCL Connector failed
Traceback (most recent call last):
  File "/home/runner/work/Renewable-tender-tracker/Renewable-tender-tracker/Python/connectors/base.py", line 50, in run
    result.records = self.parse(self.fetch())
                                ^^^^^^^^^^^^
  File "/home/runner/work/Renewable-tender-tracker/Renewable-tender-tracker/Python/connectors/base.py", line 45, in fetch
    return get_text(self.source_url)
           ^^^^^^^^^^^^^^^^^^^^^^^^^
  File "/home/runner/work/Renewable-tender-tracker/Renewable-tender-tracker/Python/core/http.py", line 21, in get_text
    raise RuntimeError(f"Unable to fetch {url}: {last_error}")
RuntimeError: Unable to fetch https://gpcl.gujarat.gov.in/: HTTPSConnectionPool(host='gpcl.gujarat.gov.in', port=443): Read timed out. (read timeout=45)
2026-09-03 07:31:24,330 INFO daily_update GPCL: 0 accepted; Failed
2026-09-03 07:31:25,586 INFO daily_update APSPDCL: 0 accepted; Success
2026-09-03 07:31:27,701 INFO daily_update APGENCO: 0 accepted; Success
2026-09-03 07:31:37,734 ERROR connector.NREDCAP Connector failed
Traceback (most recent call last):
  File "/home/runner/work/Renewable-tender-tracker/Renewable-tender-tracker/Python/connectors/base.py", line 50, in run
    result.records = self.parse(self.fetch())
                                ^^^^^^^^^^^^
  File "/home/runner/work/Renewable-tender-tracker/Renewable-tender-tracker/Python/connectors/base.py", line 45, in fetch
    return get_text(self.source_url)
           ^^^^^^^^^^^^^^^^^^^^^^^^^
  File "/home/runner/work/Renewable-tender-tracker/Renewable-tender-tracker/Python/core/http.py", line 21, in get_text
    raise RuntimeError(f"Unable to fetch {url}: {last_error}")
RuntimeError: Unable to fetch https://nredcap.in/: HTTPSConnectionPool(host='nredcap.in', port=443): Max retries exceeded with url: / (Caused by SSLError(SSLCertVerificationError(1, '[SSL: CERTIFICATE_VERIFY_FAILED] certificate verify failed: unable to get local issuer certificate (_ssl.c:1010)')))
2026-09-03 07:31:37,734 INFO daily_update NREDCAP: 0 accepted; Failed
2026-09-03 07:31:46,967 ERROR connector.TGNPDCL Connector failed
Traceback (most recent call last):
  File "/home/runner/work/Renewable-tender-tracker/Renewable-tender-tracker/Python/connectors/base.py", line 50, in run
    result.records = self.parse(self.fetch())
                                ^^^^^^^^^^^^
  File "/home/runner/work/Renewable-tender-tracker/Renewable-tender-tracker/Python/connectors/base.py", line 45, in fetch
    return get_text(self.source_url)
           ^^^^^^^^^^^^^^^^^^^^^^^^^
  File "/home/runner/work/Renewable-tender-tracker/Renewable-tender-tracker/Python/core/http.py", line 21, in get_text
    raise RuntimeError(f"Unable to fetch {url}: {last_error}")
RuntimeError: Unable to fetch https://tgnpdcl.com/: HTTPSConnectionPool(host='tgnpdcl.com', port=443): Max retries exceeded with url: / (Caused by SSLError(SSLError(1, '[SSL: SSLV3_ALERT_HANDSHAKE_FAILURE] sslv3 alert handshake failure (_ssl.c:1010)')))
2026-09-03 07:31:46,967 INFO daily_update TGNPDCL: 0 accepted; Failed
2026-09-03 07:31:54,148 ERROR connector.TSSPDCL Connector failed
Traceback (most recent call last):
  File "/home/runner/work/Renewable-tender-tracker/Renewable-tender-tracker/Python/connectors/base.py", line 50, in run
    result.records = self.parse(self.fetch())
                                ^^^^^^^^^^^^
  File "/home/runner/work/Renewable-tender-tracker/Renewable-tender-tracker/Python/connectors/base.py", line 45, in fetch
    return get_text(self.source_url)
           ^^^^^^^^^^^^^^^^^^^^^^^^^
  File "/home/runner/work/Renewable-tender-tracker/Renewable-tender-tracker/Python/core/http.py", line 21, in get_text
    raise RuntimeError(f"Unable to fetch {url}: {last_error}")
RuntimeError: Unable to fetch https://www.tssouthernpower.com/: 403 Client Error: Forbidden for url: https://www.tssouthernpower.com/
2026-09-03 07:31:54,148 INFO daily_update TSSPDCL: 0 accepted; Failed
2026-09-03 07:32:27,053 ERROR connector.TNGECL Connector failed
Traceback (most recent call last):
  File "/home/runner/work/Renewable-tender-tracker/Renewable-tender-tracker/Python/connectors/base.py", line 50, in run
    result.records = self.parse(self.fetch())
                                ^^^^^^^^^^^^
  File "/home/runner/work/Renewable-tender-tracker/Renewable-tender-tracker/Python/connectors/base.py", line 45, in fetch
    return get_text(self.source_url)
           ^^^^^^^^^^^^^^^^^^^^^^^^^
  File "/home/runner/work/Renewable-tender-tracker/Renewable-tender-tracker/Python/core/http.py", line 21, in get_text
    raise RuntimeError(f"Unable to fetch {url}: {last_error}")
RuntimeError: Unable to fetch https://www.tangedco.gov.in/: HTTPSConnectionPool(host='www.tangedco.gov.in', port=443): Max retries exceeded with url: / (Caused by NameResolutionError("HTTPSConnection(host='www.tangedco.gov.in', port=443): Failed to resolve 'www.tangedco.gov.in' ([Errno -3] Temporary failure in name resolution)"))
2026-09-03 07:32:27,054 INFO daily_update TNGECL: 0 accepted; Failed
2026-09-03 07:32:59,521 ERROR connector.TANTRANSCO Connector failed
Traceback (most recent call last):
  File "/home/runner/work/Renewable-tender-tracker/Renewable-tender-tracker/Python/connectors/base.py", line 50, in run
    result.records = self.parse(self.fetch())
                                ^^^^^^^^^^^^
  File "/home/runner/work/Renewable-tender-tracker/Renewable-tender-tracker/Python/connectors/base.py", line 45, in fetch
    return get_text(self.source_url)
           ^^^^^^^^^^^^^^^^^^^^^^^^^
  File "/home/runner/work/Renewable-tender-tracker/Renewable-tender-tracker/Python/core/http.py", line 21, in get_text
    raise RuntimeError(f"Unable to fetch {url}: {last_error}")
RuntimeError: Unable to fetch https://www.tantransco.gov.in/: HTTPSConnectionPool(host='www.tantransco.gov.in', port=443): Max retries exceeded with url: / (Caused by NameResolutionError("HTTPSConnection(host='www.tantransco.gov.in', port=443): Failed to resolve 'www.tantransco.gov.in' ([Errno -3] Temporary failure in name resolution)"))
2026-09-03 07:32:59,522 INFO daily_update TANTRANSCO: 0 accepted; Failed
2026-09-03 07:33:01,407 INFO daily_update GRIDCO: 0 accepted; Success
2026-09-03 07:33:03,250 INFO daily_update HAREDA: 0 accepted; Success
2026-09-03 07:33:06,588 INFO daily_update PSPCL: 0 accepted; Success
2026-09-03 07:35:28,902 ERROR connector.UPNEDA Connector failed
Traceback (most recent call last):
  File "/home/runner/work/Renewable-tender-tracker/Renewable-tender-tracker/Python/connectors/base.py", line 50, in run
    result.records = self.parse(self.fetch())
                                ^^^^^^^^^^^^
  File "/home/runner/work/Renewable-tender-tracker/Renewable-tender-tracker/Python/connectors/portals.py", line 24, in fetch
    return super().fetch()
           ^^^^^^^^^^^^^^^
  File "/home/runner/work/Renewable-tender-tracker/Renewable-tender-tracker/Python/connectors/base.py", line 45, in fetch
    return get_text(self.source_url)
           ^^^^^^^^^^^^^^^^^^^^^^^^^
  File "/home/runner/work/Renewable-tender-tracker/Renewable-tender-tracker/Python/core/http.py", line 21, in get_text
    raise RuntimeError(f"Unable to fetch {url}: {last_error}")
RuntimeError: Unable to fetch https://upneda.org.in/: HTTPSConnectionPool(host='upneda.org.in', port=443): Max retries exceeded with url: / (Caused by ConnectTimeoutError(<HTTPSConnection(host='upneda.org.in', port=443) at 0x7fdff025e570>, 'Connection to upneda.org.in timed out. (connect timeout=45)'))
2026-09-03 07:35:28,902 INFO daily_update UPNEDA: 0 accepted; Failed
2026-09-03 07:35:30,010 INFO daily_update BSPHCL: 0 accepted; Success
2026-09-04 07:21:09,991 INFO daily_update SECI: 11 accepted; Success
2026-09-04 07:21:11,274 INFO daily_update NTPC REL: 2 accepted; Success
2026-09-04 07:21:28,517 INFO daily_update NHPC: 0 accepted; Success
2026-09-04 07:21:30,848 INFO daily_update SJVN: 0 accepted; Success
2026-09-04 07:26:08,270 ERROR connector.NLCIL Connector failed
Traceback (most recent call last):
  File "/home/runner/work/Renewable-tender-tracker/Renewable-tender-tracker/Python/connectors/base.py", line 50, in run
    result.records = self.parse(self.fetch())
                                ^^^^^^^^^^^^
  File "/home/runner/work/Renewable-tender-tracker/Renewable-tender-tracker/Python/connectors/base.py", line 45, in fetch
    return get_text(self.source_url)
           ^^^^^^^^^^^^^^^^^^^^^^^^^
  File "/home/runner/work/Renewable-tender-tracker/Renewable-tender-tracker/Python/core/http.py", line 21, in get_text
    raise RuntimeError(f"Unable to fetch {url}: {last_error}")
RuntimeError: Unable to fetch https://www.nlcindia.in/: HTTPSConnectionPool(host='www.nlcindia.in', port=443): Max retries exceeded with url: / (Caused by ConnectTimeoutError(<HTTPSConnection(host='www.nlcindia.in', port=443) at 0x7f508e2246e0>, 'Connection to www.nlcindia.in timed out. (connect timeout=45)'))
2026-09-04 07:26:08,271 INFO daily_update NLCIL: 0 accepted; Failed
2026-09-04 07:26:18,591 ERROR connector.GUVNL (ISTS) Connector failed
Traceback (most recent call last):
  File "/home/runner/work/Renewable-tender-tracker/Renewable-tender-tracker/Python/connectors/base.py", line 50, in run
    result.records = self.parse(self.fetch())
                                ^^^^^^^^^^^^
  File "/home/runner/work/Renewable-tender-tracker/Renewable-tender-tracker/Python/connectors/base.py", line 45, in fetch
    return get_text(self.source_url)
           ^^^^^^^^^^^^^^^^^^^^^^^^^
  File "/home/runner/work/Renewable-tender-tracker/Renewable-tender-tracker/Python/core/http.py", line 21, in get_text
    raise RuntimeError(f"Unable to fetch {url}: {last_error}")
RuntimeError: Unable to fetch https://www.guvnl.com/: HTTPSConnectionPool(host='www.guvnl.com', port=443): Max retries exceeded with url: / (Caused by SSLError(SSLEOFError(8, '[SSL: UNEXPECTED_EOF_WHILE_READING] EOF occurred in violation of protocol (_ssl.c:1010)')))
2026-09-04 07:26:18,592 INFO daily_update GUVNL (ISTS): 0 accepted; Failed
2026-09-04 07:28:40,898 ERROR connector.REMCL Connector failed
Traceback (most recent call last):
  File "/home/runner/work/Renewable-tender-tracker/Renewable-tender-tracker/Python/connectors/base.py", line 50, in run
    result.records = self.parse(self.fetch())
                                ^^^^^^^^^^^^
  File "/home/runner/work/Renewable-tender-tracker/Renewable-tender-tracker/Python/connectors/base.py", line 45, in fetch
    return get_text(self.source_url)
           ^^^^^^^^^^^^^^^^^^^^^^^^^
  File "/home/runner/work/Renewable-tender-tracker/Renewable-tender-tracker/Python/core/http.py", line 21, in get_text
    raise RuntimeError(f"Unable to fetch {url}: {last_error}")
RuntimeError: Unable to fetch https://www.remcl.in/: HTTPSConnectionPool(host='www.remcl.in', port=443): Max retries exceeded with url: / (Caused by ConnectTimeoutError(<HTTPSConnection(host='www.remcl.in', port=443) at 0x7f508e225880>, 'Connection to www.remcl.in timed out. (connect timeout=45)'))
2026-09-04 07:28:40,899 INFO daily_update REMCL: 0 accepted; Failed
2026-09-04 07:28:43,058 INFO daily_update RUVNL: 0 accepted; Success
2026-09-04 07:28:44,391 INFO daily_update RVPN: 0 accepted; Success
2026-09-04 07:28:45,451 INFO daily_update KREDL: 0 accepted; Success
2026-09-04 07:31:08,312 ERROR connector.KPTCL Connector failed
Traceback (most recent call last):
  File "/home/runner/work/Renewable-tender-tracker/Renewable-tender-tracker/Python/connectors/base.py", line 50, in run
    result.records = self.parse(self.fetch())
                                ^^^^^^^^^^^^
  File "/home/runner/work/Renewable-tender-tracker/Renewable-tender-tracker/Python/connectors/base.py", line 45, in fetch
    return get_text(self.source_url)
           ^^^^^^^^^^^^^^^^^^^^^^^^^
  File "/home/runner/work/Renewable-tender-tracker/Renewable-tender-tracker/Python/core/http.py", line 21, in get_text
    raise RuntimeError(f"Unable to fetch {url}: {last_error}")
RuntimeError: Unable to fetch https://kptcl.karnataka.gov.in/: HTTPSConnectionPool(host='kptcl.karnataka.gov.in', port=443): Max retries exceeded with url: / (Caused by ConnectTimeoutError(<HTTPSConnection(host='kptcl.karnataka.gov.in', port=443) at 0x7f508e13ed20>, 'Connection to kptcl.karnataka.gov.in timed out. (connect timeout=45)'))
2026-09-04 07:31:08,313 INFO daily_update KPTCL: 0 accepted; Failed
2026-09-04 07:31:16,168 ERROR connector.KPCL Connector failed
Traceback (most recent call last):
  File "/home/runner/work/Renewable-tender-tracker/Renewable-tender-tracker/Python/connectors/base.py", line 50, in run
    result.records = self.parse(self.fetch())
                                ^^^^^^^^^^^^
  File "/home/runner/work/Renewable-tender-tracker/Renewable-tender-tracker/Python/connectors/base.py", line 45, in fetch
    return get_text(self.source_url)
           ^^^^^^^^^^^^^^^^^^^^^^^^^
  File "/home/runner/work/Renewable-tender-tracker/Renewable-tender-tracker/Python/core/http.py", line 21, in get_text
    raise RuntimeError(f"Unable to fetch {url}: {last_error}")
RuntimeError: Unable to fetch https://karnatakapower.com/: HTTPSConnectionPool(host='karnatakapower.com', port=443): Max retries exceeded with url: / (Caused by SSLError(SSLCertVerificationError(1, "[SSL: CERTIFICATE_VERIFY_FAILED] certificate verify failed: Hostname mismatch, certificate is not valid for 'karnatakapower.com'. (_ssl.c:1010)")))
2026-09-04 07:31:16,169 INFO daily_update KPCL: 0 accepted; Failed
2026-09-04 07:31:18,648 INFO daily_update MPUVNL: 0 accepted; Success
2026-09-04 07:31:19,326 INFO daily_update MPPMCL: 0 accepted; Success
2026-09-04 07:31:27,128 ERROR connector.MP Urja Vikas Nigam Connector failed
Traceback (most recent call last):
  File "/home/runner/work/Renewable-tender-tracker/Renewable-tender-tracker/Python/connectors/base.py", line 50, in run
    result.records = self.parse(self.fetch())
                                ^^^^^^^^^^^^
  File "/home/runner/work/Renewable-tender-tracker/Renewable-tender-tracker/Python/connectors/base.py", line 45, in fetch
    return get_text(self.source_url)
           ^^^^^^^^^^^^^^^^^^^^^^^^^
  File "/home/runner/work/Renewable-tender-tracker/Renewable-tender-tracker/Python/core/http.py", line 21, in get_text
    raise RuntimeError(f"Unable to fetch {url}: {last_error}")
RuntimeError: Unable to fetch https://www.mprenewable.nic.in/: HTTPSConnectionPool(host='www.mprenewable.nic.in', port=443): Max retries exceeded with url: / (Caused by NameResolutionError("HTTPSConnection(host='www.mprenewable.nic.in', port=443): Failed to resolve 'www.mprenewable.nic.in' ([Errno -2] Name or service not known)"))
2026-09-04 07:31:27,128 INFO daily_update MP Urja Vikas Nigam: 0 accepted; Failed
2026-09-04 07:31:31,826 INFO daily_update MSEDCL: 0 accepted; Success
2026-09-04 07:31:33,479 INFO daily_update MAHAGENCO: 0 accepted; Success
2026-09-04 07:31:43,836 ERROR connector.GUVNL Connector failed
Traceback (most recent call last):
  File "/home/runner/work/Renewable-tender-tracker/Renewable-tender-tracker/Python/connectors/base.py", line 50, in run
    result.records = self.parse(self.fetch())
                                ^^^^^^^^^^^^
  File "/home/runner/work/Renewable-tender-tracker/Renewable-tender-tracker/Python/connectors/base.py", line 45, in fetch
    return get_text(self.source_url)
           ^^^^^^^^^^^^^^^^^^^^^^^^^
  File "/home/runner/work/Renewable-tender-tracker/Renewable-tender-tracker/Python/core/http.py", line 21, in get_text
    raise RuntimeError(f"Unable to fetch {url}: {last_error}")
RuntimeError: Unable to fetch https://www.guvnl.com/: HTTPSConnectionPool(host='www.guvnl.com', port=443): Max retries exceeded with url: / (Caused by SSLError(SSLEOFError(8, '[SSL: UNEXPECTED_EOF_WHILE_READING] EOF occurred in violation of protocol (_ssl.c:1010)')))
2026-09-04 07:31:43,836 INFO daily_update GUVNL: 0 accepted; Failed
2026-09-04 07:34:06,970 ERROR connector.GPCL Connector failed
Traceback (most recent call last):
  File "/home/runner/work/Renewable-tender-tracker/Renewable-tender-tracker/Python/connectors/base.py", line 50, in run
    result.records = self.parse(self.fetch())
                                ^^^^^^^^^^^^
  File "/home/runner/work/Renewable-tender-tracker/Renewable-tender-tracker/Python/connectors/base.py", line 45, in fetch
    return get_text(self.source_url)
           ^^^^^^^^^^^^^^^^^^^^^^^^^
  File "/home/runner/work/Renewable-tender-tracker/Renewable-tender-tracker/Python/core/http.py", line 21, in get_text
    raise RuntimeError(f"Unable to fetch {url}: {last_error}")
RuntimeError: Unable to fetch https://gpcl.gujarat.gov.in/: HTTPSConnectionPool(host='gpcl.gujarat.gov.in', port=443): Read timed out. (read timeout=45)
2026-09-04 07:34:06,971 INFO daily_update GPCL: 0 accepted; Failed
2026-09-04 07:34:08,275 INFO daily_update APSPDCL: 0 accepted; Success
2026-09-04 07:34:10,465 INFO daily_update APGENCO: 0 accepted; Success
2026-09-04 07:34:19,334 ERROR connector.NREDCAP Connector failed
Traceback (most recent call last):
  File "/home/runner/work/Renewable-tender-tracker/Renewable-tender-tracker/Python/connectors/base.py", line 50, in run
    result.records = self.parse(self.fetch())
                                ^^^^^^^^^^^^
  File "/home/runner/work/Renewable-tender-tracker/Renewable-tender-tracker/Python/connectors/base.py", line 45, in fetch
    return get_text(self.source_url)
           ^^^^^^^^^^^^^^^^^^^^^^^^^
  File "/home/runner/work/Renewable-tender-tracker/Renewable-tender-tracker/Python/core/http.py", line 21, in get_text
    raise RuntimeError(f"Unable to fetch {url}: {last_error}")
RuntimeError: Unable to fetch https://nredcap.in/: HTTPSConnectionPool(host='nredcap.in', port=443): Max retries exceeded with url: / (Caused by SSLError(SSLCertVerificationError(1, '[SSL: CERTIFICATE_VERIFY_FAILED] certificate verify failed: unable to get local issuer certificate (_ssl.c:1010)')))
2026-09-04 07:34:19,335 INFO daily_update NREDCAP: 0 accepted; Failed
2026-09-04 07:34:28,118 ERROR connector.TGNPDCL Connector failed
Traceback (most recent call last):
  File "/home/runner/work/Renewable-tender-tracker/Renewable-tender-tracker/Python/connectors/base.py", line 50, in run
    result.records = self.parse(self.fetch())
                                ^^^^^^^^^^^^
  File "/home/runner/work/Renewable-tender-tracker/Renewable-tender-tracker/Python/connectors/base.py", line 45, in fetch
    return get_text(self.source_url)
           ^^^^^^^^^^^^^^^^^^^^^^^^^
  File "/home/runner/work/Renewable-tender-tracker/Renewable-tender-tracker/Python/core/http.py", line 21, in get_text
    raise RuntimeError(f"Unable to fetch {url}: {last_error}")
RuntimeError: Unable to fetch https://tgnpdcl.com/: HTTPSConnectionPool(host='tgnpdcl.com', port=443): Max retries exceeded with url: / (Caused by SSLError(SSLError(1, '[SSL: SSLV3_ALERT_HANDSHAKE_FAILURE] sslv3 alert handshake failure (_ssl.c:1010)')))
2026-09-04 07:34:28,119 INFO daily_update TGNPDCL: 0 accepted; Failed
2026-09-04 07:34:35,392 ERROR connector.TSSPDCL Connector failed
Traceback (most recent call last):
  File "/home/runner/work/Renewable-tender-tracker/Renewable-tender-tracker/Python/connectors/base.py", line 50, in run
    result.records = self.parse(self.fetch())
                                ^^^^^^^^^^^^
  File "/home/runner/work/Renewable-tender-tracker/Renewable-tender-tracker/Python/connectors/base.py", line 45, in fetch
    return get_text(self.source_url)
           ^^^^^^^^^^^^^^^^^^^^^^^^^
  File "/home/runner/work/Renewable-tender-tracker/Renewable-tender-tracker/Python/core/http.py", line 21, in get_text
    raise RuntimeError(f"Unable to fetch {url}: {last_error}")
RuntimeError: Unable to fetch https://www.tssouthernpower.com/: 403 Client Error: Forbidden for url: https://www.tssouthernpower.com/
2026-09-04 07:34:35,392 INFO daily_update TSSPDCL: 0 accepted; Failed
2026-09-04 07:35:09,110 ERROR connector.TNGECL Connector failed
Traceback (most recent call last):
  File "/home/runner/work/Renewable-tender-tracker/Renewable-tender-tracker/Python/connectors/base.py", line 50, in run
    result.records = self.parse(self.fetch())
                                ^^^^^^^^^^^^
  File "/home/runner/work/Renewable-tender-tracker/Renewable-tender-tracker/Python/connectors/base.py", line 45, in fetch
    return get_text(self.source_url)
           ^^^^^^^^^^^^^^^^^^^^^^^^^
  File "/home/runner/work/Renewable-tender-tracker/Renewable-tender-tracker/Python/core/http.py", line 21, in get_text
    raise RuntimeError(f"Unable to fetch {url}: {last_error}")
RuntimeError: Unable to fetch https://www.tangedco.gov.in/: HTTPSConnectionPool(host='www.tangedco.gov.in', port=443): Max retries exceeded with url: / (Caused by NameResolutionError("HTTPSConnection(host='www.tangedco.gov.in', port=443): Failed to resolve 'www.tangedco.gov.in' ([Errno -3] Temporary failure in name resolution)"))
2026-09-04 07:35:09,111 INFO daily_update TNGECL: 0 accepted; Failed
2026-09-04 07:35:41,580 ERROR connector.TANTRANSCO Connector failed
Traceback (most recent call last):
  File "/home/runner/work/Renewable-tender-tracker/Renewable-tender-tracker/Python/connectors/base.py", line 50, in run
    result.records = self.parse(self.fetch())
                                ^^^^^^^^^^^^
  File "/home/runner/work/Renewable-tender-tracker/Renewable-tender-tracker/Python/connectors/base.py", line 45, in fetch
    return get_text(self.source_url)
           ^^^^^^^^^^^^^^^^^^^^^^^^^
  File "/home/runner/work/Renewable-tender-tracker/Renewable-tender-tracker/Python/core/http.py", line 21, in get_text
    raise RuntimeError(f"Unable to fetch {url}: {last_error}")
RuntimeError: Unable to fetch https://www.tantransco.gov.in/: HTTPSConnectionPool(host='www.tantransco.gov.in', port=443): Max retries exceeded with url: / (Caused by NameResolutionError("HTTPSConnection(host='www.tantransco.gov.in', port=443): Failed to resolve 'www.tantransco.gov.in' ([Errno -3] Temporary failure in name resolution)"))
2026-09-04 07:35:41,580 INFO daily_update TANTRANSCO: 0 accepted; Failed
2026-09-04 07:35:43,312 INFO daily_update GRIDCO: 0 accepted; Success
2026-09-04 07:35:45,001 INFO daily_update HAREDA: 0 accepted; Success
2026-09-04 07:35:48,063 INFO daily_update PSPCL: 0 accepted; Success
2026-09-04 07:38:10,391 ERROR connector.UPNEDA Connector failed
Traceback (most recent call last):
  File "/home/runner/work/Renewable-tender-tracker/Renewable-tender-tracker/Python/connectors/base.py", line 50, in run
    result.records = self.parse(self.fetch())
                                ^^^^^^^^^^^^
  File "/home/runner/work/Renewable-tender-tracker/Renewable-tender-tracker/Python/connectors/portals.py", line 24, in fetch
    return super().fetch()
           ^^^^^^^^^^^^^^^
  File "/home/runner/work/Renewable-tender-tracker/Renewable-tender-tracker/Python/connectors/base.py", line 45, in fetch
    return get_text(self.source_url)
           ^^^^^^^^^^^^^^^^^^^^^^^^^
  File "/home/runner/work/Renewable-tender-tracker/Renewable-tender-tracker/Python/core/http.py", line 21, in get_text
    raise RuntimeError(f"Unable to fetch {url}: {last_error}")
RuntimeError: Unable to fetch https://upneda.org.in/: HTTPSConnectionPool(host='upneda.org.in', port=443): Max retries exceeded with url: / (Caused by ConnectTimeoutError(<HTTPSConnection(host='upneda.org.in', port=443) at 0x7f508ff7c440>, 'Connection to upneda.org.in timed out. (connect timeout=45)'))
2026-09-04 07:38:10,392 INFO daily_update UPNEDA: 0 accepted; Failed
2026-09-04 07:38:11,514 INFO daily_update BSPHCL: 0 accepted; Success
2026-09-05 07:03:16,228 INFO daily_update SECI: 11 accepted; Success
2026-09-05 07:03:17,514 INFO daily_update NTPC REL: 2 accepted; Success
2026-09-05 07:03:34,636 INFO daily_update NHPC: 0 accepted; Success
2026-09-05 07:03:36,417 INFO daily_update SJVN: 0 accepted; Success
2026-09-05 07:08:13,784 ERROR connector.NLCIL Connector failed
Traceback (most recent call last):
  File "/home/runner/work/Renewable-tender-tracker/Renewable-tender-tracker/Python/connectors/base.py", line 50, in run
    result.records = self.parse(self.fetch())
                                ^^^^^^^^^^^^
  File "/home/runner/work/Renewable-tender-tracker/Renewable-tender-tracker/Python/connectors/base.py", line 45, in fetch
    return get_text(self.source_url)
           ^^^^^^^^^^^^^^^^^^^^^^^^^
  File "/home/runner/work/Renewable-tender-tracker/Renewable-tender-tracker/Python/core/http.py", line 21, in get_text
    raise RuntimeError(f"Unable to fetch {url}: {last_error}")
RuntimeError: Unable to fetch https://www.nlcindia.in/: HTTPSConnectionPool(host='www.nlcindia.in', port=443): Max retries exceeded with url: / (Caused by ConnectTimeoutError(<HTTPSConnection(host='www.nlcindia.in', port=443) at 0x7f9ed60ecef0>, 'Connection to www.nlcindia.in timed out. (connect timeout=45)'))
2026-09-05 07:08:13,785 INFO daily_update NLCIL: 0 accepted; Failed
2026-09-05 07:08:23,686 ERROR connector.GUVNL (ISTS) Connector failed
Traceback (most recent call last):
  File "/home/runner/work/Renewable-tender-tracker/Renewable-tender-tracker/Python/connectors/base.py", line 50, in run
    result.records = self.parse(self.fetch())
                                ^^^^^^^^^^^^
  File "/home/runner/work/Renewable-tender-tracker/Renewable-tender-tracker/Python/connectors/base.py", line 45, in fetch
    return get_text(self.source_url)
           ^^^^^^^^^^^^^^^^^^^^^^^^^
  File "/home/runner/work/Renewable-tender-tracker/Renewable-tender-tracker/Python/core/http.py", line 21, in get_text
    raise RuntimeError(f"Unable to fetch {url}: {last_error}")
RuntimeError: Unable to fetch https://www.guvnl.com/: HTTPSConnectionPool(host='www.guvnl.com', port=443): Max retries exceeded with url: / (Caused by SSLError(SSLEOFError(8, '[SSL: UNEXPECTED_EOF_WHILE_READING] EOF occurred in violation of protocol (_ssl.c:1010)')))
2026-09-05 07:08:23,687 INFO daily_update GUVNL (ISTS): 0 accepted; Failed
2026-09-05 07:10:45,936 ERROR connector.REMCL Connector failed
Traceback (most recent call last):
  File "/home/runner/work/Renewable-tender-tracker/Renewable-tender-tracker/Python/connectors/base.py", line 50, in run
    result.records = self.parse(self.fetch())
                                ^^^^^^^^^^^^
  File "/home/runner/work/Renewable-tender-tracker/Renewable-tender-tracker/Python/connectors/base.py", line 45, in fetch
    return get_text(self.source_url)
           ^^^^^^^^^^^^^^^^^^^^^^^^^
  File "/home/runner/work/Renewable-tender-tracker/Renewable-tender-tracker/Python/core/http.py", line 21, in get_text
    raise RuntimeError(f"Unable to fetch {url}: {last_error}")
RuntimeError: Unable to fetch https://www.remcl.in/: HTTPSConnectionPool(host='www.remcl.in', port=443): Max retries exceeded with url: / (Caused by ConnectTimeoutError(<HTTPSConnection(host='www.remcl.in', port=443) at 0x7f9ed60ef860>, 'Connection to www.remcl.in timed out. (connect timeout=45)'))
2026-09-05 07:10:45,936 INFO daily_update REMCL: 0 accepted; Failed
2026-09-05 07:10:47,880 INFO daily_update RUVNL: 0 accepted; Success
2026-09-05 07:10:50,089 INFO daily_update RVPN: 0 accepted; Success
2026-09-05 07:10:51,666 INFO daily_update KREDL: 0 accepted; Success
2026-09-05 07:13:15,092 ERROR connector.KPTCL Connector failed
Traceback (most recent call last):
  File "/home/runner/work/Renewable-tender-tracker/Renewable-tender-tracker/Python/connectors/base.py", line 50, in run
    result.records = self.parse(self.fetch())
                                ^^^^^^^^^^^^
  File "/home/runner/work/Renewable-tender-tracker/Renewable-tender-tracker/Python/connectors/base.py", line 45, in fetch
    return get_text(self.source_url)
           ^^^^^^^^^^^^^^^^^^^^^^^^^
  File "/home/runner/work/Renewable-tender-tracker/Renewable-tender-tracker/Python/core/http.py", line 21, in get_text
    raise RuntimeError(f"Unable to fetch {url}: {last_error}")
RuntimeError: Unable to fetch https://kptcl.karnataka.gov.in/: HTTPSConnectionPool(host='kptcl.karnataka.gov.in', port=443): Max retries exceeded with url: / (Caused by ConnectTimeoutError(<HTTPSConnection(host='kptcl.karnataka.gov.in', port=443) at 0x7f9ed6007a10>, 'Connection to kptcl.karnataka.gov.in timed out. (connect timeout=45)'))
2026-09-05 07:13:15,092 INFO daily_update KPTCL: 0 accepted; Failed
2026-09-05 07:13:22,831 ERROR connector.KPCL Connector failed
Traceback (most recent call last):
  File "/home/runner/work/Renewable-tender-tracker/Renewable-tender-tracker/Python/connectors/base.py", line 50, in run
    result.records = self.parse(self.fetch())
                                ^^^^^^^^^^^^
  File "/home/runner/work/Renewable-tender-tracker/Renewable-tender-tracker/Python/connectors/base.py", line 45, in fetch
    return get_text(self.source_url)
           ^^^^^^^^^^^^^^^^^^^^^^^^^
  File "/home/runner/work/Renewable-tender-tracker/Renewable-tender-tracker/Python/core/http.py", line 21, in get_text
    raise RuntimeError(f"Unable to fetch {url}: {last_error}")
RuntimeError: Unable to fetch https://karnatakapower.com/: HTTPSConnectionPool(host='karnatakapower.com', port=443): Max retries exceeded with url: / (Caused by SSLError(SSLCertVerificationError(1, "[SSL: CERTIFICATE_VERIFY_FAILED] certificate verify failed: Hostname mismatch, certificate is not valid for 'karnatakapower.com'. (_ssl.c:1010)")))
2026-09-05 07:13:22,831 INFO daily_update KPCL: 0 accepted; Failed
2026-09-05 07:13:24,647 INFO daily_update MPUVNL: 0 accepted; Success
2026-09-05 07:13:25,017 INFO daily_update MPPMCL: 0 accepted; Success
2026-09-05 07:13:32,810 ERROR connector.MP Urja Vikas Nigam Connector failed
Traceback (most recent call last):
  File "/home/runner/work/Renewable-tender-tracker/Renewable-tender-tracker/Python/connectors/base.py", line 50, in run
    result.records = self.parse(self.fetch())
                                ^^^^^^^^^^^^
  File "/home/runner/work/Renewable-tender-tracker/Renewable-tender-tracker/Python/connectors/base.py", line 45, in fetch
    return get_text(self.source_url)
           ^^^^^^^^^^^^^^^^^^^^^^^^^
  File "/home/runner/work/Renewable-tender-tracker/Renewable-tender-tracker/Python/core/http.py", line 21, in get_text
    raise RuntimeError(f"Unable to fetch {url}: {last_error}")
RuntimeError: Unable to fetch https://www.mprenewable.nic.in/: HTTPSConnectionPool(host='www.mprenewable.nic.in', port=443): Max retries exceeded with url: / (Caused by NameResolutionError("HTTPSConnection(host='www.mprenewable.nic.in', port=443): Failed to resolve 'www.mprenewable.nic.in' ([Errno -2] Name or service not known)"))
2026-09-05 07:13:32,810 INFO daily_update MP Urja Vikas Nigam: 0 accepted; Failed
2026-09-05 07:13:37,426 INFO daily_update MSEDCL: 0 accepted; Success
2026-09-05 07:13:39,454 INFO daily_update MAHAGENCO: 0 accepted; Success
2026-09-05 07:13:49,192 ERROR connector.GUVNL Connector failed
Traceback (most recent call last):
  File "/home/runner/work/Renewable-tender-tracker/Renewable-tender-tracker/Python/connectors/base.py", line 50, in run
    result.records = self.parse(self.fetch())
                                ^^^^^^^^^^^^
  File "/home/runner/work/Renewable-tender-tracker/Renewable-tender-tracker/Python/connectors/base.py", line 45, in fetch
    return get_text(self.source_url)
           ^^^^^^^^^^^^^^^^^^^^^^^^^
  File "/home/runner/work/Renewable-tender-tracker/Renewable-tender-tracker/Python/core/http.py", line 21, in get_text
    raise RuntimeError(f"Unable to fetch {url}: {last_error}")
RuntimeError: Unable to fetch https://www.guvnl.com/: HTTPSConnectionPool(host='www.guvnl.com', port=443): Max retries exceeded with url: / (Caused by SSLError(SSLEOFError(8, '[SSL: UNEXPECTED_EOF_WHILE_READING] EOF occurred in violation of protocol (_ssl.c:1010)')))
2026-09-05 07:13:49,192 INFO daily_update GUVNL: 0 accepted; Failed
2026-09-05 07:16:12,275 ERROR connector.GPCL Connector failed
Traceback (most recent call last):
  File "/home/runner/work/Renewable-tender-tracker/Renewable-tender-tracker/Python/connectors/base.py", line 50, in run
    result.records = self.parse(self.fetch())
                                ^^^^^^^^^^^^
  File "/home/runner/work/Renewable-tender-tracker/Renewable-tender-tracker/Python/connectors/base.py", line 45, in fetch
    return get_text(self.source_url)
           ^^^^^^^^^^^^^^^^^^^^^^^^^
  File "/home/runner/work/Renewable-tender-tracker/Renewable-tender-tracker/Python/core/http.py", line 21, in get_text
    raise RuntimeError(f"Unable to fetch {url}: {last_error}")
RuntimeError: Unable to fetch https://gpcl.gujarat.gov.in/: HTTPSConnectionPool(host='gpcl.gujarat.gov.in', port=443): Read timed out. (read timeout=45)
2026-09-05 07:16:12,275 INFO daily_update GPCL: 0 accepted; Failed
2026-09-05 07:16:13,445 INFO daily_update APSPDCL: 0 accepted; Success
2026-09-05 07:16:15,359 INFO daily_update APGENCO: 0 accepted; Success
2026-09-05 07:16:24,048 ERROR connector.NREDCAP Connector failed
Traceback (most recent call last):
  File "/home/runner/work/Renewable-tender-tracker/Renewable-tender-tracker/Python/connectors/base.py", line 50, in run
    result.records = self.parse(self.fetch())
                                ^^^^^^^^^^^^
  File "/home/runner/work/Renewable-tender-tracker/Renewable-tender-tracker/Python/connectors/base.py", line 45, in fetch
    return get_text(self.source_url)
           ^^^^^^^^^^^^^^^^^^^^^^^^^
  File "/home/runner/work/Renewable-tender-tracker/Renewable-tender-tracker/Python/core/http.py", line 21, in get_text
    raise RuntimeError(f"Unable to fetch {url}: {last_error}")
RuntimeError: Unable to fetch https://nredcap.in/: HTTPSConnectionPool(host='nredcap.in', port=443): Max retries exceeded with url: / (Caused by SSLError(SSLCertVerificationError(1, '[SSL: CERTIFICATE_VERIFY_FAILED] certificate verify failed: unable to get local issuer certificate (_ssl.c:1010)')))
2026-09-05 07:16:24,049 INFO daily_update NREDCAP: 0 accepted; Failed
2026-09-05 07:16:32,963 ERROR connector.TGNPDCL Connector failed
Traceback (most recent call last):
  File "/home/runner/work/Renewable-tender-tracker/Renewable-tender-tracker/Python/connectors/base.py", line 50, in run
    result.records = self.parse(self.fetch())
                                ^^^^^^^^^^^^
  File "/home/runner/work/Renewable-tender-tracker/Renewable-tender-tracker/Python/connectors/base.py", line 45, in fetch
    return get_text(self.source_url)
           ^^^^^^^^^^^^^^^^^^^^^^^^^
  File "/home/runner/work/Renewable-tender-tracker/Renewable-tender-tracker/Python/core/http.py", line 21, in get_text
    raise RuntimeError(f"Unable to fetch {url}: {last_error}")
RuntimeError: Unable to fetch https://tgnpdcl.com/: HTTPSConnectionPool(host='tgnpdcl.com', port=443): Max retries exceeded with url: / (Caused by SSLError(SSLError(1, '[SSL: SSLV3_ALERT_HANDSHAKE_FAILURE] sslv3 alert handshake failure (_ssl.c:1010)')))
2026-09-05 07:16:32,966 INFO daily_update TGNPDCL: 0 accepted; Failed
2026-09-05 07:16:40,150 ERROR connector.TSSPDCL Connector failed
Traceback (most recent call last):
  File "/home/runner/work/Renewable-tender-tracker/Renewable-tender-tracker/Python/connectors/base.py", line 50, in run
    result.records = self.parse(self.fetch())
                                ^^^^^^^^^^^^
  File "/home/runner/work/Renewable-tender-tracker/Renewable-tender-tracker/Python/connectors/base.py", line 45, in fetch
    return get_text(self.source_url)
           ^^^^^^^^^^^^^^^^^^^^^^^^^
  File "/home/runner/work/Renewable-tender-tracker/Renewable-tender-tracker/Python/core/http.py", line 21, in get_text
    raise RuntimeError(f"Unable to fetch {url}: {last_error}")
RuntimeError: Unable to fetch https://www.tssouthernpower.com/: 403 Client Error: Forbidden for url: https://www.tssouthernpower.com/
2026-09-05 07:16:40,151 INFO daily_update TSSPDCL: 0 accepted; Failed
2026-09-05 07:17:07,838 ERROR connector.TNGECL Connector failed
Traceback (most recent call last):
  File "/home/runner/work/Renewable-tender-tracker/Renewable-tender-tracker/Python/connectors/base.py", line 50, in run
    result.records = self.parse(self.fetch())
                                ^^^^^^^^^^^^
  File "/home/runner/work/Renewable-tender-tracker/Renewable-tender-tracker/Python/connectors/base.py", line 45, in fetch
    return get_text(self.source_url)
           ^^^^^^^^^^^^^^^^^^^^^^^^^
  File "/home/runner/work/Renewable-tender-tracker/Renewable-tender-tracker/Python/core/http.py", line 21, in get_text
    raise RuntimeError(f"Unable to fetch {url}: {last_error}")
RuntimeError: Unable to fetch https://www.tangedco.gov.in/: HTTPSConnectionPool(host='www.tangedco.gov.in', port=443): Max retries exceeded with url: / (Caused by NameResolutionError("HTTPSConnection(host='www.tangedco.gov.in', port=443): Failed to resolve 'www.tangedco.gov.in' ([Errno -3] Temporary failure in name resolution)"))
2026-09-05 07:17:07,838 INFO daily_update TNGECL: 0 accepted; Failed
2026-09-05 07:17:39,400 ERROR connector.TANTRANSCO Connector failed
Traceback (most recent call last):
  File "/home/runner/work/Renewable-tender-tracker/Renewable-tender-tracker/Python/connectors/base.py", line 50, in run
    result.records = self.parse(self.fetch())
                                ^^^^^^^^^^^^
  File "/home/runner/work/Renewable-tender-tracker/Renewable-tender-tracker/Python/connectors/base.py", line 45, in fetch
    return get_text(self.source_url)
           ^^^^^^^^^^^^^^^^^^^^^^^^^
  File "/home/runner/work/Renewable-tender-tracker/Renewable-tender-tracker/Python/core/http.py", line 21, in get_text
    raise RuntimeError(f"Unable to fetch {url}: {last_error}")
RuntimeError: Unable to fetch https://www.tantransco.gov.in/: HTTPSConnectionPool(host='www.tantransco.gov.in', port=443): Max retries exceeded with url: / (Caused by NameResolutionError("HTTPSConnection(host='www.tantransco.gov.in', port=443): Failed to resolve 'www.tantransco.gov.in' ([Errno -3] Temporary failure in name resolution)"))
2026-09-05 07:17:39,401 INFO daily_update TANTRANSCO: 0 accepted; Failed
2026-09-05 07:17:41,089 INFO daily_update GRIDCO: 0 accepted; Success
2026-09-05 07:17:44,114 INFO daily_update HAREDA: 0 accepted; Success
2026-09-05 07:17:47,322 INFO daily_update PSPCL: 0 accepted; Success
2026-09-05 07:20:09,743 ERROR connector.UPNEDA Connector failed
Traceback (most recent call last):
  File "/home/runner/work/Renewable-tender-tracker/Renewable-tender-tracker/Python/connectors/base.py", line 50, in run
    result.records = self.parse(self.fetch())
                                ^^^^^^^^^^^^
  File "/home/runner/work/Renewable-tender-tracker/Renewable-tender-tracker/Python/connectors/portals.py", line 24, in fetch
    return super().fetch()
           ^^^^^^^^^^^^^^^
  File "/home/runner/work/Renewable-tender-tracker/Renewable-tender-tracker/Python/connectors/base.py", line 45, in fetch
    return get_text(self.source_url)
           ^^^^^^^^^^^^^^^^^^^^^^^^^
  File "/home/runner/work/Renewable-tender-tracker/Renewable-tender-tracker/Python/core/http.py", line 21, in get_text
    raise RuntimeError(f"Unable to fetch {url}: {last_error}")
RuntimeError: Unable to fetch https://upneda.org.in/: HTTPSConnectionPool(host='upneda.org.in', port=443): Max retries exceeded with url: / (Caused by ConnectTimeoutError(<HTTPSConnection(host='upneda.org.in', port=443) at 0x7f9ed6160710>, 'Connection to upneda.org.in timed out. (connect timeout=45)'))
2026-09-05 07:20:09,743 INFO daily_update UPNEDA: 0 accepted; Failed
2026-09-05 07:20:10,883 INFO daily_update BSPHCL: 0 accepted; Success
2026-09-06 07:14:14,789 INFO daily_update SECI: 11 accepted; Success
2026-09-06 07:14:15,923 INFO daily_update NTPC REL: 2 accepted; Success
2026-09-06 07:14:31,123 INFO daily_update NHPC: 0 accepted; Success
2026-09-06 07:14:32,861 INFO daily_update SJVN: 0 accepted; Success
2026-09-06 07:19:10,309 ERROR connector.NLCIL Connector failed
Traceback (most recent call last):
  File "/home/runner/work/Renewable-tender-tracker/Renewable-tender-tracker/Python/connectors/base.py", line 50, in run
    result.records = self.parse(self.fetch())
                                ^^^^^^^^^^^^
  File "/home/runner/work/Renewable-tender-tracker/Renewable-tender-tracker/Python/connectors/base.py", line 45, in fetch
    return get_text(self.source_url)
           ^^^^^^^^^^^^^^^^^^^^^^^^^
  File "/home/runner/work/Renewable-tender-tracker/Renewable-tender-tracker/Python/core/http.py", line 21, in get_text
    raise RuntimeError(f"Unable to fetch {url}: {last_error}")
RuntimeError: Unable to fetch https://www.nlcindia.in/: HTTPSConnectionPool(host='www.nlcindia.in', port=443): Max retries exceeded with url: / (Caused by ConnectTimeoutError(<HTTPSConnection(host='www.nlcindia.in', port=443) at 0x7fc620dbdd30>, 'Connection to www.nlcindia.in timed out. (connect timeout=45)'))
2026-09-06 07:19:10,310 INFO daily_update NLCIL: 0 accepted; Failed
2026-09-06 07:19:20,089 ERROR connector.GUVNL (ISTS) Connector failed
Traceback (most recent call last):
  File "/home/runner/work/Renewable-tender-tracker/Renewable-tender-tracker/Python/connectors/base.py", line 50, in run
    result.records = self.parse(self.fetch())
                                ^^^^^^^^^^^^
  File "/home/runner/work/Renewable-tender-tracker/Renewable-tender-tracker/Python/connectors/base.py", line 45, in fetch
    return get_text(self.source_url)
           ^^^^^^^^^^^^^^^^^^^^^^^^^
  File "/home/runner/work/Renewable-tender-tracker/Renewable-tender-tracker/Python/core/http.py", line 21, in get_text
    raise RuntimeError(f"Unable to fetch {url}: {last_error}")
RuntimeError: Unable to fetch https://www.guvnl.com/: HTTPSConnectionPool(host='www.guvnl.com', port=443): Max retries exceeded with url: / (Caused by SSLError(SSLEOFError(8, '[SSL: UNEXPECTED_EOF_WHILE_READING] EOF occurred in violation of protocol (_ssl.c:1010)')))
2026-09-06 07:19:20,089 INFO daily_update GUVNL (ISTS): 0 accepted; Failed
2026-09-06 07:21:42,553 ERROR connector.REMCL Connector failed
Traceback (most recent call last):
  File "/home/runner/work/Renewable-tender-tracker/Renewable-tender-tracker/Python/connectors/base.py", line 50, in run
    result.records = self.parse(self.fetch())
                                ^^^^^^^^^^^^
  File "/home/runner/work/Renewable-tender-tracker/Renewable-tender-tracker/Python/connectors/base.py", line 45, in fetch
    return get_text(self.source_url)
           ^^^^^^^^^^^^^^^^^^^^^^^^^
  File "/home/runner/work/Renewable-tender-tracker/Renewable-tender-tracker/Python/core/http.py", line 21, in get_text
    raise RuntimeError(f"Unable to fetch {url}: {last_error}")
RuntimeError: Unable to fetch https://www.remcl.in/: HTTPSConnectionPool(host='www.remcl.in', port=443): Max retries exceeded with url: / (Caused by ConnectTimeoutError(<HTTPSConnection(host='www.remcl.in', port=443) at 0x7fc620dbfdd0>, 'Connection to www.remcl.in timed out. (connect timeout=45)'))
2026-09-06 07:21:42,554 INFO daily_update REMCL: 0 accepted; Failed
2026-09-06 07:21:44,498 INFO daily_update RUVNL: 0 accepted; Success
2026-09-06 07:21:46,848 INFO daily_update RVPN: 0 accepted; Success
2026-09-06 07:21:47,843 INFO daily_update KREDL: 0 accepted; Success
2026-09-06 07:24:11,393 ERROR connector.KPTCL Connector failed
Traceback (most recent call last):
  File "/home/runner/work/Renewable-tender-tracker/Renewable-tender-tracker/Python/connectors/base.py", line 50, in run
    result.records = self.parse(self.fetch())
                                ^^^^^^^^^^^^
  File "/home/runner/work/Renewable-tender-tracker/Renewable-tender-tracker/Python/connectors/base.py", line 45, in fetch
    return get_text(self.source_url)
           ^^^^^^^^^^^^^^^^^^^^^^^^^
  File "/home/runner/work/Renewable-tender-tracker/Renewable-tender-tracker/Python/core/http.py", line 21, in get_text
    raise RuntimeError(f"Unable to fetch {url}: {last_error}")
RuntimeError: Unable to fetch https://kptcl.karnataka.gov.in/: HTTPSConnectionPool(host='kptcl.karnataka.gov.in', port=443): Max retries exceeded with url: / (Caused by ConnectTimeoutError(<HTTPSConnection(host='kptcl.karnataka.gov.in', port=443) at 0x7fc620cb89b0>, 'Connection to kptcl.karnataka.gov.in timed out. (connect timeout=45)'))
2026-09-06 07:24:11,394 INFO daily_update KPTCL: 0 accepted; Failed
2026-09-06 07:24:19,254 ERROR connector.KPCL Connector failed
Traceback (most recent call last):
  File "/home/runner/work/Renewable-tender-tracker/Renewable-tender-tracker/Python/connectors/base.py", line 50, in run
    result.records = self.parse(self.fetch())
                                ^^^^^^^^^^^^
  File "/home/runner/work/Renewable-tender-tracker/Renewable-tender-tracker/Python/connectors/base.py", line 45, in fetch
    return get_text(self.source_url)
           ^^^^^^^^^^^^^^^^^^^^^^^^^
  File "/home/runner/work/Renewable-tender-tracker/Renewable-tender-tracker/Python/core/http.py", line 21, in get_text
    raise RuntimeError(f"Unable to fetch {url}: {last_error}")
RuntimeError: Unable to fetch https://karnatakapower.com/: HTTPSConnectionPool(host='karnatakapower.com', port=443): Max retries exceeded with url: / (Caused by SSLError(SSLCertVerificationError(1, "[SSL: CERTIFICATE_VERIFY_FAILED] certificate verify failed: Hostname mismatch, certificate is not valid for 'karnatakapower.com'. (_ssl.c:1010)")))
2026-09-06 07:24:19,255 INFO daily_update KPCL: 0 accepted; Failed
2026-09-06 07:24:21,189 INFO daily_update MPUVNL: 0 accepted; Success
2026-09-06 07:24:21,560 INFO daily_update MPPMCL: 0 accepted; Success
2026-09-06 07:24:29,653 ERROR connector.MP Urja Vikas Nigam Connector failed
Traceback (most recent call last):
  File "/home/runner/work/Renewable-tender-tracker/Renewable-tender-tracker/Python/connectors/base.py", line 50, in run
    result.records = self.parse(self.fetch())
                                ^^^^^^^^^^^^
  File "/home/runner/work/Renewable-tender-tracker/Renewable-tender-tracker/Python/connectors/base.py", line 45, in fetch
    return get_text(self.source_url)
           ^^^^^^^^^^^^^^^^^^^^^^^^^
  File "/home/runner/work/Renewable-tender-tracker/Renewable-tender-tracker/Python/core/http.py", line 21, in get_text
    raise RuntimeError(f"Unable to fetch {url}: {last_error}")
RuntimeError: Unable to fetch https://www.mprenewable.nic.in/: HTTPSConnectionPool(host='www.mprenewable.nic.in', port=443): Max retries exceeded with url: / (Caused by NameResolutionError("HTTPSConnection(host='www.mprenewable.nic.in', port=443): Failed to resolve 'www.mprenewable.nic.in' ([Errno -2] Name or service not known)"))
2026-09-06 07:24:29,654 INFO daily_update MP Urja Vikas Nigam: 0 accepted; Failed
2026-09-06 07:24:34,092 INFO daily_update MSEDCL: 0 accepted; Success
2026-09-06 07:24:36,045 INFO daily_update MAHAGENCO: 0 accepted; Success
2026-09-06 07:24:45,708 ERROR connector.GUVNL Connector failed
Traceback (most recent call last):
  File "/home/runner/work/Renewable-tender-tracker/Renewable-tender-tracker/Python/connectors/base.py", line 50, in run
    result.records = self.parse(self.fetch())
                                ^^^^^^^^^^^^
  File "/home/runner/work/Renewable-tender-tracker/Renewable-tender-tracker/Python/connectors/base.py", line 45, in fetch
    return get_text(self.source_url)
           ^^^^^^^^^^^^^^^^^^^^^^^^^
  File "/home/runner/work/Renewable-tender-tracker/Renewable-tender-tracker/Python/core/http.py", line 21, in get_text
    raise RuntimeError(f"Unable to fetch {url}: {last_error}")
RuntimeError: Unable to fetch https://www.guvnl.com/: HTTPSConnectionPool(host='www.guvnl.com', port=443): Max retries exceeded with url: / (Caused by SSLError(SSLEOFError(8, '[SSL: UNEXPECTED_EOF_WHILE_READING] EOF occurred in violation of protocol (_ssl.c:1010)')))
2026-09-06 07:24:45,708 INFO daily_update GUVNL: 0 accepted; Failed
2026-09-06 07:27:11,150 ERROR connector.GPCL Connector failed
Traceback (most recent call last):
  File "/home/runner/work/Renewable-tender-tracker/Renewable-tender-tracker/Python/connectors/base.py", line 50, in run
    result.records = self.parse(self.fetch())
                                ^^^^^^^^^^^^
  File "/home/runner/work/Renewable-tender-tracker/Renewable-tender-tracker/Python/connectors/base.py", line 45, in fetch
    return get_text(self.source_url)
           ^^^^^^^^^^^^^^^^^^^^^^^^^
  File "/home/runner/work/Renewable-tender-tracker/Renewable-tender-tracker/Python/core/http.py", line 21, in get_text
    raise RuntimeError(f"Unable to fetch {url}: {last_error}")
RuntimeError: Unable to fetch https://gpcl.gujarat.gov.in/: HTTPSConnectionPool(host='gpcl.gujarat.gov.in', port=443): Read timed out. (read timeout=45)
2026-09-06 07:27:11,151 INFO daily_update GPCL: 0 accepted; Failed
2026-09-06 07:27:12,356 INFO daily_update APSPDCL: 0 accepted; Success
2026-09-06 07:27:14,400 INFO daily_update APGENCO: 0 accepted; Success
2026-09-06 07:27:25,058 ERROR connector.NREDCAP Connector failed
Traceback (most recent call last):
  File "/home/runner/work/Renewable-tender-tracker/Renewable-tender-tracker/Python/connectors/base.py", line 50, in run
    result.records = self.parse(self.fetch())
                                ^^^^^^^^^^^^
  File "/home/runner/work/Renewable-tender-tracker/Renewable-tender-tracker/Python/connectors/base.py", line 45, in fetch
    return get_text(self.source_url)
           ^^^^^^^^^^^^^^^^^^^^^^^^^
  File "/home/runner/work/Renewable-tender-tracker/Renewable-tender-tracker/Python/core/http.py", line 21, in get_text
    raise RuntimeError(f"Unable to fetch {url}: {last_error}")
RuntimeError: Unable to fetch https://nredcap.in/: HTTPSConnectionPool(host='nredcap.in', port=443): Max retries exceeded with url: / (Caused by SSLError(SSLCertVerificationError(1, '[SSL: CERTIFICATE_VERIFY_FAILED] certificate verify failed: unable to get local issuer certificate (_ssl.c:1010)')))
2026-09-06 07:27:25,058 INFO daily_update NREDCAP: 0 accepted; Failed
2026-09-06 07:27:33,544 ERROR connector.TGNPDCL Connector failed
Traceback (most recent call last):
  File "/home/runner/work/Renewable-tender-tracker/Renewable-tender-tracker/Python/connectors/base.py", line 50, in run
    result.records = self.parse(self.fetch())
                                ^^^^^^^^^^^^
  File "/home/runner/work/Renewable-tender-tracker/Renewable-tender-tracker/Python/connectors/base.py", line 45, in fetch
    return get_text(self.source_url)
           ^^^^^^^^^^^^^^^^^^^^^^^^^
  File "/home/runner/work/Renewable-tender-tracker/Renewable-tender-tracker/Python/core/http.py", line 21, in get_text
    raise RuntimeError(f"Unable to fetch {url}: {last_error}")
RuntimeError: Unable to fetch https://tgnpdcl.com/: HTTPSConnectionPool(host='tgnpdcl.com', port=443): Max retries exceeded with url: / (Caused by SSLError(SSLError(1, '[SSL: SSLV3_ALERT_HANDSHAKE_FAILURE] sslv3 alert handshake failure (_ssl.c:1010)')))
2026-09-06 07:27:33,545 INFO daily_update TGNPDCL: 0 accepted; Failed
2026-09-06 07:27:40,799 ERROR connector.TSSPDCL Connector failed
Traceback (most recent call last):
  File "/home/runner/work/Renewable-tender-tracker/Renewable-tender-tracker/Python/connectors/base.py", line 50, in run
    result.records = self.parse(self.fetch())
                                ^^^^^^^^^^^^
  File "/home/runner/work/Renewable-tender-tracker/Renewable-tender-tracker/Python/connectors/base.py", line 45, in fetch
    return get_text(self.source_url)
           ^^^^^^^^^^^^^^^^^^^^^^^^^
  File "/home/runner/work/Renewable-tender-tracker/Renewable-tender-tracker/Python/core/http.py", line 21, in get_text
    raise RuntimeError(f"Unable to fetch {url}: {last_error}")
RuntimeError: Unable to fetch https://www.tssouthernpower.com/: 403 Client Error: Forbidden for url: https://www.tssouthernpower.com/
2026-09-06 07:27:40,800 INFO daily_update TSSPDCL: 0 accepted; Failed
2026-09-06 07:28:17,841 ERROR connector.TNGECL Connector failed
Traceback (most recent call last):
  File "/home/runner/work/Renewable-tender-tracker/Renewable-tender-tracker/Python/connectors/base.py", line 50, in run
    result.records = self.parse(self.fetch())
                                ^^^^^^^^^^^^
  File "/home/runner/work/Renewable-tender-tracker/Renewable-tender-tracker/Python/connectors/base.py", line 45, in fetch
    return get_text(self.source_url)
           ^^^^^^^^^^^^^^^^^^^^^^^^^
  File "/home/runner/work/Renewable-tender-tracker/Renewable-tender-tracker/Python/core/http.py", line 21, in get_text
    raise RuntimeError(f"Unable to fetch {url}: {last_error}")
RuntimeError: Unable to fetch https://www.tangedco.gov.in/: HTTPSConnectionPool(host='www.tangedco.gov.in', port=443): Max retries exceeded with url: / (Caused by NameResolutionError("HTTPSConnection(host='www.tangedco.gov.in', port=443): Failed to resolve 'www.tangedco.gov.in' ([Errno -3] Temporary failure in name resolution)"))
2026-09-06 07:28:17,842 INFO daily_update TNGECL: 0 accepted; Failed
2026-09-06 07:28:50,803 ERROR connector.TANTRANSCO Connector failed
Traceback (most recent call last):
  File "/home/runner/work/Renewable-tender-tracker/Renewable-tender-tracker/Python/connectors/base.py", line 50, in run
    result.records = self.parse(self.fetch())
                                ^^^^^^^^^^^^
  File "/home/runner/work/Renewable-tender-tracker/Renewable-tender-tracker/Python/connectors/base.py", line 45, in fetch
    return get_text(self.source_url)
           ^^^^^^^^^^^^^^^^^^^^^^^^^
  File "/home/runner/work/Renewable-tender-tracker/Renewable-tender-tracker/Python/core/http.py", line 21, in get_text
    raise RuntimeError(f"Unable to fetch {url}: {last_error}")
RuntimeError: Unable to fetch https://www.tantransco.gov.in/: HTTPSConnectionPool(host='www.tantransco.gov.in', port=443): Max retries exceeded with url: / (Caused by NameResolutionError("HTTPSConnection(host='www.tantransco.gov.in', port=443): Failed to resolve 'www.tantransco.gov.in' ([Errno -3] Temporary failure in name resolution)"))
2026-09-06 07:28:50,803 INFO daily_update TANTRANSCO: 0 accepted; Failed
2026-09-06 07:28:52,376 INFO daily_update GRIDCO: 0 accepted; Success
2026-09-06 07:28:54,134 INFO daily_update HAREDA: 0 accepted; Success
2026-09-06 07:28:57,551 INFO daily_update PSPCL: 0 accepted; Success
2026-09-06 07:29:06,111 ERROR connector.UPNEDA Connector failed
Traceback (most recent call last):
  File "/home/runner/work/Renewable-tender-tracker/Renewable-tender-tracker/Python/connectors/base.py", line 50, in run
    result.records = self.parse(self.fetch())
                                ^^^^^^^^^^^^
  File "/home/runner/work/Renewable-tender-tracker/Renewable-tender-tracker/Python/connectors/portals.py", line 24, in fetch
    return super().fetch()
           ^^^^^^^^^^^^^^^
  File "/home/runner/work/Renewable-tender-tracker/Renewable-tender-tracker/Python/connectors/base.py", line 45, in fetch
    return get_text(self.source_url)
           ^^^^^^^^^^^^^^^^^^^^^^^^^
  File "/home/runner/work/Renewable-tender-tracker/Renewable-tender-tracker/Python/core/http.py", line 21, in get_text
    raise RuntimeError(f"Unable to fetch {url}: {last_error}")
RuntimeError: Unable to fetch https://upneda.org.in/: HTTPSConnectionPool(host='upneda.org.in', port=443): Max retries exceeded with url: / (Caused by SSLError(SSLCertVerificationError(1, "[SSL: CERTIFICATE_VERIFY_FAILED] certificate verify failed: Hostname mismatch, certificate is not valid for 'upneda.org.in'. (_ssl.c:1010)")))
2026-09-06 07:29:06,111 INFO daily_update UPNEDA: 0 accepted; Failed
2026-09-06 07:29:07,170 INFO daily_update BSPHCL: 0 accepted; Success
2026-09-07 07:27:58,228 INFO daily_update SECI: 11 accepted; Success
2026-09-07 07:27:59,630 INFO daily_update NTPC REL: 2 accepted; Success
2026-09-07 07:28:14,575 INFO daily_update NHPC: 0 accepted; Success
2026-09-07 07:28:16,578 INFO daily_update SJVN: 0 accepted; Success
2026-09-07 07:32:53,962 ERROR connector.NLCIL Connector failed
Traceback (most recent call last):
  File "/home/runner/work/Renewable-tender-tracker/Renewable-tender-tracker/Python/connectors/base.py", line 50, in run
    result.records = self.parse(self.fetch())
                                ^^^^^^^^^^^^
  File "/home/runner/work/Renewable-tender-tracker/Renewable-tender-tracker/Python/connectors/base.py", line 45, in fetch
    return get_text(self.source_url)
           ^^^^^^^^^^^^^^^^^^^^^^^^^
  File "/home/runner/work/Renewable-tender-tracker/Renewable-tender-tracker/Python/core/http.py", line 21, in get_text
    raise RuntimeError(f"Unable to fetch {url}: {last_error}")
RuntimeError: Unable to fetch https://www.nlcindia.in/: HTTPSConnectionPool(host='www.nlcindia.in', port=443): Max retries exceeded with url: / (Caused by ConnectTimeoutError(<HTTPSConnection(host='www.nlcindia.in', port=443) at 0x7f017a4ad880>, 'Connection to www.nlcindia.in timed out. (connect timeout=45)'))
2026-09-07 07:32:53,963 INFO daily_update NLCIL: 0 accepted; Failed
2026-09-07 07:33:03,971 ERROR connector.GUVNL (ISTS) Connector failed
Traceback (most recent call last):
  File "/home/runner/work/Renewable-tender-tracker/Renewable-tender-tracker/Python/connectors/base.py", line 50, in run
    result.records = self.parse(self.fetch())
                                ^^^^^^^^^^^^
  File "/home/runner/work/Renewable-tender-tracker/Renewable-tender-tracker/Python/connectors/base.py", line 45, in fetch
    return get_text(self.source_url)
           ^^^^^^^^^^^^^^^^^^^^^^^^^
  File "/home/runner/work/Renewable-tender-tracker/Renewable-tender-tracker/Python/core/http.py", line 21, in get_text
    raise RuntimeError(f"Unable to fetch {url}: {last_error}")
RuntimeError: Unable to fetch https://www.guvnl.com/: HTTPSConnectionPool(host='www.guvnl.com', port=443): Max retries exceeded with url: / (Caused by SSLError(SSLEOFError(8, '[SSL: UNEXPECTED_EOF_WHILE_READING] EOF occurred in violation of protocol (_ssl.c:1010)')))
2026-09-07 07:33:03,971 INFO daily_update GUVNL (ISTS): 0 accepted; Failed
2026-09-07 07:35:26,134 ERROR connector.REMCL Connector failed
Traceback (most recent call last):
  File "/home/runner/work/Renewable-tender-tracker/Renewable-tender-tracker/Python/connectors/base.py", line 50, in run
    result.records = self.parse(self.fetch())
                                ^^^^^^^^^^^^
  File "/home/runner/work/Renewable-tender-tracker/Renewable-tender-tracker/Python/connectors/base.py", line 45, in fetch
    return get_text(self.source_url)
           ^^^^^^^^^^^^^^^^^^^^^^^^^
  File "/home/runner/work/Renewable-tender-tracker/Renewable-tender-tracker/Python/core/http.py", line 21, in get_text
    raise RuntimeError(f"Unable to fetch {url}: {last_error}")
RuntimeError: Unable to fetch https://www.remcl.in/: HTTPSConnectionPool(host='www.remcl.in', port=443): Max retries exceeded with url: / (Caused by ConnectTimeoutError(<HTTPSConnection(host='www.remcl.in', port=443) at 0x7f017a4af920>, 'Connection to www.remcl.in timed out. (connect timeout=45)'))
2026-09-07 07:35:26,135 INFO daily_update REMCL: 0 accepted; Failed
2026-09-07 07:35:28,137 INFO daily_update RUVNL: 0 accepted; Success
2026-09-07 07:35:29,407 INFO daily_update RVPN: 0 accepted; Success
2026-09-07 07:35:30,643 INFO daily_update KREDL: 0 accepted; Success
2026-09-07 07:37:53,455 ERROR connector.KPTCL Connector failed
Traceback (most recent call last):
  File "/home/runner/work/Renewable-tender-tracker/Renewable-tender-tracker/Python/connectors/base.py", line 50, in run
    result.records = self.parse(self.fetch())
                                ^^^^^^^^^^^^
  File "/home/runner/work/Renewable-tender-tracker/Renewable-tender-tracker/Python/connectors/base.py", line 45, in fetch
    return get_text(self.source_url)
           ^^^^^^^^^^^^^^^^^^^^^^^^^
  File "/home/runner/work/Renewable-tender-tracker/Renewable-tender-tracker/Python/core/http.py", line 21, in get_text
    raise RuntimeError(f"Unable to fetch {url}: {last_error}")
RuntimeError: Unable to fetch https://kptcl.karnataka.gov.in/: HTTPSConnectionPool(host='kptcl.karnataka.gov.in', port=443): Max retries exceeded with url: / (Caused by ConnectTimeoutError(<HTTPSConnection(host='kptcl.karnataka.gov.in', port=443) at 0x7f017a3ac2c0>, 'Connection to kptcl.karnataka.gov.in timed out. (connect timeout=45)'))
2026-09-07 07:37:53,455 INFO daily_update KPTCL: 0 accepted; Failed
2026-09-07 07:38:01,629 ERROR connector.KPCL Connector failed
Traceback (most recent call last):
  File "/home/runner/work/Renewable-tender-tracker/Renewable-tender-tracker/Python/connectors/base.py", line 50, in run
    result.records = self.parse(self.fetch())
                                ^^^^^^^^^^^^
  File "/home/runner/work/Renewable-tender-tracker/Renewable-tender-tracker/Python/connectors/base.py", line 45, in fetch
    return get_text(self.source_url)
           ^^^^^^^^^^^^^^^^^^^^^^^^^
  File "/home/runner/work/Renewable-tender-tracker/Renewable-tender-tracker/Python/core/http.py", line 21, in get_text
    raise RuntimeError(f"Unable to fetch {url}: {last_error}")
RuntimeError: Unable to fetch https://karnatakapower.com/: HTTPSConnectionPool(host='karnatakapower.com', port=443): Max retries exceeded with url: / (Caused by SSLError(SSLCertVerificationError(1, "[SSL: CERTIFICATE_VERIFY_FAILED] certificate verify failed: Hostname mismatch, certificate is not valid for 'karnatakapower.com'. (_ssl.c:1010)")))
2026-09-07 07:38:01,629 INFO daily_update KPCL: 0 accepted; Failed
2026-09-07 07:38:03,326 INFO daily_update MPUVNL: 0 accepted; Success
2026-09-07 07:38:03,846 INFO daily_update MPPMCL: 0 accepted; Success
2026-09-07 07:38:11,634 ERROR connector.MP Urja Vikas Nigam Connector failed
Traceback (most recent call last):
  File "/home/runner/work/Renewable-tender-tracker/Renewable-tender-tracker/Python/connectors/base.py", line 50, in run
    result.records = self.parse(self.fetch())
                                ^^^^^^^^^^^^
  File "/home/runner/work/Renewable-tender-tracker/Renewable-tender-tracker/Python/connectors/base.py", line 45, in fetch
    return get_text(self.source_url)
           ^^^^^^^^^^^^^^^^^^^^^^^^^
  File "/home/runner/work/Renewable-tender-tracker/Renewable-tender-tracker/Python/core/http.py", line 21, in get_text
    raise RuntimeError(f"Unable to fetch {url}: {last_error}")
RuntimeError: Unable to fetch https://www.mprenewable.nic.in/: HTTPSConnectionPool(host='www.mprenewable.nic.in', port=443): Max retries exceeded with url: / (Caused by NameResolutionError("HTTPSConnection(host='www.mprenewable.nic.in', port=443): Failed to resolve 'www.mprenewable.nic.in' ([Errno -2] Name or service not known)"))
2026-09-07 07:38:11,635 INFO daily_update MP Urja Vikas Nigam: 0 accepted; Failed
2026-09-07 07:38:16,148 INFO daily_update MSEDCL: 0 accepted; Success
2026-09-07 07:38:17,787 INFO daily_update MAHAGENCO: 0 accepted; Success
2026-09-07 07:38:27,882 ERROR connector.GUVNL Connector failed
Traceback (most recent call last):
  File "/home/runner/work/Renewable-tender-tracker/Renewable-tender-tracker/Python/connectors/base.py", line 50, in run
    result.records = self.parse(self.fetch())
                                ^^^^^^^^^^^^
  File "/home/runner/work/Renewable-tender-tracker/Renewable-tender-tracker/Python/connectors/base.py", line 45, in fetch
    return get_text(self.source_url)
           ^^^^^^^^^^^^^^^^^^^^^^^^^
  File "/home/runner/work/Renewable-tender-tracker/Renewable-tender-tracker/Python/core/http.py", line 21, in get_text
    raise RuntimeError(f"Unable to fetch {url}: {last_error}")
RuntimeError: Unable to fetch https://www.guvnl.com/: HTTPSConnectionPool(host='www.guvnl.com', port=443): Max retries exceeded with url: / (Caused by SSLError(SSLEOFError(8, '[SSL: UNEXPECTED_EOF_WHILE_READING] EOF occurred in violation of protocol (_ssl.c:1010)')))
2026-09-07 07:38:27,883 INFO daily_update GUVNL: 0 accepted; Failed
2026-09-07 07:40:51,078 ERROR connector.GPCL Connector failed
Traceback (most recent call last):
  File "/home/runner/work/Renewable-tender-tracker/Renewable-tender-tracker/Python/connectors/base.py", line 50, in run
    result.records = self.parse(self.fetch())
                                ^^^^^^^^^^^^
  File "/home/runner/work/Renewable-tender-tracker/Renewable-tender-tracker/Python/connectors/base.py", line 45, in fetch
    return get_text(self.source_url)
           ^^^^^^^^^^^^^^^^^^^^^^^^^
  File "/home/runner/work/Renewable-tender-tracker/Renewable-tender-tracker/Python/core/http.py", line 21, in get_text
    raise RuntimeError(f"Unable to fetch {url}: {last_error}")
RuntimeError: Unable to fetch https://gpcl.gujarat.gov.in/: HTTPSConnectionPool(host='gpcl.gujarat.gov.in', port=443): Read timed out. (read timeout=45)
2026-09-07 07:40:51,079 INFO daily_update GPCL: 0 accepted; Failed
2026-09-07 07:40:52,316 INFO daily_update APSPDCL: 0 accepted; Success
2026-09-07 07:40:54,280 INFO daily_update APGENCO: 0 accepted; Success
2026-09-07 07:41:04,040 ERROR connector.NREDCAP Connector failed
Traceback (most recent call last):
  File "/home/runner/work/Renewable-tender-tracker/Renewable-tender-tracker/Python/connectors/base.py", line 50, in run
    result.records = self.parse(self.fetch())
                                ^^^^^^^^^^^^
  File "/home/runner/work/Renewable-tender-tracker/Renewable-tender-tracker/Python/connectors/base.py", line 45, in fetch
    return get_text(self.source_url)
           ^^^^^^^^^^^^^^^^^^^^^^^^^
  File "/home/runner/work/Renewable-tender-tracker/Renewable-tender-tracker/Python/core/http.py", line 21, in get_text
    raise RuntimeError(f"Unable to fetch {url}: {last_error}")
RuntimeError: Unable to fetch https://nredcap.in/: HTTPSConnectionPool(host='nredcap.in', port=443): Max retries exceeded with url: / (Caused by SSLError(SSLCertVerificationError(1, '[SSL: CERTIFICATE_VERIFY_FAILED] certificate verify failed: unable to get local issuer certificate (_ssl.c:1010)')))
2026-09-07 07:41:04,040 INFO daily_update NREDCAP: 0 accepted; Failed
2026-09-07 07:41:12,682 ERROR connector.TGNPDCL Connector failed
Traceback (most recent call last):
  File "/home/runner/work/Renewable-tender-tracker/Renewable-tender-tracker/Python/connectors/base.py", line 50, in run
    result.records = self.parse(self.fetch())
                                ^^^^^^^^^^^^
  File "/home/runner/work/Renewable-tender-tracker/Renewable-tender-tracker/Python/connectors/base.py", line 45, in fetch
    return get_text(self.source_url)
           ^^^^^^^^^^^^^^^^^^^^^^^^^
  File "/home/runner/work/Renewable-tender-tracker/Renewable-tender-tracker/Python/core/http.py", line 21, in get_text
    raise RuntimeError(f"Unable to fetch {url}: {last_error}")
RuntimeError: Unable to fetch https://tgnpdcl.com/: HTTPSConnectionPool(host='tgnpdcl.com', port=443): Max retries exceeded with url: / (Caused by SSLError(SSLError(1, '[SSL: SSLV3_ALERT_HANDSHAKE_FAILURE] sslv3 alert handshake failure (_ssl.c:1010)')))
2026-09-07 07:41:12,683 INFO daily_update TGNPDCL: 0 accepted; Failed
2026-09-07 07:41:19,926 ERROR connector.TSSPDCL Connector failed
Traceback (most recent call last):
  File "/home/runner/work/Renewable-tender-tracker/Renewable-tender-tracker/Python/connectors/base.py", line 50, in run
    result.records = self.parse(self.fetch())
                                ^^^^^^^^^^^^
  File "/home/runner/work/Renewable-tender-tracker/Renewable-tender-tracker/Python/connectors/base.py", line 45, in fetch
    return get_text(self.source_url)
           ^^^^^^^^^^^^^^^^^^^^^^^^^
  File "/home/runner/work/Renewable-tender-tracker/Renewable-tender-tracker/Python/core/http.py", line 21, in get_text
    raise RuntimeError(f"Unable to fetch {url}: {last_error}")
RuntimeError: Unable to fetch https://www.tssouthernpower.com/: 403 Client Error: Forbidden for url: https://www.tssouthernpower.com/
2026-09-07 07:41:19,927 INFO daily_update TSSPDCL: 0 accepted; Failed
2026-09-07 07:41:49,428 ERROR connector.TNGECL Connector failed
Traceback (most recent call last):
  File "/home/runner/work/Renewable-tender-tracker/Renewable-tender-tracker/Python/connectors/base.py", line 50, in run
    result.records = self.parse(self.fetch())
                                ^^^^^^^^^^^^
  File "/home/runner/work/Renewable-tender-tracker/Renewable-tender-tracker/Python/connectors/base.py", line 45, in fetch
    return get_text(self.source_url)
           ^^^^^^^^^^^^^^^^^^^^^^^^^
  File "/home/runner/work/Renewable-tender-tracker/Renewable-tender-tracker/Python/core/http.py", line 21, in get_text
    raise RuntimeError(f"Unable to fetch {url}: {last_error}")
RuntimeError: Unable to fetch https://www.tangedco.gov.in/: HTTPSConnectionPool(host='www.tangedco.gov.in', port=443): Max retries exceeded with url: / (Caused by NameResolutionError("HTTPSConnection(host='www.tangedco.gov.in', port=443): Failed to resolve 'www.tangedco.gov.in' ([Errno -3] Temporary failure in name resolution)"))
2026-09-07 07:41:49,429 INFO daily_update TNGECL: 0 accepted; Failed
2026-09-07 07:42:22,786 ERROR connector.TANTRANSCO Connector failed
Traceback (most recent call last):
  File "/home/runner/work/Renewable-tender-tracker/Renewable-tender-tracker/Python/connectors/base.py", line 50, in run
    result.records = self.parse(self.fetch())
                                ^^^^^^^^^^^^
  File "/home/runner/work/Renewable-tender-tracker/Renewable-tender-tracker/Python/connectors/base.py", line 45, in fetch
    return get_text(self.source_url)
           ^^^^^^^^^^^^^^^^^^^^^^^^^
  File "/home/runner/work/Renewable-tender-tracker/Renewable-tender-tracker/Python/core/http.py", line 21, in get_text
    raise RuntimeError(f"Unable to fetch {url}: {last_error}")
RuntimeError: Unable to fetch https://www.tantransco.gov.in/: HTTPSConnectionPool(host='www.tantransco.gov.in', port=443): Max retries exceeded with url: / (Caused by NameResolutionError("HTTPSConnection(host='www.tantransco.gov.in', port=443): Failed to resolve 'www.tantransco.gov.in' ([Errno -3] Temporary failure in name resolution)"))
2026-09-07 07:42:22,787 INFO daily_update TANTRANSCO: 0 accepted; Failed
2026-09-07 07:42:24,534 INFO daily_update GRIDCO: 0 accepted; Success
2026-09-07 07:42:26,073 INFO daily_update HAREDA: 0 accepted; Success
2026-09-07 07:42:29,000 INFO daily_update PSPCL: 0 accepted; Success
2026-09-07 07:42:37,541 ERROR connector.UPNEDA Connector failed
Traceback (most recent call last):
  File "/home/runner/work/Renewable-tender-tracker/Renewable-tender-tracker/Python/connectors/base.py", line 50, in run
    result.records = self.parse(self.fetch())
                                ^^^^^^^^^^^^
  File "/home/runner/work/Renewable-tender-tracker/Renewable-tender-tracker/Python/connectors/portals.py", line 24, in fetch
    return super().fetch()
           ^^^^^^^^^^^^^^^
  File "/home/runner/work/Renewable-tender-tracker/Renewable-tender-tracker/Python/connectors/base.py", line 45, in fetch
    return get_text(self.source_url)
           ^^^^^^^^^^^^^^^^^^^^^^^^^
  File "/home/runner/work/Renewable-tender-tracker/Renewable-tender-tracker/Python/core/http.py", line 21, in get_text
    raise RuntimeError(f"Unable to fetch {url}: {last_error}")
RuntimeError: Unable to fetch https://upneda.org.in/: HTTPSConnectionPool(host='upneda.org.in', port=443): Max retries exceeded with url: / (Caused by SSLError(SSLCertVerificationError(1, "[SSL: CERTIFICATE_VERIFY_FAILED] certificate verify failed: Hostname mismatch, certificate is not valid for 'upneda.org.in'. (_ssl.c:1010)")))
2026-09-07 07:42:37,542 INFO daily_update UPNEDA: 0 accepted; Failed
2026-09-07 07:42:38,725 INFO daily_update BSPHCL: 0 accepted; Success
2026-09-08 07:21:34,696 INFO daily_update SECI: 11 accepted; Success
2026-09-08 07:21:35,995 INFO daily_update NTPC REL: 2 accepted; Success
2026-09-08 07:21:53,169 INFO daily_update NHPC: 0 accepted; Success
2026-09-08 07:21:55,549 INFO daily_update SJVN: 1 accepted; Success
2026-09-08 07:26:33,046 ERROR connector.NLCIL Connector failed
Traceback (most recent call last):
  File "/home/runner/work/Renewable-tender-tracker/Renewable-tender-tracker/Python/connectors/base.py", line 50, in run
    result.records = self.parse(self.fetch())
                                ^^^^^^^^^^^^
  File "/home/runner/work/Renewable-tender-tracker/Renewable-tender-tracker/Python/connectors/base.py", line 45, in fetch
    return get_text(self.source_url)
           ^^^^^^^^^^^^^^^^^^^^^^^^^
  File "/home/runner/work/Renewable-tender-tracker/Renewable-tender-tracker/Python/core/http.py", line 21, in get_text
    raise RuntimeError(f"Unable to fetch {url}: {last_error}")
RuntimeError: Unable to fetch https://www.nlcindia.in/: HTTPSConnectionPool(host='www.nlcindia.in', port=443): Max retries exceeded with url: / (Caused by ConnectTimeoutError(<HTTPSConnection(host='www.nlcindia.in', port=443) at 0x7fdb7371aae0>, 'Connection to www.nlcindia.in timed out. (connect timeout=45)'))
2026-09-08 07:26:33,047 INFO daily_update NLCIL: 0 accepted; Failed
2026-09-08 07:26:43,205 ERROR connector.GUVNL (ISTS) Connector failed
Traceback (most recent call last):
  File "/home/runner/work/Renewable-tender-tracker/Renewable-tender-tracker/Python/connectors/base.py", line 50, in run
    result.records = self.parse(self.fetch())
                                ^^^^^^^^^^^^
  File "/home/runner/work/Renewable-tender-tracker/Renewable-tender-tracker/Python/connectors/base.py", line 45, in fetch
    return get_text(self.source_url)
           ^^^^^^^^^^^^^^^^^^^^^^^^^
  File "/home/runner/work/Renewable-tender-tracker/Renewable-tender-tracker/Python/core/http.py", line 21, in get_text
    raise RuntimeError(f"Unable to fetch {url}: {last_error}")
RuntimeError: Unable to fetch https://www.guvnl.com/: HTTPSConnectionPool(host='www.guvnl.com', port=443): Max retries exceeded with url: / (Caused by SSLError(SSLEOFError(8, '[SSL: UNEXPECTED_EOF_WHILE_READING] EOF occurred in violation of protocol (_ssl.c:1010)')))
2026-09-08 07:26:43,205 INFO daily_update GUVNL (ISTS): 0 accepted; Failed
2026-09-08 07:29:05,492 ERROR connector.REMCL Connector failed
Traceback (most recent call last):
  File "/home/runner/work/Renewable-tender-tracker/Renewable-tender-tracker/Python/connectors/base.py", line 50, in run
    result.records = self.parse(self.fetch())
                                ^^^^^^^^^^^^
  File "/home/runner/work/Renewable-tender-tracker/Renewable-tender-tracker/Python/connectors/base.py", line 45, in fetch
    return get_text(self.source_url)
           ^^^^^^^^^^^^^^^^^^^^^^^^^
  File "/home/runner/work/Renewable-tender-tracker/Renewable-tender-tracker/Python/core/http.py", line 21, in get_text
    raise RuntimeError(f"Unable to fetch {url}: {last_error}")
RuntimeError: Unable to fetch https://www.remcl.in/: HTTPSConnectionPool(host='www.remcl.in', port=443): Max retries exceeded with url: / (Caused by ConnectTimeoutError(<HTTPSConnection(host='www.remcl.in', port=443) at 0x7fdb7371b2c0>, 'Connection to www.remcl.in timed out. (connect timeout=45)'))
2026-09-08 07:29:05,493 INFO daily_update REMCL: 0 accepted; Failed
2026-09-08 07:29:07,705 INFO daily_update RUVNL: 0 accepted; Success
2026-09-08 07:29:09,011 INFO daily_update RVPN: 0 accepted; Success
2026-09-08 07:29:10,306 INFO daily_update KREDL: 0 accepted; Success
2026-09-08 07:31:33,465 ERROR connector.KPTCL Connector failed
Traceback (most recent call last):
  File "/home/runner/work/Renewable-tender-tracker/Renewable-tender-tracker/Python/connectors/base.py", line 50, in run
    result.records = self.parse(self.fetch())
                                ^^^^^^^^^^^^
  File "/home/runner/work/Renewable-tender-tracker/Renewable-tender-tracker/Python/connectors/base.py", line 45, in fetch
    return get_text(self.source_url)
           ^^^^^^^^^^^^^^^^^^^^^^^^^
  File "/home/runner/work/Renewable-tender-tracker/Renewable-tender-tracker/Python/core/http.py", line 21, in get_text
    raise RuntimeError(f"Unable to fetch {url}: {last_error}")
RuntimeError: Unable to fetch https://kptcl.karnataka.gov.in/: HTTPSConnectionPool(host='kptcl.karnataka.gov.in', port=443): Max retries exceeded with url: / (Caused by ConnectTimeoutError(<HTTPSConnection(host='kptcl.karnataka.gov.in', port=443) at 0x7fdb735f3e30>, 'Connection to kptcl.karnataka.gov.in timed out. (connect timeout=45)'))
2026-09-08 07:31:33,465 INFO daily_update KPTCL: 0 accepted; Failed
2026-09-08 07:31:41,520 ERROR connector.KPCL Connector failed
Traceback (most recent call last):
  File "/home/runner/work/Renewable-tender-tracker/Renewable-tender-tracker/Python/connectors/base.py", line 50, in run
    result.records = self.parse(self.fetch())
                                ^^^^^^^^^^^^
  File "/home/runner/work/Renewable-tender-tracker/Renewable-tender-tracker/Python/connectors/base.py", line 45, in fetch
    return get_text(self.source_url)
           ^^^^^^^^^^^^^^^^^^^^^^^^^
  File "/home/runner/work/Renewable-tender-tracker/Renewable-tender-tracker/Python/core/http.py", line 21, in get_text
    raise RuntimeError(f"Unable to fetch {url}: {last_error}")
RuntimeError: Unable to fetch https://karnatakapower.com/: HTTPSConnectionPool(host='karnatakapower.com', port=443): Max retries exceeded with url: / (Caused by SSLError(SSLCertVerificationError(1, "[SSL: CERTIFICATE_VERIFY_FAILED] certificate verify failed: Hostname mismatch, certificate is not valid for 'karnatakapower.com'. (_ssl.c:1010)")))
2026-09-08 07:31:41,520 INFO daily_update KPCL: 0 accepted; Failed
2026-09-08 07:31:44,211 INFO daily_update MPUVNL: 0 accepted; Success
2026-09-08 07:31:44,878 INFO daily_update MPPMCL: 0 accepted; Success
2026-09-08 07:31:52,682 ERROR connector.MP Urja Vikas Nigam Connector failed
Traceback (most recent call last):
  File "/home/runner/work/Renewable-tender-tracker/Renewable-tender-tracker/Python/connectors/base.py", line 50, in run
    result.records = self.parse(self.fetch())
                                ^^^^^^^^^^^^
  File "/home/runner/work/Renewable-tender-tracker/Renewable-tender-tracker/Python/connectors/base.py", line 45, in fetch
    return get_text(self.source_url)
           ^^^^^^^^^^^^^^^^^^^^^^^^^
  File "/home/runner/work/Renewable-tender-tracker/Renewable-tender-tracker/Python/core/http.py", line 21, in get_text
    raise RuntimeError(f"Unable to fetch {url}: {last_error}")
RuntimeError: Unable to fetch https://www.mprenewable.nic.in/: HTTPSConnectionPool(host='www.mprenewable.nic.in', port=443): Max retries exceeded with url: / (Caused by NameResolutionError("HTTPSConnection(host='www.mprenewable.nic.in', port=443): Failed to resolve 'www.mprenewable.nic.in' ([Errno -2] Name or service not known)"))
2026-09-08 07:31:52,683 INFO daily_update MP Urja Vikas Nigam: 0 accepted; Failed
2026-09-08 07:31:57,862 INFO daily_update MSEDCL: 0 accepted; Success
2026-09-08 07:31:59,916 INFO daily_update MAHAGENCO: 0 accepted; Success
2026-09-08 07:32:10,025 ERROR connector.GUVNL Connector failed
Traceback (most recent call last):
  File "/home/runner/work/Renewable-tender-tracker/Renewable-tender-tracker/Python/connectors/base.py", line 50, in run
    result.records = self.parse(self.fetch())
                                ^^^^^^^^^^^^
  File "/home/runner/work/Renewable-tender-tracker/Renewable-tender-tracker/Python/connectors/base.py", line 45, in fetch
    return get_text(self.source_url)
           ^^^^^^^^^^^^^^^^^^^^^^^^^
  File "/home/runner/work/Renewable-tender-tracker/Renewable-tender-tracker/Python/core/http.py", line 21, in get_text
    raise RuntimeError(f"Unable to fetch {url}: {last_error}")
RuntimeError: Unable to fetch https://www.guvnl.com/: HTTPSConnectionPool(host='www.guvnl.com', port=443): Max retries exceeded with url: / (Caused by SSLError(SSLEOFError(8, '[SSL: UNEXPECTED_EOF_WHILE_READING] EOF occurred in violation of protocol (_ssl.c:1010)')))
2026-09-08 07:32:10,025 INFO daily_update GUVNL: 0 accepted; Failed
2026-09-08 07:34:33,167 ERROR connector.GPCL Connector failed
Traceback (most recent call last):
  File "/home/runner/work/Renewable-tender-tracker/Renewable-tender-tracker/Python/connectors/base.py", line 50, in run
    result.records = self.parse(self.fetch())
                                ^^^^^^^^^^^^
  File "/home/runner/work/Renewable-tender-tracker/Renewable-tender-tracker/Python/connectors/base.py", line 45, in fetch
    return get_text(self.source_url)
           ^^^^^^^^^^^^^^^^^^^^^^^^^
  File "/home/runner/work/Renewable-tender-tracker/Renewable-tender-tracker/Python/core/http.py", line 21, in get_text
    raise RuntimeError(f"Unable to fetch {url}: {last_error}")
RuntimeError: Unable to fetch https://gpcl.gujarat.gov.in/: HTTPSConnectionPool(host='gpcl.gujarat.gov.in', port=443): Read timed out. (read timeout=45)
2026-09-08 07:34:33,168 INFO daily_update GPCL: 0 accepted; Failed
2026-09-08 07:34:34,439 INFO daily_update APSPDCL: 0 accepted; Success
2026-09-08 07:34:36,543 INFO daily_update APGENCO: 0 accepted; Success
2026-09-08 07:34:46,803 ERROR connector.NREDCAP Connector failed
Traceback (most recent call last):
  File "/home/runner/work/Renewable-tender-tracker/Renewable-tender-tracker/Python/connectors/base.py", line 50, in run
    result.records = self.parse(self.fetch())
                                ^^^^^^^^^^^^
  File "/home/runner/work/Renewable-tender-tracker/Renewable-tender-tracker/Python/connectors/base.py", line 45, in fetch
    return get_text(self.source_url)
           ^^^^^^^^^^^^^^^^^^^^^^^^^
  File "/home/runner/work/Renewable-tender-tracker/Renewable-tender-tracker/Python/core/http.py", line 21, in get_text
    raise RuntimeError(f"Unable to fetch {url}: {last_error}")
RuntimeError: Unable to fetch https://nredcap.in/: HTTPSConnectionPool(host='nredcap.in', port=443): Max retries exceeded with url: / (Caused by SSLError(SSLCertVerificationError(1, '[SSL: CERTIFICATE_VERIFY_FAILED] certificate verify failed: unable to get local issuer certificate (_ssl.c:1010)')))
2026-09-08 07:34:46,804 INFO daily_update NREDCAP: 0 accepted; Failed
2026-09-08 07:34:55,794 ERROR connector.TGNPDCL Connector failed
Traceback (most recent call last):
  File "/home/runner/work/Renewable-tender-tracker/Renewable-tender-tracker/Python/connectors/base.py", line 50, in run
    result.records = self.parse(self.fetch())
                                ^^^^^^^^^^^^
  File "/home/runner/work/Renewable-tender-tracker/Renewable-tender-tracker/Python/connectors/base.py", line 45, in fetch
    return get_text(self.source_url)
           ^^^^^^^^^^^^^^^^^^^^^^^^^
  File "/home/runner/work/Renewable-tender-tracker/Renewable-tender-tracker/Python/core/http.py", line 21, in get_text
    raise RuntimeError(f"Unable to fetch {url}: {last_error}")
RuntimeError: Unable to fetch https://tgnpdcl.com/: HTTPSConnectionPool(host='tgnpdcl.com', port=443): Max retries exceeded with url: / (Caused by SSLError(SSLError(1, '[SSL: SSLV3_ALERT_HANDSHAKE_FAILURE] sslv3 alert handshake failure (_ssl.c:1010)')))
2026-09-08 07:34:55,795 INFO daily_update TGNPDCL: 0 accepted; Failed
2026-09-08 07:35:03,122 ERROR connector.TSSPDCL Connector failed
Traceback (most recent call last):
  File "/home/runner/work/Renewable-tender-tracker/Renewable-tender-tracker/Python/connectors/base.py", line 50, in run
    result.records = self.parse(self.fetch())
                                ^^^^^^^^^^^^
  File "/home/runner/work/Renewable-tender-tracker/Renewable-tender-tracker/Python/connectors/base.py", line 45, in fetch
    return get_text(self.source_url)
           ^^^^^^^^^^^^^^^^^^^^^^^^^
  File "/home/runner/work/Renewable-tender-tracker/Renewable-tender-tracker/Python/core/http.py", line 21, in get_text
    raise RuntimeError(f"Unable to fetch {url}: {last_error}")
RuntimeError: Unable to fetch https://www.tssouthernpower.com/: 403 Client Error: Forbidden for url: https://www.tssouthernpower.com/
2026-09-08 07:35:03,123 INFO daily_update TSSPDCL: 0 accepted; Failed
2026-09-08 07:35:35,969 ERROR connector.TNGECL Connector failed
Traceback (most recent call last):
  File "/home/runner/work/Renewable-tender-tracker/Renewable-tender-tracker/Python/connectors/base.py", line 50, in run
    result.records = self.parse(self.fetch())
                                ^^^^^^^^^^^^
  File "/home/runner/work/Renewable-tender-tracker/Renewable-tender-tracker/Python/connectors/base.py", line 45, in fetch
    return get_text(self.source_url)
           ^^^^^^^^^^^^^^^^^^^^^^^^^
  File "/home/runner/work/Renewable-tender-tracker/Renewable-tender-tracker/Python/core/http.py", line 21, in get_text
    raise RuntimeError(f"Unable to fetch {url}: {last_error}")
RuntimeError: Unable to fetch https://www.tangedco.gov.in/: HTTPSConnectionPool(host='www.tangedco.gov.in', port=443): Max retries exceeded with url: / (Caused by NameResolutionError("HTTPSConnection(host='www.tangedco.gov.in', port=443): Failed to resolve 'www.tangedco.gov.in' ([Errno -3] Temporary failure in name resolution)"))
2026-09-08 07:35:35,969 INFO daily_update TNGECL: 0 accepted; Failed
2026-09-08 07:36:09,204 ERROR connector.TANTRANSCO Connector failed
Traceback (most recent call last):
  File "/home/runner/work/Renewable-tender-tracker/Renewable-tender-tracker/Python/connectors/base.py", line 50, in run
    result.records = self.parse(self.fetch())
                                ^^^^^^^^^^^^
  File "/home/runner/work/Renewable-tender-tracker/Renewable-tender-tracker/Python/connectors/base.py", line 45, in fetch
    return get_text(self.source_url)
           ^^^^^^^^^^^^^^^^^^^^^^^^^
  File "/home/runner/work/Renewable-tender-tracker/Renewable-tender-tracker/Python/core/http.py", line 21, in get_text
    raise RuntimeError(f"Unable to fetch {url}: {last_error}")
RuntimeError: Unable to fetch https://www.tantransco.gov.in/: HTTPSConnectionPool(host='www.tantransco.gov.in', port=443): Max retries exceeded with url: / (Caused by NameResolutionError("HTTPSConnection(host='www.tantransco.gov.in', port=443): Failed to resolve 'www.tantransco.gov.in' ([Errno -3] Temporary failure in name resolution)"))
2026-09-08 07:36:09,204 INFO daily_update TANTRANSCO: 0 accepted; Failed
2026-09-08 07:36:11,006 INFO daily_update GRIDCO: 0 accepted; Success
2026-09-08 07:36:13,113 INFO daily_update HAREDA: 0 accepted; Success
2026-09-08 07:36:16,919 INFO daily_update PSPCL: 0 accepted; Success
2026-09-08 07:36:19,365 INFO daily_update UPNEDA: 0 accepted; Success
2026-09-08 07:36:20,596 INFO daily_update BSPHCL: 0 accepted; Success
2026-09-09 07:30:04,297 INFO daily_update SECI: 11 accepted; Success
2026-09-09 07:30:05,593 INFO daily_update NTPC REL: 3 accepted; Success
2026-09-09 07:30:23,422 INFO daily_update NHPC: 0 accepted; Success
2026-09-09 07:30:25,630 INFO daily_update SJVN: 1 accepted; Success
2026-09-09 07:35:03,032 ERROR connector.NLCIL Connector failed
Traceback (most recent call last):
  File "/home/runner/work/Renewable-tender-tracker/Renewable-tender-tracker/Python/connectors/base.py", line 50, in run
    result.records = self.parse(self.fetch())
                                ^^^^^^^^^^^^
  File "/home/runner/work/Renewable-tender-tracker/Renewable-tender-tracker/Python/connectors/base.py", line 45, in fetch
    return get_text(self.source_url)
           ^^^^^^^^^^^^^^^^^^^^^^^^^
  File "/home/runner/work/Renewable-tender-tracker/Renewable-tender-tracker/Python/core/http.py", line 21, in get_text
    raise RuntimeError(f"Unable to fetch {url}: {last_error}")
RuntimeError: Unable to fetch https://www.nlcindia.in/: HTTPSConnectionPool(host='www.nlcindia.in', port=443): Max retries exceeded with url: / (Caused by ConnectTimeoutError(<HTTPSConnection(host='www.nlcindia.in', port=443) at 0x7fe3ee71fef0>, 'Connection to www.nlcindia.in timed out. (connect timeout=45)'))
2026-09-09 07:35:03,032 INFO daily_update NLCIL: 0 accepted; Failed
2026-09-09 07:35:13,140 ERROR connector.GUVNL (ISTS) Connector failed
Traceback (most recent call last):
  File "/home/runner/work/Renewable-tender-tracker/Renewable-tender-tracker/Python/connectors/base.py", line 50, in run
    result.records = self.parse(self.fetch())
                                ^^^^^^^^^^^^
  File "/home/runner/work/Renewable-tender-tracker/Renewable-tender-tracker/Python/connectors/base.py", line 45, in fetch
    return get_text(self.source_url)
           ^^^^^^^^^^^^^^^^^^^^^^^^^
  File "/home/runner/work/Renewable-tender-tracker/Renewable-tender-tracker/Python/core/http.py", line 21, in get_text
    raise RuntimeError(f"Unable to fetch {url}: {last_error}")
RuntimeError: Unable to fetch https://www.guvnl.com/: HTTPSConnectionPool(host='www.guvnl.com', port=443): Max retries exceeded with url: / (Caused by SSLError(SSLEOFError(8, '[SSL: UNEXPECTED_EOF_WHILE_READING] EOF occurred in violation of protocol (_ssl.c:1010)')))
2026-09-09 07:35:13,141 INFO daily_update GUVNL (ISTS): 0 accepted; Failed
2026-09-09 07:37:35,416 ERROR connector.REMCL Connector failed
Traceback (most recent call last):
  File "/home/runner/work/Renewable-tender-tracker/Renewable-tender-tracker/Python/connectors/base.py", line 50, in run
    result.records = self.parse(self.fetch())
                                ^^^^^^^^^^^^
  File "/home/runner/work/Renewable-tender-tracker/Renewable-tender-tracker/Python/connectors/base.py", line 45, in fetch
    return get_text(self.source_url)
           ^^^^^^^^^^^^^^^^^^^^^^^^^
  File "/home/runner/work/Renewable-tender-tracker/Renewable-tender-tracker/Python/core/http.py", line 21, in get_text
    raise RuntimeError(f"Unable to fetch {url}: {last_error}")
RuntimeError: Unable to fetch https://www.remcl.in/: HTTPSConnectionPool(host='www.remcl.in', port=443): Max retries exceeded with url: / (Caused by ConnectTimeoutError(<HTTPSConnection(host='www.remcl.in', port=443) at 0x7fe3ee74e000>, 'Connection to www.remcl.in timed out. (connect timeout=45)'))
2026-09-09 07:37:35,417 INFO daily_update REMCL: 0 accepted; Failed
2026-09-09 07:37:39,299 INFO daily_update RUVNL: 0 accepted; Success
2026-09-09 07:37:40,591 INFO daily_update RVPN: 0 accepted; Success
2026-09-09 07:37:41,863 INFO daily_update KREDL: 0 accepted; Success
2026-09-09 07:40:04,514 ERROR connector.KPTCL Connector failed
Traceback (most recent call last):
  File "/home/runner/work/Renewable-tender-tracker/Renewable-tender-tracker/Python/connectors/base.py", line 50, in run
    result.records = self.parse(self.fetch())
                                ^^^^^^^^^^^^
  File "/home/runner/work/Renewable-tender-tracker/Renewable-tender-tracker/Python/connectors/base.py", line 45, in fetch
    return get_text(self.source_url)
           ^^^^^^^^^^^^^^^^^^^^^^^^^
  File "/home/runner/work/Renewable-tender-tracker/Renewable-tender-tracker/Python/core/http.py", line 21, in get_text
    raise RuntimeError(f"Unable to fetch {url}: {last_error}")
RuntimeError: Unable to fetch https://kptcl.karnataka.gov.in/: HTTPSConnectionPool(host='kptcl.karnataka.gov.in', port=443): Max retries exceeded with url: / (Caused by ConnectTimeoutError(<HTTPSConnection(host='kptcl.karnataka.gov.in', port=443) at 0x7fe3ee6c2cc0>, 'Connection to kptcl.karnataka.gov.in timed out. (connect timeout=45)'))
2026-09-09 07:40:04,514 INFO daily_update KPTCL: 0 accepted; Failed
2026-09-09 07:40:12,547 ERROR connector.KPCL Connector failed
Traceback (most recent call last):
  File "/home/runner/work/Renewable-tender-tracker/Renewable-tender-tracker/Python/connectors/base.py", line 50, in run
    result.records = self.parse(self.fetch())
                                ^^^^^^^^^^^^
  File "/home/runner/work/Renewable-tender-tracker/Renewable-tender-tracker/Python/connectors/base.py", line 45, in fetch
    return get_text(self.source_url)
           ^^^^^^^^^^^^^^^^^^^^^^^^^
  File "/home/runner/work/Renewable-tender-tracker/Renewable-tender-tracker/Python/core/http.py", line 21, in get_text
    raise RuntimeError(f"Unable to fetch {url}: {last_error}")
RuntimeError: Unable to fetch https://karnatakapower.com/: HTTPSConnectionPool(host='karnatakapower.com', port=443): Max retries exceeded with url: / (Caused by SSLError(SSLCertVerificationError(1, "[SSL: CERTIFICATE_VERIFY_FAILED] certificate verify failed: Hostname mismatch, certificate is not valid for 'karnatakapower.com'. (_ssl.c:1010)")))
2026-09-09 07:40:12,548 INFO daily_update KPCL: 0 accepted; Failed
2026-09-09 07:40:15,553 INFO daily_update MPUVNL: 0 accepted; Success
2026-09-09 07:40:16,129 INFO daily_update MPPMCL: 0 accepted; Success
2026-09-09 07:40:23,902 ERROR connector.MP Urja Vikas Nigam Connector failed
Traceback (most recent call last):
  File "/home/runner/work/Renewable-tender-tracker/Renewable-tender-tracker/Python/connectors/base.py", line 50, in run
    result.records = self.parse(self.fetch())
                                ^^^^^^^^^^^^
  File "/home/runner/work/Renewable-tender-tracker/Renewable-tender-tracker/Python/connectors/base.py", line 45, in fetch
    return get_text(self.source_url)
           ^^^^^^^^^^^^^^^^^^^^^^^^^
  File "/home/runner/work/Renewable-tender-tracker/Renewable-tender-tracker/Python/core/http.py", line 21, in get_text
    raise RuntimeError(f"Unable to fetch {url}: {last_error}")
RuntimeError: Unable to fetch https://www.mprenewable.nic.in/: HTTPSConnectionPool(host='www.mprenewable.nic.in', port=443): Max retries exceeded with url: / (Caused by NameResolutionError("HTTPSConnection(host='www.mprenewable.nic.in', port=443): Failed to resolve 'www.mprenewable.nic.in' ([Errno -2] Name or service not known)"))
2026-09-09 07:40:23,902 INFO daily_update MP Urja Vikas Nigam: 0 accepted; Failed
2026-09-09 07:40:29,108 INFO daily_update MSEDCL: 0 accepted; Success
2026-09-09 07:40:31,310 INFO daily_update MAHAGENCO: 0 accepted; Success
2026-09-09 07:42:58,123 ERROR connector.GUVNL Connector failed
Traceback (most recent call last):
  File "/home/runner/work/Renewable-tender-tracker/Renewable-tender-tracker/Python/connectors/base.py", line 50, in run
    result.records = self.parse(self.fetch())
                                ^^^^^^^^^^^^
  File "/home/runner/work/Renewable-tender-tracker/Renewable-tender-tracker/Python/connectors/base.py", line 45, in fetch
    return get_text(self.source_url)
           ^^^^^^^^^^^^^^^^^^^^^^^^^
  File "/home/runner/work/Renewable-tender-tracker/Renewable-tender-tracker/Python/core/http.py", line 21, in get_text
    raise RuntimeError(f"Unable to fetch {url}: {last_error}")
RuntimeError: Unable to fetch https://www.guvnl.com/: HTTPSConnectionPool(host='www.guvnl.com', port=443): Read timed out.
2026-09-09 07:42:58,123 INFO daily_update GUVNL: 0 accepted; Failed
2026-09-09 07:45:23,462 ERROR connector.GPCL Connector failed
Traceback (most recent call last):
  File "/home/runner/work/Renewable-tender-tracker/Renewable-tender-tracker/Python/connectors/base.py", line 50, in run
    result.records = self.parse(self.fetch())
                                ^^^^^^^^^^^^
  File "/home/runner/work/Renewable-tender-tracker/Renewable-tender-tracker/Python/connectors/base.py", line 45, in fetch
    return get_text(self.source_url)
           ^^^^^^^^^^^^^^^^^^^^^^^^^
  File "/home/runner/work/Renewable-tender-tracker/Renewable-tender-tracker/Python/core/http.py", line 21, in get_text
    raise RuntimeError(f"Unable to fetch {url}: {last_error}")
RuntimeError: Unable to fetch https://gpcl.gujarat.gov.in/: HTTPSConnectionPool(host='gpcl.gujarat.gov.in', port=443): Read timed out. (read timeout=45)
2026-09-09 07:45:23,463 INFO daily_update GPCL: 0 accepted; Failed
2026-09-09 07:45:24,787 INFO daily_update APSPDCL: 0 accepted; Success
2026-09-09 07:45:28,908 INFO daily_update APGENCO: 0 accepted; Success
2026-09-09 07:45:37,723 ERROR connector.NREDCAP Connector failed
Traceback (most recent call last):
  File "/home/runner/work/Renewable-tender-tracker/Renewable-tender-tracker/Python/connectors/base.py", line 50, in run
    result.records = self.parse(self.fetch())
                                ^^^^^^^^^^^^
  File "/home/runner/work/Renewable-tender-tracker/Renewable-tender-tracker/Python/connectors/base.py", line 45, in fetch
    return get_text(self.source_url)
           ^^^^^^^^^^^^^^^^^^^^^^^^^
  File "/home/runner/work/Renewable-tender-tracker/Renewable-tender-tracker/Python/core/http.py", line 21, in get_text
    raise RuntimeError(f"Unable to fetch {url}: {last_error}")
RuntimeError: Unable to fetch https://nredcap.in/: HTTPSConnectionPool(host='nredcap.in', port=443): Max retries exceeded with url: / (Caused by SSLError(SSLCertVerificationError(1, '[SSL: CERTIFICATE_VERIFY_FAILED] certificate verify failed: unable to get local issuer certificate (_ssl.c:1010)')))
2026-09-09 07:45:37,724 INFO daily_update NREDCAP: 0 accepted; Failed
2026-09-09 07:45:46,553 ERROR connector.TGNPDCL Connector failed
Traceback (most recent call last):
  File "/home/runner/work/Renewable-tender-tracker/Renewable-tender-tracker/Python/connectors/base.py", line 50, in run
    result.records = self.parse(self.fetch())
                                ^^^^^^^^^^^^
  File "/home/runner/work/Renewable-tender-tracker/Renewable-tender-tracker/Python/connectors/base.py", line 45, in fetch
    return get_text(self.source_url)
           ^^^^^^^^^^^^^^^^^^^^^^^^^
  File "/home/runner/work/Renewable-tender-tracker/Renewable-tender-tracker/Python/core/http.py", line 21, in get_text
    raise RuntimeError(f"Unable to fetch {url}: {last_error}")
RuntimeError: Unable to fetch https://tgnpdcl.com/: HTTPSConnectionPool(host='tgnpdcl.com', port=443): Max retries exceeded with url: / (Caused by SSLError(SSLError(1, '[SSL: SSLV3_ALERT_HANDSHAKE_FAILURE] sslv3 alert handshake failure (_ssl.c:1010)')))
2026-09-09 07:45:46,553 INFO daily_update TGNPDCL: 0 accepted; Failed
2026-09-09 07:45:53,835 ERROR connector.TSSPDCL Connector failed
Traceback (most recent call last):
  File "/home/runner/work/Renewable-tender-tracker/Renewable-tender-tracker/Python/connectors/base.py", line 50, in run
    result.records = self.parse(self.fetch())
                                ^^^^^^^^^^^^
  File "/home/runner/work/Renewable-tender-tracker/Renewable-tender-tracker/Python/connectors/base.py", line 45, in fetch
    return get_text(self.source_url)
           ^^^^^^^^^^^^^^^^^^^^^^^^^
  File "/home/runner/work/Renewable-tender-tracker/Renewable-tender-tracker/Python/core/http.py", line 21, in get_text
    raise RuntimeError(f"Unable to fetch {url}: {last_error}")
RuntimeError: Unable to fetch https://www.tssouthernpower.com/: 403 Client Error: Forbidden for url: https://www.tssouthernpower.com/
2026-09-09 07:45:53,836 INFO daily_update TSSPDCL: 0 accepted; Failed
2026-09-09 07:46:30,910 ERROR connector.TNGECL Connector failed
Traceback (most recent call last):
  File "/home/runner/work/Renewable-tender-tracker/Renewable-tender-tracker/Python/connectors/base.py", line 50, in run
    result.records = self.parse(self.fetch())
                                ^^^^^^^^^^^^
  File "/home/runner/work/Renewable-tender-tracker/Renewable-tender-tracker/Python/connectors/base.py", line 45, in fetch
    return get_text(self.source_url)
           ^^^^^^^^^^^^^^^^^^^^^^^^^
  File "/home/runner/work/Renewable-tender-tracker/Renewable-tender-tracker/Python/core/http.py", line 21, in get_text
    raise RuntimeError(f"Unable to fetch {url}: {last_error}")
RuntimeError: Unable to fetch https://www.tangedco.gov.in/: HTTPSConnectionPool(host='www.tangedco.gov.in', port=443): Max retries exceeded with url: / (Caused by NameResolutionError("HTTPSConnection(host='www.tangedco.gov.in', port=443): Failed to resolve 'www.tangedco.gov.in' ([Errno -3] Temporary failure in name resolution)"))
2026-09-09 07:46:30,911 INFO daily_update TNGECL: 0 accepted; Failed
2026-09-09 07:47:04,179 ERROR connector.TANTRANSCO Connector failed
Traceback (most recent call last):
  File "/home/runner/work/Renewable-tender-tracker/Renewable-tender-tracker/Python/connectors/base.py", line 50, in run
    result.records = self.parse(self.fetch())
                                ^^^^^^^^^^^^
  File "/home/runner/work/Renewable-tender-tracker/Renewable-tender-tracker/Python/connectors/base.py", line 45, in fetch
    return get_text(self.source_url)
           ^^^^^^^^^^^^^^^^^^^^^^^^^
  File "/home/runner/work/Renewable-tender-tracker/Renewable-tender-tracker/Python/core/http.py", line 21, in get_text
    raise RuntimeError(f"Unable to fetch {url}: {last_error}")
RuntimeError: Unable to fetch https://www.tantransco.gov.in/: HTTPSConnectionPool(host='www.tantransco.gov.in', port=443): Max retries exceeded with url: / (Caused by NameResolutionError("HTTPSConnection(host='www.tantransco.gov.in', port=443): Failed to resolve 'www.tantransco.gov.in' ([Errno -3] Temporary failure in name resolution)"))
2026-09-09 07:47:04,180 INFO daily_update TANTRANSCO: 0 accepted; Failed
2026-09-09 07:47:05,977 INFO daily_update GRIDCO: 0 accepted; Success
2026-09-09 07:47:08,348 INFO daily_update HAREDA: 0 accepted; Success
2026-09-09 07:47:12,175 INFO daily_update PSPCL: 0 accepted; Success
2026-09-09 07:47:14,871 INFO daily_update UPNEDA: 0 accepted; Success
2026-09-09 07:47:15,989 INFO daily_update BSPHCL: 0 accepted; Success
2026-09-10 07:26:29,435 INFO daily_update SECI: 12 accepted; Success
2026-09-10 07:26:32,344 INFO daily_update NTPC REL: 4 accepted; Success
2026-09-10 07:26:49,586 INFO daily_update NHPC: 0 accepted; Success
2026-09-10 07:26:51,315 INFO daily_update SJVN: 0 accepted; Success
2026-09-10 07:31:28,766 ERROR connector.NLCIL Connector failed
Traceback (most recent call last):
  File "/home/runner/work/Renewable-tender-tracker/Renewable-tender-tracker/Python/connectors/base.py", line 50, in run
    result.records = self.parse(self.fetch())
                                ^^^^^^^^^^^^
  File "/home/runner/work/Renewable-tender-tracker/Renewable-tender-tracker/Python/connectors/base.py", line 45, in fetch
    return get_text(self.source_url)
           ^^^^^^^^^^^^^^^^^^^^^^^^^
  File "/home/runner/work/Renewable-tender-tracker/Renewable-tender-tracker/Python/core/http.py", line 21, in get_text
    raise RuntimeError(f"Unable to fetch {url}: {last_error}")
RuntimeError: Unable to fetch https://www.nlcindia.in/: HTTPSConnectionPool(host='www.nlcindia.in', port=443): Max retries exceeded with url: / (Caused by ConnectTimeoutError(<HTTPSConnection(host='www.nlcindia.in', port=443) at 0x7f1918e5a420>, 'Connection to www.nlcindia.in timed out. (connect timeout=45)'))
2026-09-10 07:31:28,767 INFO daily_update NLCIL: 0 accepted; Failed
2026-09-10 07:33:55,435 ERROR connector.GUVNL (ISTS) Connector failed
Traceback (most recent call last):
  File "/home/runner/work/Renewable-tender-tracker/Renewable-tender-tracker/Python/connectors/base.py", line 50, in run
    result.records = self.parse(self.fetch())
                                ^^^^^^^^^^^^
  File "/home/runner/work/Renewable-tender-tracker/Renewable-tender-tracker/Python/connectors/base.py", line 45, in fetch
    return get_text(self.source_url)
           ^^^^^^^^^^^^^^^^^^^^^^^^^
  File "/home/runner/work/Renewable-tender-tracker/Renewable-tender-tracker/Python/core/http.py", line 21, in get_text
    raise RuntimeError(f"Unable to fetch {url}: {last_error}")
RuntimeError: Unable to fetch https://www.guvnl.com/: HTTPSConnectionPool(host='www.guvnl.com', port=443): Read timed out.
2026-09-10 07:33:55,436 INFO daily_update GUVNL (ISTS): 0 accepted; Failed
2026-09-10 07:36:17,653 ERROR connector.REMCL Connector failed
Traceback (most recent call last):
  File "/home/runner/work/Renewable-tender-tracker/Renewable-tender-tracker/Python/connectors/base.py", line 50, in run
    result.records = self.parse(self.fetch())
                                ^^^^^^^^^^^^
  File "/home/runner/work/Renewable-tender-tracker/Renewable-tender-tracker/Python/connectors/base.py", line 45, in fetch
    return get_text(self.source_url)
           ^^^^^^^^^^^^^^^^^^^^^^^^^
  File "/home/runner/work/Renewable-tender-tracker/Renewable-tender-tracker/Python/core/http.py", line 21, in get_text
    raise RuntimeError(f"Unable to fetch {url}: {last_error}")
RuntimeError: Unable to fetch https://www.remcl.in/: HTTPSConnectionPool(host='www.remcl.in', port=443): Max retries exceeded with url: / (Caused by ConnectTimeoutError(<HTTPSConnection(host='www.remcl.in', port=443) at 0x7f1918e80fe0>, 'Connection to www.remcl.in timed out. (connect timeout=45)'))
2026-09-10 07:36:17,654 INFO daily_update REMCL: 0 accepted; Failed
2026-09-10 07:36:19,548 INFO daily_update RUVNL: 0 accepted; Success
2026-09-10 07:36:20,815 INFO daily_update RVPN: 0 accepted; Success
2026-09-10 07:36:21,889 INFO daily_update KREDL: 0 accepted; Success
2026-09-10 07:38:44,984 ERROR connector.KPTCL Connector failed
Traceback (most recent call last):
  File "/home/runner/work/Renewable-tender-tracker/Renewable-tender-tracker/Python/connectors/base.py", line 50, in run
    result.records = self.parse(self.fetch())
                                ^^^^^^^^^^^^
  File "/home/runner/work/Renewable-tender-tracker/Renewable-tender-tracker/Python/connectors/base.py", line 45, in fetch
    return get_text(self.source_url)
           ^^^^^^^^^^^^^^^^^^^^^^^^^
  File "/home/runner/work/Renewable-tender-tracker/Renewable-tender-tracker/Python/core/http.py", line 21, in get_text
    raise RuntimeError(f"Unable to fetch {url}: {last_error}")
RuntimeError: Unable to fetch https://kptcl.karnataka.gov.in/: HTTPSConnectionPool(host='kptcl.karnataka.gov.in', port=443): Max retries exceeded with url: / (Caused by ConnectTimeoutError(<HTTPSConnection(host='kptcl.karnataka.gov.in', port=443) at 0x7f1918f6b380>, 'Connection to kptcl.karnataka.gov.in timed out. (connect timeout=45)'))
2026-09-10 07:38:44,985 INFO daily_update KPTCL: 0 accepted; Failed
2026-09-10 07:38:52,592 ERROR connector.KPCL Connector failed
Traceback (most recent call last):
  File "/home/runner/work/Renewable-tender-tracker/Renewable-tender-tracker/Python/connectors/base.py", line 50, in run
    result.records = self.parse(self.fetch())
                                ^^^^^^^^^^^^
  File "/home/runner/work/Renewable-tender-tracker/Renewable-tender-tracker/Python/connectors/base.py", line 45, in fetch
    return get_text(self.source_url)
           ^^^^^^^^^^^^^^^^^^^^^^^^^
  File "/home/runner/work/Renewable-tender-tracker/Renewable-tender-tracker/Python/core/http.py", line 21, in get_text
    raise RuntimeError(f"Unable to fetch {url}: {last_error}")
RuntimeError: Unable to fetch https://karnatakapower.com/: HTTPSConnectionPool(host='karnatakapower.com', port=443): Max retries exceeded with url: / (Caused by SSLError(SSLCertVerificationError(1, "[SSL: CERTIFICATE_VERIFY_FAILED] certificate verify failed: Hostname mismatch, certificate is not valid for 'karnatakapower.com'. (_ssl.c:1010)")))
2026-09-10 07:38:52,593 INFO daily_update KPCL: 0 accepted; Failed
2026-09-10 07:38:54,771 INFO daily_update MPUVNL: 0 accepted; Success
2026-09-10 07:38:55,161 INFO daily_update MPPMCL: 0 accepted; Success
2026-09-10 07:39:03,044 ERROR connector.MP Urja Vikas Nigam Connector failed
Traceback (most recent call last):
  File "/home/runner/work/Renewable-tender-tracker/Renewable-tender-tracker/Python/connectors/base.py", line 50, in run
    result.records = self.parse(self.fetch())
                                ^^^^^^^^^^^^
  File "/home/runner/work/Renewable-tender-tracker/Renewable-tender-tracker/Python/connectors/base.py", line 45, in fetch
    return get_text(self.source_url)
           ^^^^^^^^^^^^^^^^^^^^^^^^^
  File "/home/runner/work/Renewable-tender-tracker/Renewable-tender-tracker/Python/core/http.py", line 21, in get_text
    raise RuntimeError(f"Unable to fetch {url}: {last_error}")
RuntimeError: Unable to fetch https://www.mprenewable.nic.in/: HTTPSConnectionPool(host='www.mprenewable.nic.in', port=443): Max retries exceeded with url: / (Caused by NameResolutionError("HTTPSConnection(host='www.mprenewable.nic.in', port=443): Failed to resolve 'www.mprenewable.nic.in' ([Errno -2] Name or service not known)"))
2026-09-10 07:39:03,045 INFO daily_update MP Urja Vikas Nigam: 0 accepted; Failed
2026-09-10 07:39:07,673 INFO daily_update MSEDCL: 0 accepted; Success
2026-09-10 07:39:09,480 INFO daily_update MAHAGENCO: 0 accepted; Success
2026-09-10 07:41:36,813 ERROR connector.GUVNL Connector failed
Traceback (most recent call last):
  File "/home/runner/work/Renewable-tender-tracker/Renewable-tender-tracker/Python/connectors/base.py", line 50, in run
    result.records = self.parse(self.fetch())
                                ^^^^^^^^^^^^
  File "/home/runner/work/Renewable-tender-tracker/Renewable-tender-tracker/Python/connectors/base.py", line 45, in fetch
    return get_text(self.source_url)
           ^^^^^^^^^^^^^^^^^^^^^^^^^
  File "/home/runner/work/Renewable-tender-tracker/Renewable-tender-tracker/Python/core/http.py", line 21, in get_text
    raise RuntimeError(f"Unable to fetch {url}: {last_error}")
RuntimeError: Unable to fetch https://www.guvnl.com/: HTTPSConnectionPool(host='www.guvnl.com', port=443): Read timed out.
2026-09-10 07:41:36,814 INFO daily_update GUVNL: 0 accepted; Failed
2026-09-10 07:44:02,543 ERROR connector.GPCL Connector failed
Traceback (most recent call last):
  File "/home/runner/work/Renewable-tender-tracker/Renewable-tender-tracker/Python/connectors/base.py", line 50, in run
    result.records = self.parse(self.fetch())
                                ^^^^^^^^^^^^
  File "/home/runner/work/Renewable-tender-tracker/Renewable-tender-tracker/Python/connectors/base.py", line 45, in fetch
    return get_text(self.source_url)
           ^^^^^^^^^^^^^^^^^^^^^^^^^
  File "/home/runner/work/Renewable-tender-tracker/Renewable-tender-tracker/Python/core/http.py", line 21, in get_text
    raise RuntimeError(f"Unable to fetch {url}: {last_error}")
RuntimeError: Unable to fetch https://gpcl.gujarat.gov.in/: HTTPSConnectionPool(host='gpcl.gujarat.gov.in', port=443): Read timed out. (read timeout=45)
2026-09-10 07:44:02,544 INFO daily_update GPCL: 0 accepted; Failed
2026-09-10 07:44:03,626 INFO daily_update APSPDCL: 0 accepted; Success
2026-09-10 07:44:05,611 INFO daily_update APGENCO: 0 accepted; Success
2026-09-10 07:44:14,610 ERROR connector.NREDCAP Connector failed
Traceback (most recent call last):
  File "/home/runner/work/Renewable-tender-tracker/Renewable-tender-tracker/Python/connectors/base.py", line 50, in run
    result.records = self.parse(self.fetch())
                                ^^^^^^^^^^^^
  File "/home/runner/work/Renewable-tender-tracker/Renewable-tender-tracker/Python/connectors/base.py", line 45, in fetch
    return get_text(self.source_url)
           ^^^^^^^^^^^^^^^^^^^^^^^^^
  File "/home/runner/work/Renewable-tender-tracker/Renewable-tender-tracker/Python/core/http.py", line 21, in get_text
    raise RuntimeError(f"Unable to fetch {url}: {last_error}")
RuntimeError: Unable to fetch https://nredcap.in/: HTTPSConnectionPool(host='nredcap.in', port=443): Max retries exceeded with url: / (Caused by SSLError(SSLCertVerificationError(1, '[SSL: CERTIFICATE_VERIFY_FAILED] certificate verify failed: unable to get local issuer certificate (_ssl.c:1010)')))
2026-09-10 07:44:14,610 INFO daily_update NREDCAP: 0 accepted; Failed
2026-09-10 07:44:23,108 ERROR connector.TGNPDCL Connector failed
Traceback (most recent call last):
  File "/home/runner/work/Renewable-tender-tracker/Renewable-tender-tracker/Python/connectors/base.py", line 50, in run
    result.records = self.parse(self.fetch())
                                ^^^^^^^^^^^^
  File "/home/runner/work/Renewable-tender-tracker/Renewable-tender-tracker/Python/connectors/base.py", line 45, in fetch
    return get_text(self.source_url)
           ^^^^^^^^^^^^^^^^^^^^^^^^^
  File "/home/runner/work/Renewable-tender-tracker/Renewable-tender-tracker/Python/core/http.py", line 21, in get_text
    raise RuntimeError(f"Unable to fetch {url}: {last_error}")
RuntimeError: Unable to fetch https://tgnpdcl.com/: HTTPSConnectionPool(host='tgnpdcl.com', port=443): Max retries exceeded with url: / (Caused by SSLError(SSLError(1, '[SSL: SSLV3_ALERT_HANDSHAKE_FAILURE] sslv3 alert handshake failure (_ssl.c:1010)')))
2026-09-10 07:44:23,109 INFO daily_update TGNPDCL: 0 accepted; Failed
2026-09-10 07:44:30,317 ERROR connector.TSSPDCL Connector failed
Traceback (most recent call last):
  File "/home/runner/work/Renewable-tender-tracker/Renewable-tender-tracker/Python/connectors/base.py", line 50, in run
    result.records = self.parse(self.fetch())
                                ^^^^^^^^^^^^
  File "/home/runner/work/Renewable-tender-tracker/Renewable-tender-tracker/Python/connectors/base.py", line 45, in fetch
    return get_text(self.source_url)
           ^^^^^^^^^^^^^^^^^^^^^^^^^
  File "/home/runner/work/Renewable-tender-tracker/Renewable-tender-tracker/Python/core/http.py", line 21, in get_text
    raise RuntimeError(f"Unable to fetch {url}: {last_error}")
RuntimeError: Unable to fetch https://www.tssouthernpower.com/: 403 Client Error: Forbidden for url: https://www.tssouthernpower.com/
2026-09-10 07:44:30,318 INFO daily_update TSSPDCL: 0 accepted; Failed
2026-09-10 07:45:04,501 ERROR connector.TNGECL Connector failed
Traceback (most recent call last):
  File "/home/runner/work/Renewable-tender-tracker/Renewable-tender-tracker/Python/connectors/base.py", line 50, in run
    result.records = self.parse(self.fetch())
                                ^^^^^^^^^^^^
  File "/home/runner/work/Renewable-tender-tracker/Renewable-tender-tracker/Python/connectors/base.py", line 45, in fetch
    return get_text(self.source_url)
           ^^^^^^^^^^^^^^^^^^^^^^^^^
  File "/home/runner/work/Renewable-tender-tracker/Renewable-tender-tracker/Python/core/http.py", line 21, in get_text
    raise RuntimeError(f"Unable to fetch {url}: {last_error}")
RuntimeError: Unable to fetch https://www.tangedco.gov.in/: HTTPSConnectionPool(host='www.tangedco.gov.in', port=443): Max retries exceeded with url: / (Caused by NameResolutionError("HTTPSConnection(host='www.tangedco.gov.in', port=443): Failed to resolve 'www.tangedco.gov.in' ([Errno -3] Temporary failure in name resolution)"))
2026-09-10 07:45:04,501 INFO daily_update TNGECL: 0 accepted; Failed
2026-09-10 07:45:35,454 ERROR connector.TANTRANSCO Connector failed
Traceback (most recent call last):
  File "/home/runner/work/Renewable-tender-tracker/Renewable-tender-tracker/Python/connectors/base.py", line 50, in run
    result.records = self.parse(self.fetch())
                                ^^^^^^^^^^^^
  File "/home/runner/work/Renewable-tender-tracker/Renewable-tender-tracker/Python/connectors/base.py", line 45, in fetch
    return get_text(self.source_url)
           ^^^^^^^^^^^^^^^^^^^^^^^^^
  File "/home/runner/work/Renewable-tender-tracker/Renewable-tender-tracker/Python/core/http.py", line 21, in get_text
    raise RuntimeError(f"Unable to fetch {url}: {last_error}")
RuntimeError: Unable to fetch https://www.tantransco.gov.in/: HTTPSConnectionPool(host='www.tantransco.gov.in', port=443): Max retries exceeded with url: / (Caused by NameResolutionError("HTTPSConnection(host='www.tantransco.gov.in', port=443): Failed to resolve 'www.tantransco.gov.in' ([Errno -3] Temporary failure in name resolution)"))
2026-09-10 07:45:35,455 INFO daily_update TANTRANSCO: 0 accepted; Failed
2026-09-10 07:45:37,132 INFO daily_update GRIDCO: 0 accepted; Success
2026-09-10 07:45:38,873 INFO daily_update HAREDA: 0 accepted; Success
2026-09-10 07:45:42,363 INFO daily_update PSPCL: 0 accepted; Success
2026-09-10 07:45:44,432 INFO daily_update UPNEDA: 0 accepted; Success
2026-09-10 07:45:45,594 INFO daily_update BSPHCL: 0 accepted; Success
2026-09-11 07:25:07,996 INFO daily_update SECI: 12 accepted; Success
2026-09-11 07:25:09,210 INFO daily_update NTPC REL: 3 accepted; Success
2026-09-11 07:25:27,164 INFO daily_update NHPC: 0 accepted; Success
2026-09-11 07:25:28,930 INFO daily_update SJVN: 1 accepted; Success
2026-09-11 07:30:06,279 ERROR connector.NLCIL Connector failed
Traceback (most recent call last):
  File "/home/runner/work/Renewable-tender-tracker/Renewable-tender-tracker/Python/connectors/base.py", line 50, in run
    result.records = self.parse(self.fetch())
                                ^^^^^^^^^^^^
  File "/home/runner/work/Renewable-tender-tracker/Renewable-tender-tracker/Python/connectors/base.py", line 45, in fetch
    return get_text(self.source_url)
           ^^^^^^^^^^^^^^^^^^^^^^^^^
  File "/home/runner/work/Renewable-tender-tracker/Renewable-tender-tracker/Python/core/http.py", line 21, in get_text
    raise RuntimeError(f"Unable to fetch {url}: {last_error}")
RuntimeError: Unable to fetch https://www.nlcindia.in/: HTTPSConnectionPool(host='www.nlcindia.in', port=443): Max retries exceeded with url: / (Caused by ConnectTimeoutError(<HTTPSConnection(host='www.nlcindia.in', port=443) at 0x7fdd71f62b40>, 'Connection to www.nlcindia.in timed out. (connect timeout=45)'))
2026-09-11 07:30:06,280 INFO daily_update NLCIL: 0 accepted; Failed
2026-09-11 07:32:32,790 ERROR connector.GUVNL (ISTS) Connector failed
Traceback (most recent call last):
  File "/home/runner/work/Renewable-tender-tracker/Renewable-tender-tracker/Python/connectors/base.py", line 50, in run
    result.records = self.parse(self.fetch())
                                ^^^^^^^^^^^^
  File "/home/runner/work/Renewable-tender-tracker/Renewable-tender-tracker/Python/connectors/base.py", line 45, in fetch
    return get_text(self.source_url)
           ^^^^^^^^^^^^^^^^^^^^^^^^^
  File "/home/runner/work/Renewable-tender-tracker/Renewable-tender-tracker/Python/core/http.py", line 21, in get_text
    raise RuntimeError(f"Unable to fetch {url}: {last_error}")
RuntimeError: Unable to fetch https://www.guvnl.com/: HTTPSConnectionPool(host='www.guvnl.com', port=443): Read timed out.
2026-09-11 07:32:32,792 INFO daily_update GUVNL (ISTS): 0 accepted; Failed
2026-09-11 07:34:55,035 ERROR connector.REMCL Connector failed
Traceback (most recent call last):
  File "/home/runner/work/Renewable-tender-tracker/Renewable-tender-tracker/Python/connectors/base.py", line 50, in run
    result.records = self.parse(self.fetch())
                                ^^^^^^^^^^^^
  File "/home/runner/work/Renewable-tender-tracker/Renewable-tender-tracker/Python/connectors/base.py", line 45, in fetch
    return get_text(self.source_url)
           ^^^^^^^^^^^^^^^^^^^^^^^^^
  File "/home/runner/work/Renewable-tender-tracker/Renewable-tender-tracker/Python/core/http.py", line 21, in get_text
    raise RuntimeError(f"Unable to fetch {url}: {last_error}")
RuntimeError: Unable to fetch https://www.remcl.in/: HTTPSConnectionPool(host='www.remcl.in', port=443): Max retries exceeded with url: / (Caused by ConnectTimeoutError(<HTTPSConnection(host='www.remcl.in', port=443) at 0x7fdd71d961b0>, 'Connection to www.remcl.in timed out. (connect timeout=45)'))
2026-09-11 07:34:55,035 INFO daily_update REMCL: 0 accepted; Failed
2026-09-11 07:34:57,406 INFO daily_update RUVNL: 0 accepted; Success
2026-09-11 07:34:58,680 INFO daily_update RVPN: 0 accepted; Success
2026-09-11 07:34:59,960 INFO daily_update KREDL: 0 accepted; Success
2026-09-11 07:37:23,187 ERROR connector.KPTCL Connector failed
Traceback (most recent call last):
  File "/home/runner/work/Renewable-tender-tracker/Renewable-tender-tracker/Python/connectors/base.py", line 50, in run
    result.records = self.parse(self.fetch())
                                ^^^^^^^^^^^^
  File "/home/runner/work/Renewable-tender-tracker/Renewable-tender-tracker/Python/connectors/base.py", line 45, in fetch
    return get_text(self.source_url)
           ^^^^^^^^^^^^^^^^^^^^^^^^^
  File "/home/runner/work/Renewable-tender-tracker/Renewable-tender-tracker/Python/core/http.py", line 21, in get_text
    raise RuntimeError(f"Unable to fetch {url}: {last_error}")
RuntimeError: Unable to fetch https://kptcl.karnataka.gov.in/: HTTPSConnectionPool(host='kptcl.karnataka.gov.in', port=443): Max retries exceeded with url: / (Caused by ConnectTimeoutError(<HTTPSConnection(host='kptcl.karnataka.gov.in', port=443) at 0x7fdd6edc2720>, 'Connection to kptcl.karnataka.gov.in timed out. (connect timeout=45)'))
2026-09-11 07:37:23,188 INFO daily_update KPTCL: 0 accepted; Failed
2026-09-11 07:37:30,830 ERROR connector.KPCL Connector failed
Traceback (most recent call last):
  File "/home/runner/work/Renewable-tender-tracker/Renewable-tender-tracker/Python/connectors/base.py", line 50, in run
    result.records = self.parse(self.fetch())
                                ^^^^^^^^^^^^
  File "/home/runner/work/Renewable-tender-tracker/Renewable-tender-tracker/Python/connectors/base.py", line 45, in fetch
    return get_text(self.source_url)
           ^^^^^^^^^^^^^^^^^^^^^^^^^
  File "/home/runner/work/Renewable-tender-tracker/Renewable-tender-tracker/Python/core/http.py", line 21, in get_text
    raise RuntimeError(f"Unable to fetch {url}: {last_error}")
RuntimeError: Unable to fetch https://karnatakapower.com/: HTTPSConnectionPool(host='karnatakapower.com', port=443): Max retries exceeded with url: / (Caused by SSLError(SSLCertVerificationError(1, "[SSL: CERTIFICATE_VERIFY_FAILED] certificate verify failed: Hostname mismatch, certificate is not valid for 'karnatakapower.com'. (_ssl.c:1010)")))
2026-09-11 07:37:30,830 INFO daily_update KPCL: 0 accepted; Failed
2026-09-11 07:37:32,740 INFO daily_update MPUVNL: 0 accepted; Success
2026-09-11 07:37:33,200 INFO daily_update MPPMCL: 0 accepted; Success
2026-09-11 07:37:40,933 ERROR connector.MP Urja Vikas Nigam Connector failed
Traceback (most recent call last):
  File "/home/runner/work/Renewable-tender-tracker/Renewable-tender-tracker/Python/connectors/base.py", line 50, in run
    result.records = self.parse(self.fetch())
                                ^^^^^^^^^^^^
  File "/home/runner/work/Renewable-tender-tracker/Renewable-tender-tracker/Python/connectors/base.py", line 45, in fetch
    return get_text(self.source_url)
           ^^^^^^^^^^^^^^^^^^^^^^^^^
  File "/home/runner/work/Renewable-tender-tracker/Renewable-tender-tracker/Python/core/http.py", line 21, in get_text
    raise RuntimeError(f"Unable to fetch {url}: {last_error}")
RuntimeError: Unable to fetch https://www.mprenewable.nic.in/: HTTPSConnectionPool(host='www.mprenewable.nic.in', port=443): Max retries exceeded with url: / (Caused by NameResolutionError("HTTPSConnection(host='www.mprenewable.nic.in', port=443): Failed to resolve 'www.mprenewable.nic.in' ([Errno -2] Name or service not known)"))
2026-09-11 07:37:40,933 INFO daily_update MP Urja Vikas Nigam: 0 accepted; Failed
2026-09-11 07:38:25,871 INFO daily_update MSEDCL: 0 accepted; Success
2026-09-11 07:38:27,859 INFO daily_update MAHAGENCO: 0 accepted; Success
2026-09-11 07:40:54,714 ERROR connector.GUVNL Connector failed
Traceback (most recent call last):
  File "/home/runner/work/Renewable-tender-tracker/Renewable-tender-tracker/Python/connectors/base.py", line 50, in run
    result.records = self.parse(self.fetch())
                                ^^^^^^^^^^^^
  File "/home/runner/work/Renewable-tender-tracker/Renewable-tender-tracker/Python/connectors/base.py", line 45, in fetch
    return get_text(self.source_url)
           ^^^^^^^^^^^^^^^^^^^^^^^^^
  File "/home/runner/work/Renewable-tender-tracker/Renewable-tender-tracker/Python/core/http.py", line 21, in get_text
    raise RuntimeError(f"Unable to fetch {url}: {last_error}")
RuntimeError: Unable to fetch https://www.guvnl.com/: HTTPSConnectionPool(host='www.guvnl.com', port=443): Read timed out.
2026-09-11 07:40:54,715 INFO daily_update GUVNL: 0 accepted; Failed
2026-09-11 07:43:18,095 ERROR connector.GPCL Connector failed
Traceback (most recent call last):
  File "/home/runner/work/Renewable-tender-tracker/Renewable-tender-tracker/Python/connectors/base.py", line 50, in run
    result.records = self.parse(self.fetch())
                                ^^^^^^^^^^^^
  File "/home/runner/work/Renewable-tender-tracker/Renewable-tender-tracker/Python/connectors/base.py", line 45, in fetch
    return get_text(self.source_url)
           ^^^^^^^^^^^^^^^^^^^^^^^^^
  File "/home/runner/work/Renewable-tender-tracker/Renewable-tender-tracker/Python/core/http.py", line 21, in get_text
    raise RuntimeError(f"Unable to fetch {url}: {last_error}")
RuntimeError: Unable to fetch https://gpcl.gujarat.gov.in/: HTTPSConnectionPool(host='gpcl.gujarat.gov.in', port=443): Read timed out. (read timeout=45)
2026-09-11 07:43:18,096 INFO daily_update GPCL: 0 accepted; Failed
2026-09-11 07:43:19,334 INFO daily_update APSPDCL: 0 accepted; Success
2026-09-11 07:43:21,386 INFO daily_update APGENCO: 0 accepted; Success
2026-09-11 07:43:30,366 ERROR connector.NREDCAP Connector failed
Traceback (most recent call last):
  File "/home/runner/work/Renewable-tender-tracker/Renewable-tender-tracker/Python/connectors/base.py", line 50, in run
    result.records = self.parse(self.fetch())
                                ^^^^^^^^^^^^
  File "/home/runner/work/Renewable-tender-tracker/Renewable-tender-tracker/Python/connectors/base.py", line 45, in fetch
    return get_text(self.source_url)
           ^^^^^^^^^^^^^^^^^^^^^^^^^
  File "/home/runner/work/Renewable-tender-tracker/Renewable-tender-tracker/Python/core/http.py", line 21, in get_text
    raise RuntimeError(f"Unable to fetch {url}: {last_error}")
RuntimeError: Unable to fetch https://nredcap.in/: HTTPSConnectionPool(host='nredcap.in', port=443): Max retries exceeded with url: / (Caused by SSLError(SSLCertVerificationError(1, '[SSL: CERTIFICATE_VERIFY_FAILED] certificate verify failed: unable to get local issuer certificate (_ssl.c:1010)')))
2026-09-11 07:43:30,368 INFO daily_update NREDCAP: 0 accepted; Failed
2026-09-11 07:43:38,881 ERROR connector.TGNPDCL Connector failed
Traceback (most recent call last):
  File "/home/runner/work/Renewable-tender-tracker/Renewable-tender-tracker/Python/connectors/base.py", line 50, in run
    result.records = self.parse(self.fetch())
                                ^^^^^^^^^^^^
  File "/home/runner/work/Renewable-tender-tracker/Renewable-tender-tracker/Python/connectors/base.py", line 45, in fetch
    return get_text(self.source_url)
           ^^^^^^^^^^^^^^^^^^^^^^^^^
  File "/home/runner/work/Renewable-tender-tracker/Renewable-tender-tracker/Python/core/http.py", line 21, in get_text
    raise RuntimeError(f"Unable to fetch {url}: {last_error}")
RuntimeError: Unable to fetch https://tgnpdcl.com/: HTTPSConnectionPool(host='tgnpdcl.com', port=443): Max retries exceeded with url: / (Caused by SSLError(SSLError(1, '[SSL: SSLV3_ALERT_HANDSHAKE_FAILURE] sslv3 alert handshake failure (_ssl.c:1010)')))
2026-09-11 07:43:38,882 INFO daily_update TGNPDCL: 0 accepted; Failed
2026-09-11 07:43:46,078 ERROR connector.TSSPDCL Connector failed
Traceback (most recent call last):
  File "/home/runner/work/Renewable-tender-tracker/Renewable-tender-tracker/Python/connectors/base.py", line 50, in run
    result.records = self.parse(self.fetch())
                                ^^^^^^^^^^^^
  File "/home/runner/work/Renewable-tender-tracker/Renewable-tender-tracker/Python/connectors/base.py", line 45, in fetch
    return get_text(self.source_url)
           ^^^^^^^^^^^^^^^^^^^^^^^^^
  File "/home/runner/work/Renewable-tender-tracker/Renewable-tender-tracker/Python/core/http.py", line 21, in get_text
    raise RuntimeError(f"Unable to fetch {url}: {last_error}")
RuntimeError: Unable to fetch https://www.tssouthernpower.com/: 403 Client Error: Forbidden for url: https://www.tssouthernpower.com/
2026-09-11 07:43:46,078 INFO daily_update TSSPDCL: 0 accepted; Failed
2026-09-11 07:44:18,790 ERROR connector.TNGECL Connector failed
Traceback (most recent call last):
  File "/home/runner/work/Renewable-tender-tracker/Renewable-tender-tracker/Python/connectors/base.py", line 50, in run
    result.records = self.parse(self.fetch())
                                ^^^^^^^^^^^^
  File "/home/runner/work/Renewable-tender-tracker/Renewable-tender-tracker/Python/connectors/base.py", line 45, in fetch
    return get_text(self.source_url)
           ^^^^^^^^^^^^^^^^^^^^^^^^^
  File "/home/runner/work/Renewable-tender-tracker/Renewable-tender-tracker/Python/core/http.py", line 21, in get_text
    raise RuntimeError(f"Unable to fetch {url}: {last_error}")
RuntimeError: Unable to fetch https://www.tangedco.gov.in/: HTTPSConnectionPool(host='www.tangedco.gov.in', port=443): Max retries exceeded with url: / (Caused by NameResolutionError("HTTPSConnection(host='www.tangedco.gov.in', port=443): Failed to resolve 'www.tangedco.gov.in' ([Errno -3] Temporary failure in name resolution)"))
2026-09-11 07:44:18,791 INFO daily_update TNGECL: 0 accepted; Failed
2026-09-11 07:44:51,747 ERROR connector.TANTRANSCO Connector failed
Traceback (most recent call last):
  File "/home/runner/work/Renewable-tender-tracker/Renewable-tender-tracker/Python/connectors/base.py", line 50, in run
    result.records = self.parse(self.fetch())
                                ^^^^^^^^^^^^
  File "/home/runner/work/Renewable-tender-tracker/Renewable-tender-tracker/Python/connectors/base.py", line 45, in fetch
    return get_text(self.source_url)
           ^^^^^^^^^^^^^^^^^^^^^^^^^
  File "/home/runner/work/Renewable-tender-tracker/Renewable-tender-tracker/Python/core/http.py", line 21, in get_text
    raise RuntimeError(f"Unable to fetch {url}: {last_error}")
RuntimeError: Unable to fetch https://www.tantransco.gov.in/: HTTPSConnectionPool(host='www.tantransco.gov.in', port=443): Max retries exceeded with url: / (Caused by NameResolutionError("HTTPSConnection(host='www.tantransco.gov.in', port=443): Failed to resolve 'www.tantransco.gov.in' ([Errno -3] Temporary failure in name resolution)"))
2026-09-11 07:44:51,748 INFO daily_update TANTRANSCO: 0 accepted; Failed
2026-09-11 07:44:53,337 INFO daily_update GRIDCO: 0 accepted; Success
2026-09-11 07:44:54,896 INFO daily_update HAREDA: 0 accepted; Success
2026-09-11 07:44:58,427 INFO daily_update PSPCL: 0 accepted; Success
2026-09-11 07:45:00,630 INFO daily_update UPNEDA: 0 accepted; Success
2026-09-11 07:45:01,872 INFO daily_update BSPHCL: 0 accepted; Success
2026-09-12 07:17:06,278 INFO daily_update SECI: 12 accepted; Success
2026-09-12 07:17:09,348 INFO daily_update NTPC REL: 3 accepted; Success
2026-09-12 07:17:25,134 INFO daily_update NHPC: 0 accepted; Success
2026-09-12 07:17:27,116 INFO daily_update SJVN: 1 accepted; Success
2026-09-12 07:22:04,292 ERROR connector.NLCIL Connector failed
Traceback (most recent call last):
  File "/home/runner/work/Renewable-tender-tracker/Renewable-tender-tracker/Python/connectors/base.py", line 50, in run
    result.records = self.parse(self.fetch())
                                ^^^^^^^^^^^^
  File "/home/runner/work/Renewable-tender-tracker/Renewable-tender-tracker/Python/connectors/base.py", line 45, in fetch
    return get_text(self.source_url)
           ^^^^^^^^^^^^^^^^^^^^^^^^^
  File "/home/runner/work/Renewable-tender-tracker/Renewable-tender-tracker/Python/core/http.py", line 21, in get_text
    raise RuntimeError(f"Unable to fetch {url}: {last_error}")
RuntimeError: Unable to fetch https://www.nlcindia.in/: HTTPSConnectionPool(host='www.nlcindia.in', port=443): Max retries exceeded with url: / (Caused by ConnectTimeoutError(<HTTPSConnection(host='www.nlcindia.in', port=443) at 0x7fd2000f19a0>, 'Connection to www.nlcindia.in timed out. (connect timeout=45)'))
2026-09-12 07:22:04,293 INFO daily_update NLCIL: 0 accepted; Failed
2026-09-12 07:24:30,865 ERROR connector.GUVNL (ISTS) Connector failed
Traceback (most recent call last):
  File "/home/runner/work/Renewable-tender-tracker/Renewable-tender-tracker/Python/connectors/base.py", line 50, in run
    result.records = self.parse(self.fetch())
                                ^^^^^^^^^^^^
  File "/home/runner/work/Renewable-tender-tracker/Renewable-tender-tracker/Python/connectors/base.py", line 45, in fetch
    return get_text(self.source_url)
           ^^^^^^^^^^^^^^^^^^^^^^^^^
  File "/home/runner/work/Renewable-tender-tracker/Renewable-tender-tracker/Python/core/http.py", line 21, in get_text
    raise RuntimeError(f"Unable to fetch {url}: {last_error}")
RuntimeError: Unable to fetch https://www.guvnl.com/: HTTPSConnectionPool(host='www.guvnl.com', port=443): Read timed out.
2026-09-12 07:24:30,866 INFO daily_update GUVNL (ISTS): 0 accepted; Failed
2026-09-12 07:26:53,130 ERROR connector.REMCL Connector failed
Traceback (most recent call last):
  File "/home/runner/work/Renewable-tender-tracker/Renewable-tender-tracker/Python/connectors/base.py", line 50, in run
    result.records = self.parse(self.fetch())
                                ^^^^^^^^^^^^
  File "/home/runner/work/Renewable-tender-tracker/Renewable-tender-tracker/Python/connectors/base.py", line 45, in fetch
    return get_text(self.source_url)
           ^^^^^^^^^^^^^^^^^^^^^^^^^
  File "/home/runner/work/Renewable-tender-tracker/Renewable-tender-tracker/Python/core/http.py", line 21, in get_text
    raise RuntimeError(f"Unable to fetch {url}: {last_error}")
RuntimeError: Unable to fetch https://www.remcl.in/: HTTPSConnectionPool(host='www.remcl.in', port=443): Max retries exceeded with url: / (Caused by ConnectTimeoutError(<HTTPSConnection(host='www.remcl.in', port=443) at 0x7fd20011a1e0>, 'Connection to www.remcl.in timed out. (connect timeout=45)'))
2026-09-12 07:26:53,131 INFO daily_update REMCL: 0 accepted; Failed
2026-09-12 07:26:54,958 INFO daily_update RUVNL: 0 accepted; Success
2026-09-12 07:26:56,166 INFO daily_update RVPN: 0 accepted; Success
2026-09-12 07:26:57,580 INFO daily_update KREDL: 0 accepted; Success
2026-09-12 07:29:21,350 ERROR connector.KPTCL Connector failed
Traceback (most recent call last):
  File "/home/runner/work/Renewable-tender-tracker/Renewable-tender-tracker/Python/connectors/base.py", line 50, in run
    result.records = self.parse(self.fetch())
                                ^^^^^^^^^^^^
  File "/home/runner/work/Renewable-tender-tracker/Renewable-tender-tracker/Python/connectors/base.py", line 45, in fetch
    return get_text(self.source_url)
           ^^^^^^^^^^^^^^^^^^^^^^^^^
  File "/home/runner/work/Renewable-tender-tracker/Renewable-tender-tracker/Python/core/http.py", line 21, in get_text
    raise RuntimeError(f"Unable to fetch {url}: {last_error}")
RuntimeError: Unable to fetch https://kptcl.karnataka.gov.in/: HTTPSConnectionPool(host='kptcl.karnataka.gov.in', port=443): Max retries exceeded with url: / (Caused by ConnectTimeoutError(<HTTPSConnection(host='kptcl.karnataka.gov.in', port=443) at 0x7fd1fd170a10>, 'Connection to kptcl.karnataka.gov.in timed out. (connect timeout=45)'))
2026-09-12 07:29:21,351 INFO daily_update KPTCL: 0 accepted; Failed
2026-09-12 07:29:29,174 ERROR connector.KPCL Connector failed
Traceback (most recent call last):
  File "/home/runner/work/Renewable-tender-tracker/Renewable-tender-tracker/Python/connectors/base.py", line 50, in run
    result.records = self.parse(self.fetch())
                                ^^^^^^^^^^^^
  File "/home/runner/work/Renewable-tender-tracker/Renewable-tender-tracker/Python/connectors/base.py", line 45, in fetch
    return get_text(self.source_url)
           ^^^^^^^^^^^^^^^^^^^^^^^^^
  File "/home/runner/work/Renewable-tender-tracker/Renewable-tender-tracker/Python/core/http.py", line 21, in get_text
    raise RuntimeError(f"Unable to fetch {url}: {last_error}")
RuntimeError: Unable to fetch https://karnatakapower.com/: HTTPSConnectionPool(host='karnatakapower.com', port=443): Max retries exceeded with url: / (Caused by SSLError(SSLCertVerificationError(1, "[SSL: CERTIFICATE_VERIFY_FAILED] certificate verify failed: Hostname mismatch, certificate is not valid for 'karnatakapower.com'. (_ssl.c:1010)")))
2026-09-12 07:29:29,174 INFO daily_update KPCL: 0 accepted; Failed
2026-09-12 07:29:31,476 INFO daily_update MPUVNL: 0 accepted; Success
2026-09-12 07:29:31,939 INFO daily_update MPPMCL: 0 accepted; Success
2026-09-12 07:29:39,781 ERROR connector.MP Urja Vikas Nigam Connector failed
Traceback (most recent call last):
  File "/home/runner/work/Renewable-tender-tracker/Renewable-tender-tracker/Python/connectors/base.py", line 50, in run
    result.records = self.parse(self.fetch())
                                ^^^^^^^^^^^^
  File "/home/runner/work/Renewable-tender-tracker/Renewable-tender-tracker/Python/connectors/base.py", line 45, in fetch
    return get_text(self.source_url)
           ^^^^^^^^^^^^^^^^^^^^^^^^^
  File "/home/runner/work/Renewable-tender-tracker/Renewable-tender-tracker/Python/core/http.py", line 21, in get_text
    raise RuntimeError(f"Unable to fetch {url}: {last_error}")
RuntimeError: Unable to fetch https://www.mprenewable.nic.in/: HTTPSConnectionPool(host='www.mprenewable.nic.in', port=443): Max retries exceeded with url: / (Caused by NameResolutionError("HTTPSConnection(host='www.mprenewable.nic.in', port=443): Failed to resolve 'www.mprenewable.nic.in' ([Errno -2] Name or service not known)"))
2026-09-12 07:29:39,781 INFO daily_update MP Urja Vikas Nigam: 0 accepted; Failed
2026-09-12 07:29:44,836 INFO daily_update MSEDCL: 0 accepted; Success
2026-09-12 07:29:46,715 INFO daily_update MAHAGENCO: 0 accepted; Success
2026-09-12 07:32:13,897 ERROR connector.GUVNL Connector failed
Traceback (most recent call last):
  File "/home/runner/work/Renewable-tender-tracker/Renewable-tender-tracker/Python/connectors/base.py", line 50, in run
    result.records = self.parse(self.fetch())
                                ^^^^^^^^^^^^
  File "/home/runner/work/Renewable-tender-tracker/Renewable-tender-tracker/Python/connectors/base.py", line 45, in fetch
    return get_text(self.source_url)
           ^^^^^^^^^^^^^^^^^^^^^^^^^
  File "/home/runner/work/Renewable-tender-tracker/Renewable-tender-tracker/Python/core/http.py", line 21, in get_text
    raise RuntimeError(f"Unable to fetch {url}: {last_error}")
RuntimeError: Unable to fetch https://www.guvnl.com/: HTTPSConnectionPool(host='www.guvnl.com', port=443): Read timed out.
2026-09-12 07:32:13,897 INFO daily_update GUVNL: 0 accepted; Failed
2026-09-12 07:34:37,056 ERROR connector.GPCL Connector failed
Traceback (most recent call last):
  File "/home/runner/work/Renewable-tender-tracker/Renewable-tender-tracker/Python/connectors/base.py", line 50, in run
    result.records = self.parse(self.fetch())
                                ^^^^^^^^^^^^
  File "/home/runner/work/Renewable-tender-tracker/Renewable-tender-tracker/Python/connectors/base.py", line 45, in fetch
    return get_text(self.source_url)
           ^^^^^^^^^^^^^^^^^^^^^^^^^
  File "/home/runner/work/Renewable-tender-tracker/Renewable-tender-tracker/Python/core/http.py", line 21, in get_text
    raise RuntimeError(f"Unable to fetch {url}: {last_error}")
RuntimeError: Unable to fetch https://gpcl.gujarat.gov.in/: HTTPSConnectionPool(host='gpcl.gujarat.gov.in', port=443): Read timed out. (read timeout=45)
2026-09-12 07:34:37,057 INFO daily_update GPCL: 0 accepted; Failed
2026-09-12 07:34:38,376 INFO daily_update APSPDCL: 0 accepted; Success
2026-09-12 07:34:40,611 INFO daily_update APGENCO: 0 accepted; Success
2026-09-12 07:34:49,279 ERROR connector.NREDCAP Connector failed
Traceback (most recent call last):
  File "/home/runner/work/Renewable-tender-tracker/Renewable-tender-tracker/Python/connectors/base.py", line 50, in run
    result.records = self.parse(self.fetch())
                                ^^^^^^^^^^^^
  File "/home/runner/work/Renewable-tender-tracker/Renewable-tender-tracker/Python/connectors/base.py", line 45, in fetch
    return get_text(self.source_url)
           ^^^^^^^^^^^^^^^^^^^^^^^^^
  File "/home/runner/work/Renewable-tender-tracker/Renewable-tender-tracker/Python/core/http.py", line 21, in get_text
    raise RuntimeError(f"Unable to fetch {url}: {last_error}")
RuntimeError: Unable to fetch https://nredcap.in/: HTTPSConnectionPool(host='nredcap.in', port=443): Max retries exceeded with url: / (Caused by SSLError(SSLCertVerificationError(1, '[SSL: CERTIFICATE_VERIFY_FAILED] certificate verify failed: unable to get local issuer certificate (_ssl.c:1010)')))
2026-09-12 07:34:49,279 INFO daily_update NREDCAP: 0 accepted; Failed
2026-09-12 07:34:58,224 ERROR connector.TGNPDCL Connector failed
Traceback (most recent call last):
  File "/home/runner/work/Renewable-tender-tracker/Renewable-tender-tracker/Python/connectors/base.py", line 50, in run
    result.records = self.parse(self.fetch())
                                ^^^^^^^^^^^^
  File "/home/runner/work/Renewable-tender-tracker/Renewable-tender-tracker/Python/connectors/base.py", line 45, in fetch
    return get_text(self.source_url)
           ^^^^^^^^^^^^^^^^^^^^^^^^^
  File "/home/runner/work/Renewable-tender-tracker/Renewable-tender-tracker/Python/core/http.py", line 21, in get_text
    raise RuntimeError(f"Unable to fetch {url}: {last_error}")
RuntimeError: Unable to fetch https://tgnpdcl.com/: HTTPSConnectionPool(host='tgnpdcl.com', port=443): Max retries exceeded with url: / (Caused by SSLError(SSLError(1, '[SSL: SSLV3_ALERT_HANDSHAKE_FAILURE] sslv3 alert handshake failure (_ssl.c:1010)')))
2026-09-12 07:34:58,225 INFO daily_update TGNPDCL: 0 accepted; Failed
2026-09-12 07:35:05,450 ERROR connector.TSSPDCL Connector failed
Traceback (most recent call last):
  File "/home/runner/work/Renewable-tender-tracker/Renewable-tender-tracker/Python/connectors/base.py", line 50, in run
    result.records = self.parse(self.fetch())
                                ^^^^^^^^^^^^
  File "/home/runner/work/Renewable-tender-tracker/Renewable-tender-tracker/Python/connectors/base.py", line 45, in fetch
    return get_text(self.source_url)
           ^^^^^^^^^^^^^^^^^^^^^^^^^
  File "/home/runner/work/Renewable-tender-tracker/Renewable-tender-tracker/Python/core/http.py", line 21, in get_text
    raise RuntimeError(f"Unable to fetch {url}: {last_error}")
RuntimeError: Unable to fetch https://www.tssouthernpower.com/: 403 Client Error: Forbidden for url: https://www.tssouthernpower.com/
2026-09-12 07:35:05,451 INFO daily_update TSSPDCL: 0 accepted; Failed
2026-09-12 07:35:39,760 ERROR connector.TNGECL Connector failed
Traceback (most recent call last):
  File "/home/runner/work/Renewable-tender-tracker/Renewable-tender-tracker/Python/connectors/base.py", line 50, in run
    result.records = self.parse(self.fetch())
                                ^^^^^^^^^^^^
  File "/home/runner/work/Renewable-tender-tracker/Renewable-tender-tracker/Python/connectors/base.py", line 45, in fetch
    return get_text(self.source_url)
           ^^^^^^^^^^^^^^^^^^^^^^^^^
  File "/home/runner/work/Renewable-tender-tracker/Renewable-tender-tracker/Python/core/http.py", line 21, in get_text
    raise RuntimeError(f"Unable to fetch {url}: {last_error}")
RuntimeError: Unable to fetch https://www.tangedco.gov.in/: HTTPSConnectionPool(host='www.tangedco.gov.in', port=443): Max retries exceeded with url: / (Caused by NameResolutionError("HTTPSConnection(host='www.tangedco.gov.in', port=443): Failed to resolve 'www.tangedco.gov.in' ([Errno -3] Temporary failure in name resolution)"))
2026-09-12 07:35:39,763 INFO daily_update TNGECL: 0 accepted; Failed
2026-09-12 07:36:12,676 ERROR connector.TANTRANSCO Connector failed
Traceback (most recent call last):
  File "/home/runner/work/Renewable-tender-tracker/Renewable-tender-tracker/Python/connectors/base.py", line 50, in run
    result.records = self.parse(self.fetch())
                                ^^^^^^^^^^^^
  File "/home/runner/work/Renewable-tender-tracker/Renewable-tender-tracker/Python/connectors/base.py", line 45, in fetch
    return get_text(self.source_url)
           ^^^^^^^^^^^^^^^^^^^^^^^^^
  File "/home/runner/work/Renewable-tender-tracker/Renewable-tender-tracker/Python/core/http.py", line 21, in get_text
    raise RuntimeError(f"Unable to fetch {url}: {last_error}")
RuntimeError: Unable to fetch https://www.tantransco.gov.in/: HTTPSConnectionPool(host='www.tantransco.gov.in', port=443): Max retries exceeded with url: / (Caused by NameResolutionError("HTTPSConnection(host='www.tantransco.gov.in', port=443): Failed to resolve 'www.tantransco.gov.in' ([Errno -3] Temporary failure in name resolution)"))
2026-09-12 07:36:12,677 INFO daily_update TANTRANSCO: 0 accepted; Failed
2026-09-12 07:36:14,195 INFO daily_update GRIDCO: 0 accepted; Success
2026-09-12 07:36:16,104 INFO daily_update HAREDA: 0 accepted; Success
2026-09-12 07:36:19,263 INFO daily_update PSPCL: 0 accepted; Success
2026-09-12 07:36:21,568 INFO daily_update UPNEDA: 0 accepted; Success
2026-09-12 07:36:22,666 INFO daily_update BSPHCL: 0 accepted; Success
2026-09-13 07:35:33,803 INFO daily_update SECI: 12 accepted; Success
2026-09-13 07:35:35,086 INFO daily_update NTPC REL: 2 accepted; Success
2026-09-13 07:35:51,274 INFO daily_update NHPC: 0 accepted; Success
2026-09-13 07:35:53,139 INFO daily_update SJVN: 1 accepted; Success
2026-09-13 07:40:30,471 ERROR connector.NLCIL Connector failed
Traceback (most recent call last):
  File "/home/runner/work/Renewable-tender-tracker/Renewable-tender-tracker/Python/connectors/base.py", line 50, in run
    result.records = self.parse(self.fetch())
                                ^^^^^^^^^^^^
  File "/home/runner/work/Renewable-tender-tracker/Renewable-tender-tracker/Python/connectors/base.py", line 45, in fetch
    return get_text(self.source_url)
           ^^^^^^^^^^^^^^^^^^^^^^^^^
  File "/home/runner/work/Renewable-tender-tracker/Renewable-tender-tracker/Python/core/http.py", line 21, in get_text
    raise RuntimeError(f"Unable to fetch {url}: {last_error}")
RuntimeError: Unable to fetch https://www.nlcindia.in/: HTTPSConnectionPool(host='www.nlcindia.in', port=443): Max retries exceeded with url: / (Caused by ConnectTimeoutError(<HTTPSConnection(host='www.nlcindia.in', port=443) at 0x7fd4d1a03650>, 'Connection to www.nlcindia.in timed out. (connect timeout=45)'))
2026-09-13 07:40:30,472 INFO daily_update NLCIL: 0 accepted; Failed
2026-09-13 07:42:56,929 ERROR connector.GUVNL (ISTS) Connector failed
Traceback (most recent call last):
  File "/home/runner/work/Renewable-tender-tracker/Renewable-tender-tracker/Python/connectors/base.py", line 50, in run
    result.records = self.parse(self.fetch())
                                ^^^^^^^^^^^^
  File "/home/runner/work/Renewable-tender-tracker/Renewable-tender-tracker/Python/connectors/base.py", line 45, in fetch
    return get_text(self.source_url)
           ^^^^^^^^^^^^^^^^^^^^^^^^^
  File "/home/runner/work/Renewable-tender-tracker/Renewable-tender-tracker/Python/core/http.py", line 21, in get_text
    raise RuntimeError(f"Unable to fetch {url}: {last_error}")
RuntimeError: Unable to fetch https://www.guvnl.com/: HTTPSConnectionPool(host='www.guvnl.com', port=443): Read timed out.
2026-09-13 07:42:56,930 INFO daily_update GUVNL (ISTS): 0 accepted; Failed
2026-09-13 07:45:19,171 ERROR connector.REMCL Connector failed
Traceback (most recent call last):
  File "/home/runner/work/Renewable-tender-tracker/Renewable-tender-tracker/Python/connectors/base.py", line 50, in run
    result.records = self.parse(self.fetch())
                                ^^^^^^^^^^^^
  File "/home/runner/work/Renewable-tender-tracker/Renewable-tender-tracker/Python/connectors/base.py", line 45, in fetch
    return get_text(self.source_url)
           ^^^^^^^^^^^^^^^^^^^^^^^^^
  File "/home/runner/work/Renewable-tender-tracker/Renewable-tender-tracker/Python/core/http.py", line 21, in get_text
    raise RuntimeError(f"Unable to fetch {url}: {last_error}")
RuntimeError: Unable to fetch https://www.remcl.in/: HTTPSConnectionPool(host='www.remcl.in', port=443): Max retries exceeded with url: / (Caused by ConnectTimeoutError(<HTTPSConnection(host='www.remcl.in', port=443) at 0x7fd4d1a024b0>, 'Connection to www.remcl.in timed out. (connect timeout=45)'))
2026-09-13 07:45:19,172 INFO daily_update REMCL: 0 accepted; Failed
2026-09-13 07:45:20,851 INFO daily_update RUVNL: 0 accepted; Success
2026-09-13 07:45:22,177 INFO daily_update RVPN: 0 accepted; Success
2026-09-13 07:45:23,176 INFO daily_update KREDL: 0 accepted; Success
2026-09-13 07:47:46,028 ERROR connector.KPTCL Connector failed
Traceback (most recent call last):
  File "/home/runner/work/Renewable-tender-tracker/Renewable-tender-tracker/Python/connectors/base.py", line 50, in run
    result.records = self.parse(self.fetch())
                                ^^^^^^^^^^^^
  File "/home/runner/work/Renewable-tender-tracker/Renewable-tender-tracker/Python/connectors/base.py", line 45, in fetch
    return get_text(self.source_url)
           ^^^^^^^^^^^^^^^^^^^^^^^^^
  File "/home/runner/work/Renewable-tender-tracker/Renewable-tender-tracker/Python/core/http.py", line 21, in get_text
    raise RuntimeError(f"Unable to fetch {url}: {last_error}")
RuntimeError: Unable to fetch https://kptcl.karnataka.gov.in/: HTTPSConnectionPool(host='kptcl.karnataka.gov.in', port=443): Max retries exceeded with url: / (Caused by ConnectTimeoutError(<HTTPSConnection(host='kptcl.karnataka.gov.in', port=443) at 0x7fd4ceaa58b0>, 'Connection to kptcl.karnataka.gov.in timed out. (connect timeout=45)'))
2026-09-13 07:47:46,029 INFO daily_update KPTCL: 0 accepted; Failed
2026-09-13 07:47:54,076 ERROR connector.KPCL Connector failed
Traceback (most recent call last):
  File "/home/runner/work/Renewable-tender-tracker/Renewable-tender-tracker/Python/connectors/base.py", line 50, in run
    result.records = self.parse(self.fetch())
                                ^^^^^^^^^^^^
  File "/home/runner/work/Renewable-tender-tracker/Renewable-tender-tracker/Python/connectors/base.py", line 45, in fetch
    return get_text(self.source_url)
           ^^^^^^^^^^^^^^^^^^^^^^^^^
  File "/home/runner/work/Renewable-tender-tracker/Renewable-tender-tracker/Python/core/http.py", line 21, in get_text
    raise RuntimeError(f"Unable to fetch {url}: {last_error}")
RuntimeError: Unable to fetch https://karnatakapower.com/: HTTPSConnectionPool(host='karnatakapower.com', port=443): Max retries exceeded with url: / (Caused by SSLError(SSLCertVerificationError(1, "[SSL: CERTIFICATE_VERIFY_FAILED] certificate verify failed: Hostname mismatch, certificate is not valid for 'karnatakapower.com'. (_ssl.c:1010)")))
2026-09-13 07:47:54,076 INFO daily_update KPCL: 0 accepted; Failed
2026-09-13 07:47:55,839 INFO daily_update MPUVNL: 0 accepted; Success
2026-09-13 07:47:56,337 INFO daily_update MPPMCL: 0 accepted; Success
2026-09-13 07:48:04,148 ERROR connector.MP Urja Vikas Nigam Connector failed
Traceback (most recent call last):
  File "/home/runner/work/Renewable-tender-tracker/Renewable-tender-tracker/Python/connectors/base.py", line 50, in run
    result.records = self.parse(self.fetch())
                                ^^^^^^^^^^^^
  File "/home/runner/work/Renewable-tender-tracker/Renewable-tender-tracker/Python/connectors/base.py", line 45, in fetch
    return get_text(self.source_url)
           ^^^^^^^^^^^^^^^^^^^^^^^^^
  File "/home/runner/work/Renewable-tender-tracker/Renewable-tender-tracker/Python/core/http.py", line 21, in get_text
    raise RuntimeError(f"Unable to fetch {url}: {last_error}")
RuntimeError: Unable to fetch https://www.mprenewable.nic.in/: HTTPSConnectionPool(host='www.mprenewable.nic.in', port=443): Max retries exceeded with url: / (Caused by NameResolutionError("HTTPSConnection(host='www.mprenewable.nic.in', port=443): Failed to resolve 'www.mprenewable.nic.in' ([Errno -2] Name or service not known)"))
2026-09-13 07:48:04,149 INFO daily_update MP Urja Vikas Nigam: 0 accepted; Failed
2026-09-13 07:48:09,150 INFO daily_update MSEDCL: 0 accepted; Success
2026-09-13 07:48:10,978 INFO daily_update MAHAGENCO: 0 accepted; Success
2026-09-13 07:50:38,147 ERROR connector.GUVNL Connector failed
Traceback (most recent call last):
  File "/home/runner/work/Renewable-tender-tracker/Renewable-tender-tracker/Python/connectors/base.py", line 50, in run
    result.records = self.parse(self.fetch())
                                ^^^^^^^^^^^^
  File "/home/runner/work/Renewable-tender-tracker/Renewable-tender-tracker/Python/connectors/base.py", line 45, in fetch
    return get_text(self.source_url)
           ^^^^^^^^^^^^^^^^^^^^^^^^^
  File "/home/runner/work/Renewable-tender-tracker/Renewable-tender-tracker/Python/core/http.py", line 21, in get_text
    raise RuntimeError(f"Unable to fetch {url}: {last_error}")
RuntimeError: Unable to fetch https://www.guvnl.com/: HTTPSConnectionPool(host='www.guvnl.com', port=443): Read timed out.
2026-09-13 07:50:38,148 INFO daily_update GUVNL: 0 accepted; Failed
2026-09-13 07:53:01,254 ERROR connector.GPCL Connector failed
Traceback (most recent call last):
  File "/home/runner/work/Renewable-tender-tracker/Renewable-tender-tracker/Python/connectors/base.py", line 50, in run
    result.records = self.parse(self.fetch())
                                ^^^^^^^^^^^^
  File "/home/runner/work/Renewable-tender-tracker/Renewable-tender-tracker/Python/connectors/base.py", line 45, in fetch
    return get_text(self.source_url)
           ^^^^^^^^^^^^^^^^^^^^^^^^^
  File "/home/runner/work/Renewable-tender-tracker/Renewable-tender-tracker/Python/core/http.py", line 21, in get_text
    raise RuntimeError(f"Unable to fetch {url}: {last_error}")
RuntimeError: Unable to fetch https://gpcl.gujarat.gov.in/: HTTPSConnectionPool(host='gpcl.gujarat.gov.in', port=443): Read timed out. (read timeout=45)
2026-09-13 07:53:01,254 INFO daily_update GPCL: 0 accepted; Failed
2026-09-13 07:53:02,501 INFO daily_update APSPDCL: 0 accepted; Success
2026-09-13 07:53:04,504 INFO daily_update APGENCO: 0 accepted; Success
2026-09-13 07:53:13,260 ERROR connector.NREDCAP Connector failed
Traceback (most recent call last):
  File "/home/runner/work/Renewable-tender-tracker/Renewable-tender-tracker/Python/connectors/base.py", line 50, in run
    result.records = self.parse(self.fetch())
                                ^^^^^^^^^^^^
  File "/home/runner/work/Renewable-tender-tracker/Renewable-tender-tracker/Python/connectors/base.py", line 45, in fetch
    return get_text(self.source_url)
           ^^^^^^^^^^^^^^^^^^^^^^^^^
  File "/home/runner/work/Renewable-tender-tracker/Renewable-tender-tracker/Python/core/http.py", line 21, in get_text
    raise RuntimeError(f"Unable to fetch {url}: {last_error}")
RuntimeError: Unable to fetch https://nredcap.in/: HTTPSConnectionPool(host='nredcap.in', port=443): Max retries exceeded with url: / (Caused by SSLError(SSLCertVerificationError(1, '[SSL: CERTIFICATE_VERIFY_FAILED] certificate verify failed: unable to get local issuer certificate (_ssl.c:1010)')))
2026-09-13 07:53:13,261 INFO daily_update NREDCAP: 0 accepted; Failed
2026-09-13 07:53:21,688 ERROR connector.TGNPDCL Connector failed
Traceback (most recent call last):
  File "/home/runner/work/Renewable-tender-tracker/Renewable-tender-tracker/Python/connectors/base.py", line 50, in run
    result.records = self.parse(self.fetch())
                                ^^^^^^^^^^^^
  File "/home/runner/work/Renewable-tender-tracker/Renewable-tender-tracker/Python/connectors/base.py", line 45, in fetch
    return get_text(self.source_url)
           ^^^^^^^^^^^^^^^^^^^^^^^^^
  File "/home/runner/work/Renewable-tender-tracker/Renewable-tender-tracker/Python/core/http.py", line 21, in get_text
    raise RuntimeError(f"Unable to fetch {url}: {last_error}")
RuntimeError: Unable to fetch https://tgnpdcl.com/: HTTPSConnectionPool(host='tgnpdcl.com', port=443): Max retries exceeded with url: / (Caused by SSLError(SSLError(1, '[SSL: SSLV3_ALERT_HANDSHAKE_FAILURE] sslv3 alert handshake failure (_ssl.c:1010)')))
2026-09-13 07:53:21,688 INFO daily_update TGNPDCL: 0 accepted; Failed
2026-09-13 07:53:28,868 ERROR connector.TSSPDCL Connector failed
Traceback (most recent call last):
  File "/home/runner/work/Renewable-tender-tracker/Renewable-tender-tracker/Python/connectors/base.py", line 50, in run
    result.records = self.parse(self.fetch())
                                ^^^^^^^^^^^^
  File "/home/runner/work/Renewable-tender-tracker/Renewable-tender-tracker/Python/connectors/base.py", line 45, in fetch
    return get_text(self.source_url)
           ^^^^^^^^^^^^^^^^^^^^^^^^^
  File "/home/runner/work/Renewable-tender-tracker/Renewable-tender-tracker/Python/core/http.py", line 21, in get_text
    raise RuntimeError(f"Unable to fetch {url}: {last_error}")
RuntimeError: Unable to fetch https://www.tssouthernpower.com/: 403 Client Error: Forbidden for url: https://www.tssouthernpower.com/
2026-09-13 07:53:28,869 INFO daily_update TSSPDCL: 0 accepted; Failed
2026-09-13 07:54:02,111 ERROR connector.TNGECL Connector failed
Traceback (most recent call last):
  File "/home/runner/work/Renewable-tender-tracker/Renewable-tender-tracker/Python/connectors/base.py", line 50, in run
    result.records = self.parse(self.fetch())
                                ^^^^^^^^^^^^
  File "/home/runner/work/Renewable-tender-tracker/Renewable-tender-tracker/Python/connectors/base.py", line 45, in fetch
    return get_text(self.source_url)
           ^^^^^^^^^^^^^^^^^^^^^^^^^
  File "/home/runner/work/Renewable-tender-tracker/Renewable-tender-tracker/Python/core/http.py", line 21, in get_text
    raise RuntimeError(f"Unable to fetch {url}: {last_error}")
RuntimeError: Unable to fetch https://www.tangedco.gov.in/: HTTPSConnectionPool(host='www.tangedco.gov.in', port=443): Max retries exceeded with url: / (Caused by NameResolutionError("HTTPSConnection(host='www.tangedco.gov.in', port=443): Failed to resolve 'www.tangedco.gov.in' ([Errno -3] Temporary failure in name resolution)"))
2026-09-13 07:54:02,112 INFO daily_update TNGECL: 0 accepted; Failed
2026-09-13 07:54:38,745 ERROR connector.TANTRANSCO Connector failed
Traceback (most recent call last):
  File "/home/runner/work/Renewable-tender-tracker/Renewable-tender-tracker/Python/connectors/base.py", line 50, in run
    result.records = self.parse(self.fetch())
                                ^^^^^^^^^^^^
  File "/home/runner/work/Renewable-tender-tracker/Renewable-tender-tracker/Python/connectors/base.py", line 45, in fetch
    return get_text(self.source_url)
           ^^^^^^^^^^^^^^^^^^^^^^^^^
  File "/home/runner/work/Renewable-tender-tracker/Renewable-tender-tracker/Python/core/http.py", line 21, in get_text
    raise RuntimeError(f"Unable to fetch {url}: {last_error}")
RuntimeError: Unable to fetch https://www.tantransco.gov.in/: HTTPSConnectionPool(host='www.tantransco.gov.in', port=443): Max retries exceeded with url: / (Caused by NameResolutionError("HTTPSConnection(host='www.tantransco.gov.in', port=443): Failed to resolve 'www.tantransco.gov.in' ([Errno -3] Temporary failure in name resolution)"))
2026-09-13 07:54:38,746 INFO daily_update TANTRANSCO: 0 accepted; Failed
2026-09-13 07:54:40,375 INFO daily_update GRIDCO: 0 accepted; Success
2026-09-13 07:54:41,964 INFO daily_update HAREDA: 0 accepted; Success
2026-09-13 07:54:45,449 INFO daily_update PSPCL: 0 accepted; Success
2026-09-13 07:54:48,075 INFO daily_update UPNEDA: 0 accepted; Success
2026-09-13 07:54:49,153 INFO daily_update BSPHCL: 0 accepted; Success
2026-09-14 08:02:07,337 INFO daily_update SECI: 12 accepted; Success
2026-09-14 08:02:08,611 INFO daily_update NTPC REL: 2 accepted; Success
2026-09-14 08:02:24,245 INFO daily_update NHPC: 0 accepted; Success
2026-09-14 08:02:26,169 INFO daily_update SJVN: 1 accepted; Success
2026-09-14 08:07:03,491 ERROR connector.NLCIL Connector failed
Traceback (most recent call last):
  File "/home/runner/work/Renewable-tender-tracker/Renewable-tender-tracker/Python/connectors/base.py", line 50, in run
    result.records = self.parse(self.fetch())
                                ^^^^^^^^^^^^
  File "/home/runner/work/Renewable-tender-tracker/Renewable-tender-tracker/Python/connectors/base.py", line 45, in fetch
    return get_text(self.source_url)
           ^^^^^^^^^^^^^^^^^^^^^^^^^
  File "/home/runner/work/Renewable-tender-tracker/Renewable-tender-tracker/Python/core/http.py", line 21, in get_text
    raise RuntimeError(f"Unable to fetch {url}: {last_error}")
RuntimeError: Unable to fetch https://www.nlcindia.in/: HTTPSConnectionPool(host='www.nlcindia.in', port=443): Max retries exceeded with url: / (Caused by ConnectTimeoutError(<HTTPSConnection(host='www.nlcindia.in', port=443) at 0x7fc90ab23200>, 'Connection to www.nlcindia.in timed out. (connect timeout=45)'))
2026-09-14 08:07:03,492 INFO daily_update NLCIL: 0 accepted; Failed
2026-09-14 08:09:30,132 ERROR connector.GUVNL (ISTS) Connector failed
Traceback (most recent call last):
  File "/home/runner/work/Renewable-tender-tracker/Renewable-tender-tracker/Python/connectors/base.py", line 50, in run
    result.records = self.parse(self.fetch())
                                ^^^^^^^^^^^^
  File "/home/runner/work/Renewable-tender-tracker/Renewable-tender-tracker/Python/connectors/base.py", line 45, in fetch
    return get_text(self.source_url)
           ^^^^^^^^^^^^^^^^^^^^^^^^^
  File "/home/runner/work/Renewable-tender-tracker/Renewable-tender-tracker/Python/core/http.py", line 21, in get_text
    raise RuntimeError(f"Unable to fetch {url}: {last_error}")
RuntimeError: Unable to fetch https://www.guvnl.com/: HTTPSConnectionPool(host='www.guvnl.com', port=443): Read timed out.
2026-09-14 08:09:30,133 INFO daily_update GUVNL (ISTS): 0 accepted; Failed
2026-09-14 08:11:52,364 ERROR connector.REMCL Connector failed
Traceback (most recent call last):
  File "/home/runner/work/Renewable-tender-tracker/Renewable-tender-tracker/Python/connectors/base.py", line 50, in run
    result.records = self.parse(self.fetch())
                                ^^^^^^^^^^^^
  File "/home/runner/work/Renewable-tender-tracker/Renewable-tender-tracker/Python/connectors/base.py", line 45, in fetch
    return get_text(self.source_url)
           ^^^^^^^^^^^^^^^^^^^^^^^^^
  File "/home/runner/work/Renewable-tender-tracker/Renewable-tender-tracker/Python/core/http.py", line 21, in get_text
    raise RuntimeError(f"Unable to fetch {url}: {last_error}")
RuntimeError: Unable to fetch https://www.remcl.in/: HTTPSConnectionPool(host='www.remcl.in', port=443): Max retries exceeded with url: / (Caused by ConnectTimeoutError(<HTTPSConnection(host='www.remcl.in', port=443) at 0x7fc90ab22060>, 'Connection to www.remcl.in timed out. (connect timeout=45)'))
2026-09-14 08:11:52,364 INFO daily_update REMCL: 0 accepted; Failed
2026-09-14 08:11:54,143 INFO daily_update RUVNL: 0 accepted; Success
2026-09-14 08:11:55,474 INFO daily_update RVPN: 0 accepted; Success
2026-09-14 08:11:56,784 INFO daily_update KREDL: 0 accepted; Success
2026-09-14 08:14:19,724 ERROR connector.KPTCL Connector failed
Traceback (most recent call last):
  File "/home/runner/work/Renewable-tender-tracker/Renewable-tender-tracker/Python/connectors/base.py", line 50, in run
    result.records = self.parse(self.fetch())
                                ^^^^^^^^^^^^
  File "/home/runner/work/Renewable-tender-tracker/Renewable-tender-tracker/Python/connectors/base.py", line 45, in fetch
    return get_text(self.source_url)
           ^^^^^^^^^^^^^^^^^^^^^^^^^
  File "/home/runner/work/Renewable-tender-tracker/Renewable-tender-tracker/Python/core/http.py", line 21, in get_text
    raise RuntimeError(f"Unable to fetch {url}: {last_error}")
RuntimeError: Unable to fetch https://kptcl.karnataka.gov.in/: HTTPSConnectionPool(host='kptcl.karnataka.gov.in', port=443): Max retries exceeded with url: / (Caused by ConnectTimeoutError(<HTTPSConnection(host='kptcl.karnataka.gov.in', port=443) at 0x7fc907d6a2a0>, 'Connection to kptcl.karnataka.gov.in timed out. (connect timeout=45)'))
2026-09-14 08:14:19,724 INFO daily_update KPTCL: 0 accepted; Failed
2026-09-14 08:14:27,725 ERROR connector.KPCL Connector failed
Traceback (most recent call last):
  File "/home/runner/work/Renewable-tender-tracker/Renewable-tender-tracker/Python/connectors/base.py", line 50, in run
    result.records = self.parse(self.fetch())
                                ^^^^^^^^^^^^
  File "/home/runner/work/Renewable-tender-tracker/Renewable-tender-tracker/Python/connectors/base.py", line 45, in fetch
    return get_text(self.source_url)
           ^^^^^^^^^^^^^^^^^^^^^^^^^
  File "/home/runner/work/Renewable-tender-tracker/Renewable-tender-tracker/Python/core/http.py", line 21, in get_text
    raise RuntimeError(f"Unable to fetch {url}: {last_error}")
RuntimeError: Unable to fetch https://karnatakapower.com/: HTTPSConnectionPool(host='karnatakapower.com', port=443): Max retries exceeded with url: / (Caused by SSLError(SSLCertVerificationError(1, "[SSL: CERTIFICATE_VERIFY_FAILED] certificate verify failed: Hostname mismatch, certificate is not valid for 'karnatakapower.com'. (_ssl.c:1010)")))
2026-09-14 08:14:27,726 INFO daily_update KPCL: 0 accepted; Failed
2026-09-14 08:14:29,922 INFO daily_update MPUVNL: 0 accepted; Success
2026-09-14 08:14:30,620 INFO daily_update MPPMCL: 0 accepted; Success
2026-09-14 08:14:38,429 ERROR connector.MP Urja Vikas Nigam Connector failed
Traceback (most recent call last):
  File "/home/runner/work/Renewable-tender-tracker/Renewable-tender-tracker/Python/connectors/base.py", line 50, in run
    result.records = self.parse(self.fetch())
                                ^^^^^^^^^^^^
  File "/home/runner/work/Renewable-tender-tracker/Renewable-tender-tracker/Python/connectors/base.py", line 45, in fetch
    return get_text(self.source_url)
           ^^^^^^^^^^^^^^^^^^^^^^^^^
  File "/home/runner/work/Renewable-tender-tracker/Renewable-tender-tracker/Python/core/http.py", line 21, in get_text
    raise RuntimeError(f"Unable to fetch {url}: {last_error}")
RuntimeError: Unable to fetch https://www.mprenewable.nic.in/: HTTPSConnectionPool(host='www.mprenewable.nic.in', port=443): Max retries exceeded with url: / (Caused by NameResolutionError("HTTPSConnection(host='www.mprenewable.nic.in', port=443): Failed to resolve 'www.mprenewable.nic.in' ([Errno -2] Name or service not known)"))
2026-09-14 08:14:38,429 INFO daily_update MP Urja Vikas Nigam: 0 accepted; Failed
2026-09-14 08:14:43,513 INFO daily_update MSEDCL: 0 accepted; Success
2026-09-14 08:14:45,467 INFO daily_update MAHAGENCO: 0 accepted; Success
2026-09-14 08:17:12,965 ERROR connector.GUVNL Connector failed
Traceback (most recent call last):
  File "/home/runner/work/Renewable-tender-tracker/Renewable-tender-tracker/Python/connectors/base.py", line 50, in run
    result.records = self.parse(self.fetch())
                                ^^^^^^^^^^^^
  File "/home/runner/work/Renewable-tender-tracker/Renewable-tender-tracker/Python/connectors/base.py", line 45, in fetch
    return get_text(self.source_url)
           ^^^^^^^^^^^^^^^^^^^^^^^^^
  File "/home/runner/work/Renewable-tender-tracker/Renewable-tender-tracker/Python/core/http.py", line 21, in get_text
    raise RuntimeError(f"Unable to fetch {url}: {last_error}")
RuntimeError: Unable to fetch https://www.guvnl.com/: HTTPSConnectionPool(host='www.guvnl.com', port=443): Read timed out.
2026-09-14 08:17:12,966 INFO daily_update GUVNL: 0 accepted; Failed
2026-09-14 08:19:36,238 ERROR connector.GPCL Connector failed
Traceback (most recent call last):
  File "/home/runner/work/Renewable-tender-tracker/Renewable-tender-tracker/Python/connectors/base.py", line 50, in run
    result.records = self.parse(self.fetch())
                                ^^^^^^^^^^^^
  File "/home/runner/work/Renewable-tender-tracker/Renewable-tender-tracker/Python/connectors/base.py", line 45, in fetch
    return get_text(self.source_url)
           ^^^^^^^^^^^^^^^^^^^^^^^^^
  File "/home/runner/work/Renewable-tender-tracker/Renewable-tender-tracker/Python/core/http.py", line 21, in get_text
    raise RuntimeError(f"Unable to fetch {url}: {last_error}")
RuntimeError: Unable to fetch https://gpcl.gujarat.gov.in/: HTTPSConnectionPool(host='gpcl.gujarat.gov.in', port=443): Read timed out. (read timeout=45)
2026-09-14 08:19:36,239 INFO daily_update GPCL: 0 accepted; Failed
2026-09-14 08:19:37,527 INFO daily_update APSPDCL: 0 accepted; Success
2026-09-14 08:19:39,567 INFO daily_update APGENCO: 0 accepted; Success
2026-09-14 08:19:48,382 ERROR connector.NREDCAP Connector failed
Traceback (most recent call last):
  File "/home/runner/work/Renewable-tender-tracker/Renewable-tender-tracker/Python/connectors/base.py", line 50, in run
    result.records = self.parse(self.fetch())
                                ^^^^^^^^^^^^
  File "/home/runner/work/Renewable-tender-tracker/Renewable-tender-tracker/Python/connectors/base.py", line 45, in fetch
    return get_text(self.source_url)
           ^^^^^^^^^^^^^^^^^^^^^^^^^
  File "/home/runner/work/Renewable-tender-tracker/Renewable-tender-tracker/Python/core/http.py", line 21, in get_text
    raise RuntimeError(f"Unable to fetch {url}: {last_error}")
RuntimeError: Unable to fetch https://nredcap.in/: HTTPSConnectionPool(host='nredcap.in', port=443): Max retries exceeded with url: / (Caused by SSLError(SSLCertVerificationError(1, '[SSL: CERTIFICATE_VERIFY_FAILED] certificate verify failed: unable to get local issuer certificate (_ssl.c:1010)')))
2026-09-14 08:19:48,383 INFO daily_update NREDCAP: 0 accepted; Failed
2026-09-14 08:19:57,027 ERROR connector.TGNPDCL Connector failed
Traceback (most recent call last):
  File "/home/runner/work/Renewable-tender-tracker/Renewable-tender-tracker/Python/connectors/base.py", line 50, in run
    result.records = self.parse(self.fetch())
                                ^^^^^^^^^^^^
  File "/home/runner/work/Renewable-tender-tracker/Renewable-tender-tracker/Python/connectors/base.py", line 45, in fetch
    return get_text(self.source_url)
           ^^^^^^^^^^^^^^^^^^^^^^^^^
  File "/home/runner/work/Renewable-tender-tracker/Renewable-tender-tracker/Python/core/http.py", line 21, in get_text
    raise RuntimeError(f"Unable to fetch {url}: {last_error}")
RuntimeError: Unable to fetch https://tgnpdcl.com/: HTTPSConnectionPool(host='tgnpdcl.com', port=443): Max retries exceeded with url: / (Caused by SSLError(SSLError(1, '[SSL: SSLV3_ALERT_HANDSHAKE_FAILURE] sslv3 alert handshake failure (_ssl.c:1010)')))
2026-09-14 08:19:57,028 INFO daily_update TGNPDCL: 0 accepted; Failed
2026-09-14 08:20:04,260 ERROR connector.TSSPDCL Connector failed
Traceback (most recent call last):
  File "/home/runner/work/Renewable-tender-tracker/Renewable-tender-tracker/Python/connectors/base.py", line 50, in run
    result.records = self.parse(self.fetch())
                                ^^^^^^^^^^^^
  File "/home/runner/work/Renewable-tender-tracker/Renewable-tender-tracker/Python/connectors/base.py", line 45, in fetch
    return get_text(self.source_url)
           ^^^^^^^^^^^^^^^^^^^^^^^^^
  File "/home/runner/work/Renewable-tender-tracker/Renewable-tender-tracker/Python/core/http.py", line 21, in get_text
    raise RuntimeError(f"Unable to fetch {url}: {last_error}")
RuntimeError: Unable to fetch https://www.tssouthernpower.com/: 403 Client Error: Forbidden for url: https://www.tssouthernpower.com/
2026-09-14 08:20:04,261 INFO daily_update TSSPDCL: 0 accepted; Failed
2026-09-14 08:20:37,822 ERROR connector.TNGECL Connector failed
Traceback (most recent call last):
  File "/home/runner/work/Renewable-tender-tracker/Renewable-tender-tracker/Python/connectors/base.py", line 50, in run
    result.records = self.parse(self.fetch())
                                ^^^^^^^^^^^^
  File "/home/runner/work/Renewable-tender-tracker/Renewable-tender-tracker/Python/connectors/base.py", line 45, in fetch
    return get_text(self.source_url)
           ^^^^^^^^^^^^^^^^^^^^^^^^^
  File "/home/runner/work/Renewable-tender-tracker/Renewable-tender-tracker/Python/core/http.py", line 21, in get_text
    raise RuntimeError(f"Unable to fetch {url}: {last_error}")
RuntimeError: Unable to fetch https://www.tangedco.gov.in/: HTTPSConnectionPool(host='www.tangedco.gov.in', port=443): Max retries exceeded with url: / (Caused by NameResolutionError("HTTPSConnection(host='www.tangedco.gov.in', port=443): Failed to resolve 'www.tangedco.gov.in' ([Errno -3] Temporary failure in name resolution)"))
2026-09-14 08:20:37,822 INFO daily_update TNGECL: 0 accepted; Failed
2026-09-14 08:21:10,690 ERROR connector.TANTRANSCO Connector failed
Traceback (most recent call last):
  File "/home/runner/work/Renewable-tender-tracker/Renewable-tender-tracker/Python/connectors/base.py", line 50, in run
    result.records = self.parse(self.fetch())
                                ^^^^^^^^^^^^
  File "/home/runner/work/Renewable-tender-tracker/Renewable-tender-tracker/Python/connectors/base.py", line 45, in fetch
    return get_text(self.source_url)
           ^^^^^^^^^^^^^^^^^^^^^^^^^
  File "/home/runner/work/Renewable-tender-tracker/Renewable-tender-tracker/Python/core/http.py", line 21, in get_text
    raise RuntimeError(f"Unable to fetch {url}: {last_error}")
RuntimeError: Unable to fetch https://www.tantransco.gov.in/: HTTPSConnectionPool(host='www.tantransco.gov.in', port=443): Max retries exceeded with url: / (Caused by NameResolutionError("HTTPSConnection(host='www.tantransco.gov.in', port=443): Failed to resolve 'www.tantransco.gov.in' ([Errno -3] Temporary failure in name resolution)"))
2026-09-14 08:21:10,690 INFO daily_update TANTRANSCO: 0 accepted; Failed
2026-09-14 08:21:12,437 INFO daily_update GRIDCO: 0 accepted; Success
2026-09-14 08:21:14,303 INFO daily_update HAREDA: 0 accepted; Success
2026-09-14 08:21:18,040 INFO daily_update PSPCL: 0 accepted; Success
2026-09-14 08:21:20,664 INFO daily_update UPNEDA: 0 accepted; Success
2026-09-14 08:21:21,898 INFO daily_update BSPHCL: 0 accepted; Success
2026-09-15 07:56:47,654 INFO daily_update SECI: 12 accepted; Success
2026-09-15 07:56:49,075 INFO daily_update NTPC REL: 1 accepted; Success
2026-09-15 07:57:04,409 INFO daily_update NHPC: 0 accepted; Success
2026-09-15 07:57:06,506 INFO daily_update SJVN: 1 accepted; Success
2026-09-15 08:01:43,912 ERROR connector.NLCIL Connector failed
Traceback (most recent call last):
  File "/home/runner/work/Renewable-tender-tracker/Renewable-tender-tracker/Python/connectors/base.py", line 50, in run
    result.records = self.parse(self.fetch())
                                ^^^^^^^^^^^^
  File "/home/runner/work/Renewable-tender-tracker/Renewable-tender-tracker/Python/connectors/base.py", line 45, in fetch
    return get_text(self.source_url)
           ^^^^^^^^^^^^^^^^^^^^^^^^^
  File "/home/runner/work/Renewable-tender-tracker/Renewable-tender-tracker/Python/core/http.py", line 21, in get_text
    raise RuntimeError(f"Unable to fetch {url}: {last_error}")
RuntimeError: Unable to fetch https://www.nlcindia.in/: HTTPSConnectionPool(host='www.nlcindia.in', port=443): Max retries exceeded with url: / (Caused by ConnectTimeoutError(<HTTPSConnection(host='www.nlcindia.in', port=443) at 0x7fe9ecd8cce0>, 'Connection to www.nlcindia.in timed out. (connect timeout=45)'))
2026-09-15 08:01:43,912 INFO daily_update NLCIL: 0 accepted; Failed
2026-09-15 08:04:10,608 ERROR connector.GUVNL (ISTS) Connector failed
Traceback (most recent call last):
  File "/home/runner/work/Renewable-tender-tracker/Renewable-tender-tracker/Python/connectors/base.py", line 50, in run
    result.records = self.parse(self.fetch())
                                ^^^^^^^^^^^^
  File "/home/runner/work/Renewable-tender-tracker/Renewable-tender-tracker/Python/connectors/base.py", line 45, in fetch
    return get_text(self.source_url)
           ^^^^^^^^^^^^^^^^^^^^^^^^^
  File "/home/runner/work/Renewable-tender-tracker/Renewable-tender-tracker/Python/core/http.py", line 21, in get_text
    raise RuntimeError(f"Unable to fetch {url}: {last_error}")
RuntimeError: Unable to fetch https://www.guvnl.com/: HTTPSConnectionPool(host='www.guvnl.com', port=443): Read timed out.
2026-09-15 08:04:10,609 INFO daily_update GUVNL (ISTS): 0 accepted; Failed
2026-09-15 08:06:32,839 ERROR connector.REMCL Connector failed
Traceback (most recent call last):
  File "/home/runner/work/Renewable-tender-tracker/Renewable-tender-tracker/Python/connectors/base.py", line 50, in run
    result.records = self.parse(self.fetch())
                                ^^^^^^^^^^^^
  File "/home/runner/work/Renewable-tender-tracker/Renewable-tender-tracker/Python/connectors/base.py", line 45, in fetch
    return get_text(self.source_url)
           ^^^^^^^^^^^^^^^^^^^^^^^^^
  File "/home/runner/work/Renewable-tender-tracker/Renewable-tender-tracker/Python/core/http.py", line 21, in get_text
    raise RuntimeError(f"Unable to fetch {url}: {last_error}")
RuntimeError: Unable to fetch https://www.remcl.in/: HTTPSConnectionPool(host='www.remcl.in', port=443): Max retries exceeded with url: / (Caused by ConnectTimeoutError(<HTTPSConnection(host='www.remcl.in', port=443) at 0x7fe9ecdb0b00>, 'Connection to www.remcl.in timed out. (connect timeout=45)'))
2026-09-15 08:06:32,843 INFO daily_update REMCL: 0 accepted; Failed
2026-09-15 08:06:34,601 INFO daily_update RUVNL: 0 accepted; Success
2026-09-15 08:06:35,984 INFO daily_update RVPN: 0 accepted; Success
2026-09-15 08:06:37,257 INFO daily_update KREDL: 0 accepted; Success
2026-09-15 08:09:00,423 ERROR connector.KPTCL Connector failed
Traceback (most recent call last):
  File "/home/runner/work/Renewable-tender-tracker/Renewable-tender-tracker/Python/connectors/base.py", line 50, in run
    result.records = self.parse(self.fetch())
                                ^^^^^^^^^^^^
  File "/home/runner/work/Renewable-tender-tracker/Renewable-tender-tracker/Python/connectors/base.py", line 45, in fetch
    return get_text(self.source_url)
           ^^^^^^^^^^^^^^^^^^^^^^^^^
  File "/home/runner/work/Renewable-tender-tracker/Renewable-tender-tracker/Python/core/http.py", line 21, in get_text
    raise RuntimeError(f"Unable to fetch {url}: {last_error}")
RuntimeError: Unable to fetch https://kptcl.karnataka.gov.in/: HTTPSConnectionPool(host='kptcl.karnataka.gov.in', port=443): Max retries exceeded with url: / (Caused by ConnectTimeoutError(<HTTPSConnection(host='kptcl.karnataka.gov.in', port=443) at 0x7fe9ef4faba0>, 'Connection to kptcl.karnataka.gov.in timed out. (connect timeout=45)'))
2026-09-15 08:09:00,424 INFO daily_update KPTCL: 0 accepted; Failed
2026-09-15 08:09:08,394 ERROR connector.KPCL Connector failed
Traceback (most recent call last):
  File "/home/runner/work/Renewable-tender-tracker/Renewable-tender-tracker/Python/connectors/base.py", line 50, in run
    result.records = self.parse(self.fetch())
                                ^^^^^^^^^^^^
  File "/home/runner/work/Renewable-tender-tracker/Renewable-tender-tracker/Python/connectors/base.py", line 45, in fetch
    return get_text(self.source_url)
           ^^^^^^^^^^^^^^^^^^^^^^^^^
  File "/home/runner/work/Renewable-tender-tracker/Renewable-tender-tracker/Python/core/http.py", line 21, in get_text
    raise RuntimeError(f"Unable to fetch {url}: {last_error}")
RuntimeError: Unable to fetch https://karnatakapower.com/: HTTPSConnectionPool(host='karnatakapower.com', port=443): Max retries exceeded with url: / (Caused by SSLError(SSLCertVerificationError(1, "[SSL: CERTIFICATE_VERIFY_FAILED] certificate verify failed: Hostname mismatch, certificate is not valid for 'karnatakapower.com'. (_ssl.c:1010)")))
2026-09-15 08:09:08,394 INFO daily_update KPCL: 0 accepted; Failed
2026-09-15 08:09:10,504 INFO daily_update MPUVNL: 0 accepted; Success
2026-09-15 08:09:13,521 INFO daily_update MPPMCL: 0 accepted; Success
2026-09-15 08:09:21,364 ERROR connector.MP Urja Vikas Nigam Connector failed
Traceback (most recent call last):
  File "/home/runner/work/Renewable-tender-tracker/Renewable-tender-tracker/Python/connectors/base.py", line 50, in run
    result.records = self.parse(self.fetch())
                                ^^^^^^^^^^^^
  File "/home/runner/work/Renewable-tender-tracker/Renewable-tender-tracker/Python/connectors/base.py", line 45, in fetch
    return get_text(self.source_url)
           ^^^^^^^^^^^^^^^^^^^^^^^^^
  File "/home/runner/work/Renewable-tender-tracker/Renewable-tender-tracker/Python/core/http.py", line 21, in get_text
    raise RuntimeError(f"Unable to fetch {url}: {last_error}")
RuntimeError: Unable to fetch https://www.mprenewable.nic.in/: HTTPSConnectionPool(host='www.mprenewable.nic.in', port=443): Max retries exceeded with url: / (Caused by NameResolutionError("HTTPSConnection(host='www.mprenewable.nic.in', port=443): Failed to resolve 'www.mprenewable.nic.in' ([Errno -2] Name or service not known)"))
2026-09-15 08:09:21,365 INFO daily_update MP Urja Vikas Nigam: 0 accepted; Failed
2026-09-15 08:09:48,109 INFO daily_update MSEDCL: 0 accepted; Success
2026-09-15 08:09:49,824 INFO daily_update MAHAGENCO: 0 accepted; Success
2026-09-15 08:12:17,423 ERROR connector.GUVNL Connector failed
Traceback (most recent call last):
  File "/home/runner/work/Renewable-tender-tracker/Renewable-tender-tracker/Python/connectors/base.py", line 50, in run
    result.records = self.parse(self.fetch())
                                ^^^^^^^^^^^^
  File "/home/runner/work/Renewable-tender-tracker/Renewable-tender-tracker/Python/connectors/base.py", line 45, in fetch
    return get_text(self.source_url)
           ^^^^^^^^^^^^^^^^^^^^^^^^^
  File "/home/runner/work/Renewable-tender-tracker/Renewable-tender-tracker/Python/core/http.py", line 21, in get_text
    raise RuntimeError(f"Unable to fetch {url}: {last_error}")
RuntimeError: Unable to fetch https://www.guvnl.com/: HTTPSConnectionPool(host='www.guvnl.com', port=443): Read timed out.
2026-09-15 08:12:17,424 INFO daily_update GUVNL: 0 accepted; Failed
2026-09-15 08:14:40,736 ERROR connector.GPCL Connector failed
Traceback (most recent call last):
  File "/home/runner/work/Renewable-tender-tracker/Renewable-tender-tracker/Python/connectors/base.py", line 50, in run
    result.records = self.parse(self.fetch())
                                ^^^^^^^^^^^^
  File "/home/runner/work/Renewable-tender-tracker/Renewable-tender-tracker/Python/connectors/base.py", line 45, in fetch
    return get_text(self.source_url)
           ^^^^^^^^^^^^^^^^^^^^^^^^^
  File "/home/runner/work/Renewable-tender-tracker/Renewable-tender-tracker/Python/core/http.py", line 21, in get_text
    raise RuntimeError(f"Unable to fetch {url}: {last_error}")
RuntimeError: Unable to fetch https://gpcl.gujarat.gov.in/: HTTPSConnectionPool(host='gpcl.gujarat.gov.in', port=443): Read timed out. (read timeout=45)
2026-09-15 08:14:40,736 INFO daily_update GPCL: 0 accepted; Failed
2026-09-15 08:14:42,027 INFO daily_update APSPDCL: 0 accepted; Success
2026-09-15 08:14:44,250 INFO daily_update APGENCO: 0 accepted; Success
2026-09-15 08:14:52,960 ERROR connector.NREDCAP Connector failed
Traceback (most recent call last):
  File "/home/runner/work/Renewable-tender-tracker/Renewable-tender-tracker/Python/connectors/base.py", line 50, in run
    result.records = self.parse(self.fetch())
                                ^^^^^^^^^^^^
  File "/home/runner/work/Renewable-tender-tracker/Renewable-tender-tracker/Python/connectors/base.py", line 45, in fetch
    return get_text(self.source_url)
           ^^^^^^^^^^^^^^^^^^^^^^^^^
  File "/home/runner/work/Renewable-tender-tracker/Renewable-tender-tracker/Python/core/http.py", line 21, in get_text
    raise RuntimeError(f"Unable to fetch {url}: {last_error}")
RuntimeError: Unable to fetch https://nredcap.in/: HTTPSConnectionPool(host='nredcap.in', port=443): Max retries exceeded with url: / (Caused by SSLError(SSLCertVerificationError(1, '[SSL: CERTIFICATE_VERIFY_FAILED] certificate verify failed: unable to get local issuer certificate (_ssl.c:1010)')))
2026-09-15 08:14:52,961 INFO daily_update NREDCAP: 0 accepted; Failed
2026-09-15 08:15:01,880 ERROR connector.TGNPDCL Connector failed
Traceback (most recent call last):
  File "/home/runner/work/Renewable-tender-tracker/Renewable-tender-tracker/Python/connectors/base.py", line 50, in run
    result.records = self.parse(self.fetch())
                                ^^^^^^^^^^^^
  File "/home/runner/work/Renewable-tender-tracker/Renewable-tender-tracker/Python/connectors/base.py", line 45, in fetch
    return get_text(self.source_url)
           ^^^^^^^^^^^^^^^^^^^^^^^^^
  File "/home/runner/work/Renewable-tender-tracker/Renewable-tender-tracker/Python/core/http.py", line 21, in get_text
    raise RuntimeError(f"Unable to fetch {url}: {last_error}")
RuntimeError: Unable to fetch https://tgnpdcl.com/: HTTPSConnectionPool(host='tgnpdcl.com', port=443): Max retries exceeded with url: / (Caused by SSLError(SSLError(1, '[SSL: SSLV3_ALERT_HANDSHAKE_FAILURE] sslv3 alert handshake failure (_ssl.c:1010)')))
2026-09-15 08:15:01,881 INFO daily_update TGNPDCL: 0 accepted; Failed
2026-09-15 08:15:09,214 ERROR connector.TSSPDCL Connector failed
Traceback (most recent call last):
  File "/home/runner/work/Renewable-tender-tracker/Renewable-tender-tracker/Python/connectors/base.py", line 50, in run
    result.records = self.parse(self.fetch())
                                ^^^^^^^^^^^^
  File "/home/runner/work/Renewable-tender-tracker/Renewable-tender-tracker/Python/connectors/base.py", line 45, in fetch
    return get_text(self.source_url)
           ^^^^^^^^^^^^^^^^^^^^^^^^^
  File "/home/runner/work/Renewable-tender-tracker/Renewable-tender-tracker/Python/core/http.py", line 21, in get_text
    raise RuntimeError(f"Unable to fetch {url}: {last_error}")
RuntimeError: Unable to fetch https://www.tssouthernpower.com/: 403 Client Error: Forbidden for url: https://www.tssouthernpower.com/
2026-09-15 08:15:09,214 INFO daily_update TSSPDCL: 0 accepted; Failed
2026-09-15 08:15:46,260 ERROR connector.TNGECL Connector failed
Traceback (most recent call last):
  File "/home/runner/work/Renewable-tender-tracker/Renewable-tender-tracker/Python/connectors/base.py", line 50, in run
    result.records = self.parse(self.fetch())
                                ^^^^^^^^^^^^
  File "/home/runner/work/Renewable-tender-tracker/Renewable-tender-tracker/Python/connectors/base.py", line 45, in fetch
    return get_text(self.source_url)
           ^^^^^^^^^^^^^^^^^^^^^^^^^
  File "/home/runner/work/Renewable-tender-tracker/Renewable-tender-tracker/Python/core/http.py", line 21, in get_text
    raise RuntimeError(f"Unable to fetch {url}: {last_error}")
RuntimeError: Unable to fetch https://www.tangedco.gov.in/: HTTPSConnectionPool(host='www.tangedco.gov.in', port=443): Max retries exceeded with url: / (Caused by NameResolutionError("HTTPSConnection(host='www.tangedco.gov.in', port=443): Failed to resolve 'www.tangedco.gov.in' ([Errno -3] Temporary failure in name resolution)"))
2026-09-15 08:15:46,260 INFO daily_update TNGECL: 0 accepted; Failed
2026-09-15 08:16:17,965 ERROR connector.TANTRANSCO Connector failed
Traceback (most recent call last):
  File "/home/runner/work/Renewable-tender-tracker/Renewable-tender-tracker/Python/connectors/base.py", line 50, in run
    result.records = self.parse(self.fetch())
                                ^^^^^^^^^^^^
  File "/home/runner/work/Renewable-tender-tracker/Renewable-tender-tracker/Python/connectors/base.py", line 45, in fetch
    return get_text(self.source_url)
           ^^^^^^^^^^^^^^^^^^^^^^^^^
  File "/home/runner/work/Renewable-tender-tracker/Renewable-tender-tracker/Python/core/http.py", line 21, in get_text
    raise RuntimeError(f"Unable to fetch {url}: {last_error}")
RuntimeError: Unable to fetch https://www.tantransco.gov.in/: HTTPSConnectionPool(host='www.tantransco.gov.in', port=443): Max retries exceeded with url: / (Caused by NameResolutionError("HTTPSConnection(host='www.tantransco.gov.in', port=443): Failed to resolve 'www.tantransco.gov.in' ([Errno -3] Temporary failure in name resolution)"))
2026-09-15 08:16:17,965 INFO daily_update TANTRANSCO: 0 accepted; Failed
2026-09-15 08:16:19,725 INFO daily_update GRIDCO: 0 accepted; Success
2026-09-15 08:16:21,615 INFO daily_update HAREDA: 0 accepted; Success
2026-09-15 08:16:25,558 INFO daily_update PSPCL: 0 accepted; Success
2026-09-15 08:16:28,223 INFO daily_update UPNEDA: 0 accepted; Success
2026-09-15 08:16:29,536 INFO daily_update BSPHCL: 0 accepted; Success
2026-09-16 07:49:36,251 INFO daily_update SECI: 11 accepted; Success
2026-09-16 07:49:37,627 INFO daily_update NTPC REL: 2 accepted; Success
2026-09-16 07:49:55,513 INFO daily_update NHPC: 0 accepted; Success
2026-09-16 07:49:57,917 INFO daily_update SJVN: 1 accepted; Success
2026-09-16 07:54:35,290 ERROR connector.NLCIL Connector failed
Traceback (most recent call last):
  File "/home/runner/work/Renewable-tender-tracker/Renewable-tender-tracker/Python/connectors/base.py", line 50, in run
    result.records = self.parse(self.fetch())
                                ^^^^^^^^^^^^
  File "/home/runner/work/Renewable-tender-tracker/Renewable-tender-tracker/Python/connectors/base.py", line 45, in fetch
    return get_text(self.source_url)
           ^^^^^^^^^^^^^^^^^^^^^^^^^
  File "/home/runner/work/Renewable-tender-tracker/Renewable-tender-tracker/Python/core/http.py", line 21, in get_text
    raise RuntimeError(f"Unable to fetch {url}: {last_error}")
RuntimeError: Unable to fetch https://www.nlcindia.in/: HTTPSConnectionPool(host='www.nlcindia.in', port=443): Max retries exceeded with url: / (Caused by ConnectTimeoutError(<HTTPSConnection(host='www.nlcindia.in', port=443) at 0x7fcade1fa270>, 'Connection to www.nlcindia.in timed out. (connect timeout=45)'))
2026-09-16 07:54:35,290 INFO daily_update NLCIL: 0 accepted; Failed
2026-09-16 07:57:01,938 ERROR connector.GUVNL (ISTS) Connector failed
Traceback (most recent call last):
  File "/home/runner/work/Renewable-tender-tracker/Renewable-tender-tracker/Python/connectors/base.py", line 50, in run
    result.records = self.parse(self.fetch())
                                ^^^^^^^^^^^^
  File "/home/runner/work/Renewable-tender-tracker/Renewable-tender-tracker/Python/connectors/base.py", line 45, in fetch
    return get_text(self.source_url)
           ^^^^^^^^^^^^^^^^^^^^^^^^^
  File "/home/runner/work/Renewable-tender-tracker/Renewable-tender-tracker/Python/core/http.py", line 21, in get_text
    raise RuntimeError(f"Unable to fetch {url}: {last_error}")
RuntimeError: Unable to fetch https://www.guvnl.com/: HTTPSConnectionPool(host='www.guvnl.com', port=443): Read timed out.
2026-09-16 07:57:01,938 INFO daily_update GUVNL (ISTS): 0 accepted; Failed
2026-09-16 07:59:24,444 ERROR connector.REMCL Connector failed
Traceback (most recent call last):
  File "/home/runner/work/Renewable-tender-tracker/Renewable-tender-tracker/Python/connectors/base.py", line 50, in run
    result.records = self.parse(self.fetch())
                                ^^^^^^^^^^^^
  File "/home/runner/work/Renewable-tender-tracker/Renewable-tender-tracker/Python/connectors/base.py", line 45, in fetch
    return get_text(self.source_url)
           ^^^^^^^^^^^^^^^^^^^^^^^^^
  File "/home/runner/work/Renewable-tender-tracker/Renewable-tender-tracker/Python/core/http.py", line 21, in get_text
    raise RuntimeError(f"Unable to fetch {url}: {last_error}")
RuntimeError: Unable to fetch https://www.remcl.in/: HTTPSConnectionPool(host='www.remcl.in', port=443): Max retries exceeded with url: / (Caused by ConnectTimeoutError(<HTTPSConnection(host='www.remcl.in', port=443) at 0x7fcade224d70>, 'Connection to www.remcl.in timed out. (connect timeout=45)'))
2026-09-16 07:59:24,446 INFO daily_update REMCL: 0 accepted; Failed
2026-09-16 07:59:26,221 INFO daily_update RUVNL: 0 accepted; Success
2026-09-16 07:59:28,010 INFO daily_update RVPN: 0 accepted; Success
2026-09-16 07:59:29,293 INFO daily_update KREDL: 0 accepted; Success
2026-09-16 08:01:52,758 ERROR connector.KPTCL Connector failed
Traceback (most recent call last):
  File "/home/runner/work/Renewable-tender-tracker/Renewable-tender-tracker/Python/connectors/base.py", line 50, in run
    result.records = self.parse(self.fetch())
                                ^^^^^^^^^^^^
  File "/home/runner/work/Renewable-tender-tracker/Renewable-tender-tracker/Python/connectors/base.py", line 45, in fetch
    return get_text(self.source_url)
           ^^^^^^^^^^^^^^^^^^^^^^^^^
  File "/home/runner/work/Renewable-tender-tracker/Renewable-tender-tracker/Python/core/http.py", line 21, in get_text
    raise RuntimeError(f"Unable to fetch {url}: {last_error}")
RuntimeError: Unable to fetch https://kptcl.karnataka.gov.in/: HTTPSConnectionPool(host='kptcl.karnataka.gov.in', port=443): Max retries exceeded with url: / (Caused by ConnectTimeoutError(<HTTPSConnection(host='kptcl.karnataka.gov.in', port=443) at 0x7fcae0cbe690>, 'Connection to kptcl.karnataka.gov.in timed out. (connect timeout=45)'))
2026-09-16 08:01:52,759 INFO daily_update KPTCL: 0 accepted; Failed
2026-09-16 08:02:00,749 ERROR connector.KPCL Connector failed
Traceback (most recent call last):
  File "/home/runner/work/Renewable-tender-tracker/Renewable-tender-tracker/Python/connectors/base.py", line 50, in run
    result.records = self.parse(self.fetch())
                                ^^^^^^^^^^^^
  File "/home/runner/work/Renewable-tender-tracker/Renewable-tender-tracker/Python/connectors/base.py", line 45, in fetch
    return get_text(self.source_url)
           ^^^^^^^^^^^^^^^^^^^^^^^^^
  File "/home/runner/work/Renewable-tender-tracker/Renewable-tender-tracker/Python/core/http.py", line 21, in get_text
    raise RuntimeError(f"Unable to fetch {url}: {last_error}")
RuntimeError: Unable to fetch https://karnatakapower.com/: HTTPSConnectionPool(host='karnatakapower.com', port=443): Max retries exceeded with url: / (Caused by SSLError(SSLCertVerificationError(1, "[SSL: CERTIFICATE_VERIFY_FAILED] certificate verify failed: Hostname mismatch, certificate is not valid for 'karnatakapower.com'. (_ssl.c:1010)")))
2026-09-16 08:02:00,749 INFO daily_update KPCL: 0 accepted; Failed
2026-09-16 08:02:02,920 INFO daily_update MPUVNL: 0 accepted; Success
2026-09-16 08:02:03,677 INFO daily_update MPPMCL: 0 accepted; Success
2026-09-16 08:02:11,467 ERROR connector.MP Urja Vikas Nigam Connector failed
Traceback (most recent call last):
  File "/home/runner/work/Renewable-tender-tracker/Renewable-tender-tracker/Python/connectors/base.py", line 50, in run
    result.records = self.parse(self.fetch())
                                ^^^^^^^^^^^^
  File "/home/runner/work/Renewable-tender-tracker/Renewable-tender-tracker/Python/connectors/base.py", line 45, in fetch
    return get_text(self.source_url)
           ^^^^^^^^^^^^^^^^^^^^^^^^^
  File "/home/runner/work/Renewable-tender-tracker/Renewable-tender-tracker/Python/core/http.py", line 21, in get_text
    raise RuntimeError(f"Unable to fetch {url}: {last_error}")
RuntimeError: Unable to fetch https://www.mprenewable.nic.in/: HTTPSConnectionPool(host='www.mprenewable.nic.in', port=443): Max retries exceeded with url: / (Caused by NameResolutionError("HTTPSConnection(host='www.mprenewable.nic.in', port=443): Failed to resolve 'www.mprenewable.nic.in' ([Errno -2] Name or service not known)"))
2026-09-16 08:02:11,468 INFO daily_update MP Urja Vikas Nigam: 0 accepted; Failed
2026-09-16 08:02:49,143 INFO daily_update MSEDCL: 0 accepted; Success
2026-09-16 08:02:51,085 INFO daily_update MAHAGENCO: 0 accepted; Success
2026-09-16 08:05:18,446 ERROR connector.GUVNL Connector failed
Traceback (most recent call last):
  File "/home/runner/work/Renewable-tender-tracker/Renewable-tender-tracker/Python/connectors/base.py", line 50, in run
    result.records = self.parse(self.fetch())
                                ^^^^^^^^^^^^
  File "/home/runner/work/Renewable-tender-tracker/Renewable-tender-tracker/Python/connectors/base.py", line 45, in fetch
    return get_text(self.source_url)
           ^^^^^^^^^^^^^^^^^^^^^^^^^
  File "/home/runner/work/Renewable-tender-tracker/Renewable-tender-tracker/Python/core/http.py", line 21, in get_text
    raise RuntimeError(f"Unable to fetch {url}: {last_error}")
RuntimeError: Unable to fetch https://www.guvnl.com/: HTTPSConnectionPool(host='www.guvnl.com', port=443): Read timed out.
2026-09-16 08:05:18,447 INFO daily_update GUVNL: 0 accepted; Failed
2026-09-16 08:07:41,595 ERROR connector.GPCL Connector failed
Traceback (most recent call last):
  File "/home/runner/work/Renewable-tender-tracker/Renewable-tender-tracker/Python/connectors/base.py", line 50, in run
    result.records = self.parse(self.fetch())
                                ^^^^^^^^^^^^
  File "/home/runner/work/Renewable-tender-tracker/Renewable-tender-tracker/Python/connectors/base.py", line 45, in fetch
    return get_text(self.source_url)
           ^^^^^^^^^^^^^^^^^^^^^^^^^
  File "/home/runner/work/Renewable-tender-tracker/Renewable-tender-tracker/Python/core/http.py", line 21, in get_text
    raise RuntimeError(f"Unable to fetch {url}: {last_error}")
RuntimeError: Unable to fetch https://gpcl.gujarat.gov.in/: HTTPSConnectionPool(host='gpcl.gujarat.gov.in', port=443): Read timed out. (read timeout=45)
2026-09-16 08:07:41,595 INFO daily_update GPCL: 0 accepted; Failed
2026-09-16 08:07:42,823 INFO daily_update APSPDCL: 0 accepted; Success
2026-09-16 08:07:44,985 INFO daily_update APGENCO: 0 accepted; Success
2026-09-16 08:07:53,789 ERROR connector.NREDCAP Connector failed
Traceback (most recent call last):
  File "/home/runner/work/Renewable-tender-tracker/Renewable-tender-tracker/Python/connectors/base.py", line 50, in run
    result.records = self.parse(self.fetch())
                                ^^^^^^^^^^^^
  File "/home/runner/work/Renewable-tender-tracker/Renewable-tender-tracker/Python/connectors/base.py", line 45, in fetch
    return get_text(self.source_url)
           ^^^^^^^^^^^^^^^^^^^^^^^^^
  File "/home/runner/work/Renewable-tender-tracker/Renewable-tender-tracker/Python/core/http.py", line 21, in get_text
    raise RuntimeError(f"Unable to fetch {url}: {last_error}")
RuntimeError: Unable to fetch https://nredcap.in/: HTTPSConnectionPool(host='nredcap.in', port=443): Max retries exceeded with url: / (Caused by SSLError(SSLCertVerificationError(1, '[SSL: CERTIFICATE_VERIFY_FAILED] certificate verify failed: unable to get local issuer certificate (_ssl.c:1010)')))
2026-09-16 08:07:53,790 INFO daily_update NREDCAP: 0 accepted; Failed
2026-09-16 08:08:02,418 ERROR connector.TGNPDCL Connector failed
Traceback (most recent call last):
  File "/home/runner/work/Renewable-tender-tracker/Renewable-tender-tracker/Python/connectors/base.py", line 50, in run
    result.records = self.parse(self.fetch())
                                ^^^^^^^^^^^^
  File "/home/runner/work/Renewable-tender-tracker/Renewable-tender-tracker/Python/connectors/base.py", line 45, in fetch
    return get_text(self.source_url)
           ^^^^^^^^^^^^^^^^^^^^^^^^^
  File "/home/runner/work/Renewable-tender-tracker/Renewable-tender-tracker/Python/core/http.py", line 21, in get_text
    raise RuntimeError(f"Unable to fetch {url}: {last_error}")
RuntimeError: Unable to fetch https://tgnpdcl.com/: HTTPSConnectionPool(host='tgnpdcl.com', port=443): Max retries exceeded with url: / (Caused by SSLError(SSLError(1, '[SSL: SSLV3_ALERT_HANDSHAKE_FAILURE] sslv3 alert handshake failure (_ssl.c:1010)')))
2026-09-16 08:08:02,419 INFO daily_update TGNPDCL: 0 accepted; Failed
2026-09-16 08:08:09,731 ERROR connector.TSSPDCL Connector failed
Traceback (most recent call last):
  File "/home/runner/work/Renewable-tender-tracker/Renewable-tender-tracker/Python/connectors/base.py", line 50, in run
    result.records = self.parse(self.fetch())
                                ^^^^^^^^^^^^
  File "/home/runner/work/Renewable-tender-tracker/Renewable-tender-tracker/Python/connectors/base.py", line 45, in fetch
    return get_text(self.source_url)
           ^^^^^^^^^^^^^^^^^^^^^^^^^
  File "/home/runner/work/Renewable-tender-tracker/Renewable-tender-tracker/Python/core/http.py", line 21, in get_text
    raise RuntimeError(f"Unable to fetch {url}: {last_error}")
RuntimeError: Unable to fetch https://www.tssouthernpower.com/: 403 Client Error: Forbidden for url: https://www.tssouthernpower.com/
2026-09-16 08:08:09,731 INFO daily_update TSSPDCL: 0 accepted; Failed
2026-09-16 08:08:46,777 ERROR connector.TNGECL Connector failed
Traceback (most recent call last):
  File "/home/runner/work/Renewable-tender-tracker/Renewable-tender-tracker/Python/connectors/base.py", line 50, in run
    result.records = self.parse(self.fetch())
                                ^^^^^^^^^^^^
  File "/home/runner/work/Renewable-tender-tracker/Renewable-tender-tracker/Python/connectors/base.py", line 45, in fetch
    return get_text(self.source_url)
           ^^^^^^^^^^^^^^^^^^^^^^^^^
  File "/home/runner/work/Renewable-tender-tracker/Renewable-tender-tracker/Python/core/http.py", line 21, in get_text
    raise RuntimeError(f"Unable to fetch {url}: {last_error}")
RuntimeError: Unable to fetch https://www.tangedco.gov.in/: HTTPSConnectionPool(host='www.tangedco.gov.in', port=443): Max retries exceeded with url: / (Caused by NameResolutionError("HTTPSConnection(host='www.tangedco.gov.in', port=443): Failed to resolve 'www.tangedco.gov.in' ([Errno -3] Temporary failure in name resolution)"))
2026-09-16 08:08:46,777 INFO daily_update TNGECL: 0 accepted; Failed
2026-09-16 08:09:18,966 ERROR connector.TANTRANSCO Connector failed
Traceback (most recent call last):
  File "/home/runner/work/Renewable-tender-tracker/Renewable-tender-tracker/Python/connectors/base.py", line 50, in run
    result.records = self.parse(self.fetch())
                                ^^^^^^^^^^^^
  File "/home/runner/work/Renewable-tender-tracker/Renewable-tender-tracker/Python/connectors/base.py", line 45, in fetch
    return get_text(self.source_url)
           ^^^^^^^^^^^^^^^^^^^^^^^^^
  File "/home/runner/work/Renewable-tender-tracker/Renewable-tender-tracker/Python/core/http.py", line 21, in get_text
    raise RuntimeError(f"Unable to fetch {url}: {last_error}")
RuntimeError: Unable to fetch https://www.tantransco.gov.in/: HTTPSConnectionPool(host='www.tantransco.gov.in', port=443): Max retries exceeded with url: / (Caused by NameResolutionError("HTTPSConnection(host='www.tantransco.gov.in', port=443): Failed to resolve 'www.tantransco.gov.in' ([Errno -3] Temporary failure in name resolution)"))
2026-09-16 08:09:18,966 INFO daily_update TANTRANSCO: 0 accepted; Failed
2026-09-16 08:09:20,645 INFO daily_update GRIDCO: 0 accepted; Success
2026-09-16 08:09:22,832 INFO daily_update HAREDA: 0 accepted; Success
2026-09-16 08:09:26,963 INFO daily_update PSPCL: 0 accepted; Success
2026-09-16 08:09:35,378 INFO daily_update UPNEDA: 0 accepted; Success
2026-09-16 08:09:36,652 INFO daily_update BSPHCL: 0 accepted; Success
2026-09-17 07:54:05,456 INFO daily_update SECI: 11 accepted; Success
2026-09-17 07:54:06,566 INFO daily_update NTPC REL: 3 accepted; Success
2026-09-17 07:54:21,643 INFO daily_update NHPC: 0 accepted; Success
2026-09-17 07:54:23,455 INFO daily_update SJVN: 0 accepted; Success
2026-09-17 07:59:00,879 ERROR connector.NLCIL Connector failed
Traceback (most recent call last):
  File "/home/runner/work/Renewable-tender-tracker/Renewable-tender-tracker/Python/connectors/base.py", line 50, in run
    result.records = self.parse(self.fetch())
                                ^^^^^^^^^^^^
  File "/home/runner/work/Renewable-tender-tracker/Renewable-tender-tracker/Python/connectors/base.py", line 45, in fetch
    return get_text(self.source_url)
           ^^^^^^^^^^^^^^^^^^^^^^^^^
  File "/home/runner/work/Renewable-tender-tracker/Renewable-tender-tracker/Python/core/http.py", line 21, in get_text
    raise RuntimeError(f"Unable to fetch {url}: {last_error}")
RuntimeError: Unable to fetch https://www.nlcindia.in/: HTTPSConnectionPool(host='www.nlcindia.in', port=443): Max retries exceeded with url: / (Caused by ConnectTimeoutError(<HTTPSConnection(host='www.nlcindia.in', port=443) at 0x7fc3bb0e8dd0>, 'Connection to www.nlcindia.in timed out. (connect timeout=45)'))
2026-09-17 07:59:00,880 INFO daily_update NLCIL: 0 accepted; Failed
2026-09-17 08:01:27,510 ERROR connector.GUVNL (ISTS) Connector failed
Traceback (most recent call last):
  File "/home/runner/work/Renewable-tender-tracker/Renewable-tender-tracker/Python/connectors/base.py", line 50, in run
    result.records = self.parse(self.fetch())
                                ^^^^^^^^^^^^
  File "/home/runner/work/Renewable-tender-tracker/Renewable-tender-tracker/Python/connectors/base.py", line 45, in fetch
    return get_text(self.source_url)
           ^^^^^^^^^^^^^^^^^^^^^^^^^
  File "/home/runner/work/Renewable-tender-tracker/Renewable-tender-tracker/Python/core/http.py", line 21, in get_text
    raise RuntimeError(f"Unable to fetch {url}: {last_error}")
RuntimeError: Unable to fetch https://www.guvnl.com/: HTTPSConnectionPool(host='www.guvnl.com', port=443): Read timed out.
2026-09-17 08:01:27,510 INFO daily_update GUVNL (ISTS): 0 accepted; Failed
2026-09-17 08:03:50,069 ERROR connector.REMCL Connector failed
Traceback (most recent call last):
  File "/home/runner/work/Renewable-tender-tracker/Renewable-tender-tracker/Python/connectors/base.py", line 50, in run
    result.records = self.parse(self.fetch())
                                ^^^^^^^^^^^^
  File "/home/runner/work/Renewable-tender-tracker/Renewable-tender-tracker/Python/connectors/base.py", line 45, in fetch
    return get_text(self.source_url)
           ^^^^^^^^^^^^^^^^^^^^^^^^^
  File "/home/runner/work/Renewable-tender-tracker/Renewable-tender-tracker/Python/core/http.py", line 21, in get_text
    raise RuntimeError(f"Unable to fetch {url}: {last_error}")
RuntimeError: Unable to fetch https://www.remcl.in/: HTTPSConnectionPool(host='www.remcl.in', port=443): Max retries exceeded with url: / (Caused by ConnectTimeoutError(<HTTPSConnection(host='www.remcl.in', port=443) at 0x7fc3bb0c3e30>, 'Connection to www.remcl.in timed out. (connect timeout=45)'))
2026-09-17 08:03:50,070 INFO daily_update REMCL: 0 accepted; Failed
2026-09-17 08:03:51,722 INFO daily_update RUVNL: 3 accepted; Success
2026-09-17 08:03:52,953 INFO daily_update RVPN: 0 accepted; Success
2026-09-17 08:03:54,240 INFO daily_update KREDL: 0 accepted; Success
2026-09-17 08:06:17,723 ERROR connector.KPTCL Connector failed
Traceback (most recent call last):
  File "/home/runner/work/Renewable-tender-tracker/Renewable-tender-tracker/Python/connectors/base.py", line 50, in run
    result.records = self.parse(self.fetch())
                                ^^^^^^^^^^^^
  File "/home/runner/work/Renewable-tender-tracker/Renewable-tender-tracker/Python/connectors/base.py", line 45, in fetch
    return get_text(self.source_url)
           ^^^^^^^^^^^^^^^^^^^^^^^^^
  File "/home/runner/work/Renewable-tender-tracker/Renewable-tender-tracker/Python/core/http.py", line 21, in get_text
    raise RuntimeError(f"Unable to fetch {url}: {last_error}")
RuntimeError: Unable to fetch https://kptcl.karnataka.gov.in/: HTTPSConnectionPool(host='kptcl.karnataka.gov.in', port=443): Max retries exceeded with url: / (Caused by ConnectTimeoutError(<HTTPSConnection(host='kptcl.karnataka.gov.in', port=443) at 0x7fc3b933da90>, 'Connection to kptcl.karnataka.gov.in timed out. (connect timeout=45)'))
2026-09-17 08:06:17,723 INFO daily_update KPTCL: 0 accepted; Failed
2026-09-17 08:06:25,458 ERROR connector.KPCL Connector failed
Traceback (most recent call last):
  File "/home/runner/work/Renewable-tender-tracker/Renewable-tender-tracker/Python/connectors/base.py", line 50, in run
    result.records = self.parse(self.fetch())
                                ^^^^^^^^^^^^
  File "/home/runner/work/Renewable-tender-tracker/Renewable-tender-tracker/Python/connectors/base.py", line 45, in fetch
    return get_text(self.source_url)
           ^^^^^^^^^^^^^^^^^^^^^^^^^
  File "/home/runner/work/Renewable-tender-tracker/Renewable-tender-tracker/Python/core/http.py", line 21, in get_text
    raise RuntimeError(f"Unable to fetch {url}: {last_error}")
RuntimeError: Unable to fetch https://karnatakapower.com/: HTTPSConnectionPool(host='karnatakapower.com', port=443): Max retries exceeded with url: / (Caused by SSLError(SSLCertVerificationError(1, "[SSL: CERTIFICATE_VERIFY_FAILED] certificate verify failed: Hostname mismatch, certificate is not valid for 'karnatakapower.com'. (_ssl.c:1010)")))
2026-09-17 08:06:25,459 INFO daily_update KPCL: 0 accepted; Failed
2026-09-17 08:06:27,798 INFO daily_update MPUVNL: 0 accepted; Success
2026-09-17 08:06:28,942 INFO daily_update MPPMCL: 0 accepted; Success
2026-09-17 08:06:36,848 ERROR connector.MP Urja Vikas Nigam Connector failed
Traceback (most recent call last):
  File "/home/runner/work/Renewable-tender-tracker/Renewable-tender-tracker/Python/connectors/base.py", line 50, in run
    result.records = self.parse(self.fetch())
                                ^^^^^^^^^^^^
  File "/home/runner/work/Renewable-tender-tracker/Renewable-tender-tracker/Python/connectors/base.py", line 45, in fetch
    return get_text(self.source_url)
           ^^^^^^^^^^^^^^^^^^^^^^^^^
  File "/home/runner/work/Renewable-tender-tracker/Renewable-tender-tracker/Python/core/http.py", line 21, in get_text
    raise RuntimeError(f"Unable to fetch {url}: {last_error}")
RuntimeError: Unable to fetch https://www.mprenewable.nic.in/: HTTPSConnectionPool(host='www.mprenewable.nic.in', port=443): Max retries exceeded with url: / (Caused by NameResolutionError("HTTPSConnection(host='www.mprenewable.nic.in', port=443): Failed to resolve 'www.mprenewable.nic.in' ([Errno -2] Name or service not known)"))
2026-09-17 08:06:36,849 INFO daily_update MP Urja Vikas Nigam: 0 accepted; Failed
2026-09-17 08:06:41,601 INFO daily_update MSEDCL: 0 accepted; Success
2026-09-17 08:06:44,112 INFO daily_update MAHAGENCO: 0 accepted; Success
2026-09-17 08:09:11,496 ERROR connector.GUVNL Connector failed
Traceback (most recent call last):
  File "/home/runner/work/Renewable-tender-tracker/Renewable-tender-tracker/Python/connectors/base.py", line 50, in run
    result.records = self.parse(self.fetch())
                                ^^^^^^^^^^^^
  File "/home/runner/work/Renewable-tender-tracker/Renewable-tender-tracker/Python/connectors/base.py", line 45, in fetch
    return get_text(self.source_url)
           ^^^^^^^^^^^^^^^^^^^^^^^^^
  File "/home/runner/work/Renewable-tender-tracker/Renewable-tender-tracker/Python/core/http.py", line 21, in get_text
    raise RuntimeError(f"Unable to fetch {url}: {last_error}")
RuntimeError: Unable to fetch https://www.guvnl.com/: HTTPSConnectionPool(host='www.guvnl.com', port=443): Read timed out.
2026-09-17 08:09:11,498 INFO daily_update GUVNL: 0 accepted; Failed
2026-09-17 08:11:34,826 ERROR connector.GPCL Connector failed
Traceback (most recent call last):
  File "/home/runner/work/Renewable-tender-tracker/Renewable-tender-tracker/Python/connectors/base.py", line 50, in run
    result.records = self.parse(self.fetch())
                                ^^^^^^^^^^^^
  File "/home/runner/work/Renewable-tender-tracker/Renewable-tender-tracker/Python/connectors/base.py", line 45, in fetch
    return get_text(self.source_url)
           ^^^^^^^^^^^^^^^^^^^^^^^^^
  File "/home/runner/work/Renewable-tender-tracker/Renewable-tender-tracker/Python/core/http.py", line 21, in get_text
    raise RuntimeError(f"Unable to fetch {url}: {last_error}")
RuntimeError: Unable to fetch https://gpcl.gujarat.gov.in/: HTTPSConnectionPool(host='gpcl.gujarat.gov.in', port=443): Read timed out. (read timeout=45)
2026-09-17 08:11:34,826 INFO daily_update GPCL: 0 accepted; Failed
2026-09-17 08:11:35,969 INFO daily_update APSPDCL: 0 accepted; Success
2026-09-17 08:11:38,199 INFO daily_update APGENCO: 0 accepted; Success
2026-09-17 08:11:47,088 ERROR connector.NREDCAP Connector failed
Traceback (most recent call last):
  File "/home/runner/work/Renewable-tender-tracker/Renewable-tender-tracker/Python/connectors/base.py", line 50, in run
    result.records = self.parse(self.fetch())
                                ^^^^^^^^^^^^
  File "/home/runner/work/Renewable-tender-tracker/Renewable-tender-tracker/Python/connectors/base.py", line 45, in fetch
    return get_text(self.source_url)
           ^^^^^^^^^^^^^^^^^^^^^^^^^
  File "/home/runner/work/Renewable-tender-tracker/Renewable-tender-tracker/Python/core/http.py", line 21, in get_text
    raise RuntimeError(f"Unable to fetch {url}: {last_error}")
RuntimeError: Unable to fetch https://nredcap.in/: HTTPSConnectionPool(host='nredcap.in', port=443): Max retries exceeded with url: / (Caused by SSLError(SSLCertVerificationError(1, '[SSL: CERTIFICATE_VERIFY_FAILED] certificate verify failed: unable to get local issuer certificate (_ssl.c:1010)')))
2026-09-17 08:11:47,090 INFO daily_update NREDCAP: 0 accepted; Failed
2026-09-17 08:11:55,684 ERROR connector.TGNPDCL Connector failed
Traceback (most recent call last):
  File "/home/runner/work/Renewable-tender-tracker/Renewable-tender-tracker/Python/connectors/base.py", line 50, in run
    result.records = self.parse(self.fetch())
                                ^^^^^^^^^^^^
  File "/home/runner/work/Renewable-tender-tracker/Renewable-tender-tracker/Python/connectors/base.py", line 45, in fetch
    return get_text(self.source_url)
           ^^^^^^^^^^^^^^^^^^^^^^^^^
  File "/home/runner/work/Renewable-tender-tracker/Renewable-tender-tracker/Python/core/http.py", line 21, in get_text
    raise RuntimeError(f"Unable to fetch {url}: {last_error}")
RuntimeError: Unable to fetch https://tgnpdcl.com/: HTTPSConnectionPool(host='tgnpdcl.com', port=443): Max retries exceeded with url: / (Caused by SSLError(SSLError(1, '[SSL: SSLV3_ALERT_HANDSHAKE_FAILURE] sslv3 alert handshake failure (_ssl.c:1010)')))
2026-09-17 08:11:55,685 INFO daily_update TGNPDCL: 0 accepted; Failed
2026-09-17 08:12:02,908 ERROR connector.TSSPDCL Connector failed
Traceback (most recent call last):
  File "/home/runner/work/Renewable-tender-tracker/Renewable-tender-tracker/Python/connectors/base.py", line 50, in run
    result.records = self.parse(self.fetch())
                                ^^^^^^^^^^^^
  File "/home/runner/work/Renewable-tender-tracker/Renewable-tender-tracker/Python/connectors/base.py", line 45, in fetch
    return get_text(self.source_url)
           ^^^^^^^^^^^^^^^^^^^^^^^^^
  File "/home/runner/work/Renewable-tender-tracker/Renewable-tender-tracker/Python/core/http.py", line 21, in get_text
    raise RuntimeError(f"Unable to fetch {url}: {last_error}")
RuntimeError: Unable to fetch https://www.tssouthernpower.com/: 403 Client Error: Forbidden for url: https://www.tssouthernpower.com/
2026-09-17 08:12:02,909 INFO daily_update TSSPDCL: 0 accepted; Failed
2026-09-17 08:12:38,855 ERROR connector.TNGECL Connector failed
Traceback (most recent call last):
  File "/home/runner/work/Renewable-tender-tracker/Renewable-tender-tracker/Python/connectors/base.py", line 50, in run
    result.records = self.parse(self.fetch())
                                ^^^^^^^^^^^^
  File "/home/runner/work/Renewable-tender-tracker/Renewable-tender-tracker/Python/connectors/base.py", line 45, in fetch
    return get_text(self.source_url)
           ^^^^^^^^^^^^^^^^^^^^^^^^^
  File "/home/runner/work/Renewable-tender-tracker/Renewable-tender-tracker/Python/core/http.py", line 21, in get_text
    raise RuntimeError(f"Unable to fetch {url}: {last_error}")
RuntimeError: Unable to fetch https://www.tangedco.gov.in/: HTTPSConnectionPool(host='www.tangedco.gov.in', port=443): Max retries exceeded with url: / (Caused by NameResolutionError("HTTPSConnection(host='www.tangedco.gov.in', port=443): Failed to resolve 'www.tangedco.gov.in' ([Errno -3] Temporary failure in name resolution)"))
2026-09-17 08:12:38,856 INFO daily_update TNGECL: 0 accepted; Failed
2026-09-17 08:13:09,365 ERROR connector.TANTRANSCO Connector failed
Traceback (most recent call last):
  File "/home/runner/work/Renewable-tender-tracker/Renewable-tender-tracker/Python/connectors/base.py", line 50, in run
    result.records = self.parse(self.fetch())
                                ^^^^^^^^^^^^
  File "/home/runner/work/Renewable-tender-tracker/Renewable-tender-tracker/Python/connectors/base.py", line 45, in fetch
    return get_text(self.source_url)
           ^^^^^^^^^^^^^^^^^^^^^^^^^
  File "/home/runner/work/Renewable-tender-tracker/Renewable-tender-tracker/Python/core/http.py", line 21, in get_text
    raise RuntimeError(f"Unable to fetch {url}: {last_error}")
RuntimeError: Unable to fetch https://www.tantransco.gov.in/: HTTPSConnectionPool(host='www.tantransco.gov.in', port=443): Max retries exceeded with url: / (Caused by NameResolutionError("HTTPSConnection(host='www.tantransco.gov.in', port=443): Failed to resolve 'www.tantransco.gov.in' ([Errno -3] Temporary failure in name resolution)"))
2026-09-17 08:13:09,365 INFO daily_update TANTRANSCO: 0 accepted; Failed
2026-09-17 08:13:11,159 INFO daily_update GRIDCO: 0 accepted; Success
2026-09-17 08:13:13,276 INFO daily_update HAREDA: 0 accepted; Success
2026-09-17 08:13:17,280 INFO daily_update PSPCL: 0 accepted; Success
2026-09-17 08:13:19,595 INFO daily_update UPNEDA: 0 accepted; Success
2026-09-17 08:13:20,789 INFO daily_update BSPHCL: 0 accepted; Success
2026-09-18 07:32:35,815 INFO daily_update SECI: 11 accepted; Success
2026-09-18 07:32:37,090 INFO daily_update NTPC REL: 3 accepted; Success
2026-09-18 07:32:52,230 INFO daily_update NHPC: 0 accepted; Success
2026-09-18 07:32:54,311 INFO daily_update SJVN: 0 accepted; Success
2026-09-18 07:37:31,626 ERROR connector.NLCIL Connector failed
Traceback (most recent call last):
  File "/home/runner/work/Renewable-tender-tracker/Renewable-tender-tracker/Python/connectors/base.py", line 50, in run
    result.records = self.parse(self.fetch())
                                ^^^^^^^^^^^^
  File "/home/runner/work/Renewable-tender-tracker/Renewable-tender-tracker/Python/connectors/base.py", line 45, in fetch
    return get_text(self.source_url)
           ^^^^^^^^^^^^^^^^^^^^^^^^^
  File "/home/runner/work/Renewable-tender-tracker/Renewable-tender-tracker/Python/core/http.py", line 21, in get_text
    raise RuntimeError(f"Unable to fetch {url}: {last_error}")
RuntimeError: Unable to fetch https://www.nlcindia.in/: HTTPSConnectionPool(host='www.nlcindia.in', port=443): Max retries exceeded with url: / (Caused by ConnectTimeoutError(<HTTPSConnection(host='www.nlcindia.in', port=443) at 0x7ffb412b2090>, 'Connection to www.nlcindia.in timed out. (connect timeout=45)'))
2026-09-18 07:37:31,627 INFO daily_update NLCIL: 0 accepted; Failed
2026-09-18 07:39:58,065 ERROR connector.GUVNL (ISTS) Connector failed
Traceback (most recent call last):
  File "/home/runner/work/Renewable-tender-tracker/Renewable-tender-tracker/Python/connectors/base.py", line 50, in run
    result.records = self.parse(self.fetch())
                                ^^^^^^^^^^^^
  File "/home/runner/work/Renewable-tender-tracker/Renewable-tender-tracker/Python/connectors/base.py", line 45, in fetch
    return get_text(self.source_url)
           ^^^^^^^^^^^^^^^^^^^^^^^^^
  File "/home/runner/work/Renewable-tender-tracker/Renewable-tender-tracker/Python/core/http.py", line 21, in get_text
    raise RuntimeError(f"Unable to fetch {url}: {last_error}")
RuntimeError: Unable to fetch https://www.guvnl.com/: HTTPSConnectionPool(host='www.guvnl.com', port=443): Read timed out.
2026-09-18 07:39:58,065 INFO daily_update GUVNL (ISTS): 0 accepted; Failed
2026-09-18 07:42:20,353 ERROR connector.REMCL Connector failed
Traceback (most recent call last):
  File "/home/runner/work/Renewable-tender-tracker/Renewable-tender-tracker/Python/connectors/base.py", line 50, in run
    result.records = self.parse(self.fetch())
                                ^^^^^^^^^^^^
  File "/home/runner/work/Renewable-tender-tracker/Renewable-tender-tracker/Python/connectors/base.py", line 45, in fetch
    return get_text(self.source_url)
           ^^^^^^^^^^^^^^^^^^^^^^^^^
  File "/home/runner/work/Renewable-tender-tracker/Renewable-tender-tracker/Python/core/http.py", line 21, in get_text
    raise RuntimeError(f"Unable to fetch {url}: {last_error}")
RuntimeError: Unable to fetch https://www.remcl.in/: HTTPSConnectionPool(host='www.remcl.in', port=443): Max retries exceeded with url: / (Caused by ConnectTimeoutError(<HTTPSConnection(host='www.remcl.in', port=443) at 0x7ffb41292870>, 'Connection to www.remcl.in timed out. (connect timeout=45)'))
2026-09-18 07:42:20,354 INFO daily_update REMCL: 0 accepted; Failed
2026-09-18 07:42:21,901 INFO daily_update RUVNL: 0 accepted; Success
2026-09-18 07:42:23,120 INFO daily_update RVPN: 0 accepted; Success
2026-09-18 07:42:24,101 INFO daily_update KREDL: 0 accepted; Success
2026-09-18 07:44:46,913 ERROR connector.KPTCL Connector failed
Traceback (most recent call last):
  File "/home/runner/work/Renewable-tender-tracker/Renewable-tender-tracker/Python/connectors/base.py", line 50, in run
    result.records = self.parse(self.fetch())
                                ^^^^^^^^^^^^
  File "/home/runner/work/Renewable-tender-tracker/Renewable-tender-tracker/Python/connectors/base.py", line 45, in fetch
    return get_text(self.source_url)
           ^^^^^^^^^^^^^^^^^^^^^^^^^
  File "/home/runner/work/Renewable-tender-tracker/Renewable-tender-tracker/Python/core/http.py", line 21, in get_text
    raise RuntimeError(f"Unable to fetch {url}: {last_error}")
RuntimeError: Unable to fetch https://kptcl.karnataka.gov.in/: HTTPSConnectionPool(host='kptcl.karnataka.gov.in', port=443): Max retries exceeded with url: / (Caused by ConnectTimeoutError(<HTTPSConnection(host='kptcl.karnataka.gov.in', port=443) at 0x7ffb43cdeea0>, 'Connection to kptcl.karnataka.gov.in timed out. (connect timeout=45)'))
2026-09-18 07:44:46,913 INFO daily_update KPTCL: 0 accepted; Failed
2026-09-18 07:44:54,997 ERROR connector.KPCL Connector failed
Traceback (most recent call last):
  File "/home/runner/work/Renewable-tender-tracker/Renewable-tender-tracker/Python/connectors/base.py", line 50, in run
    result.records = self.parse(self.fetch())
                                ^^^^^^^^^^^^
  File "/home/runner/work/Renewable-tender-tracker/Renewable-tender-tracker/Python/connectors/base.py", line 45, in fetch
    return get_text(self.source_url)
           ^^^^^^^^^^^^^^^^^^^^^^^^^
  File "/home/runner/work/Renewable-tender-tracker/Renewable-tender-tracker/Python/core/http.py", line 21, in get_text
    raise RuntimeError(f"Unable to fetch {url}: {last_error}")
RuntimeError: Unable to fetch https://karnatakapower.com/: HTTPSConnectionPool(host='karnatakapower.com', port=443): Max retries exceeded with url: / (Caused by SSLError(SSLCertVerificationError(1, "[SSL: CERTIFICATE_VERIFY_FAILED] certificate verify failed: Hostname mismatch, certificate is not valid for 'karnatakapower.com'. (_ssl.c:1010)")))
2026-09-18 07:44:54,998 INFO daily_update KPCL: 0 accepted; Failed
2026-09-18 07:44:56,710 INFO daily_update MPUVNL: 0 accepted; Success
2026-09-18 07:44:57,222 INFO daily_update MPPMCL: 0 accepted; Success
2026-09-18 07:45:04,924 ERROR connector.MP Urja Vikas Nigam Connector failed
Traceback (most recent call last):
  File "/home/runner/work/Renewable-tender-tracker/Renewable-tender-tracker/Python/connectors/base.py", line 50, in run
    result.records = self.parse(self.fetch())
                                ^^^^^^^^^^^^
  File "/home/runner/work/Renewable-tender-tracker/Renewable-tender-tracker/Python/connectors/base.py", line 45, in fetch
    return get_text(self.source_url)
           ^^^^^^^^^^^^^^^^^^^^^^^^^
  File "/home/runner/work/Renewable-tender-tracker/Renewable-tender-tracker/Python/core/http.py", line 21, in get_text
    raise RuntimeError(f"Unable to fetch {url}: {last_error}")
RuntimeError: Unable to fetch https://www.mprenewable.nic.in/: HTTPSConnectionPool(host='www.mprenewable.nic.in', port=443): Max retries exceeded with url: / (Caused by NameResolutionError("HTTPSConnection(host='www.mprenewable.nic.in', port=443): Failed to resolve 'www.mprenewable.nic.in' ([Errno -2] Name or service not known)"))
2026-09-18 07:45:04,924 INFO daily_update MP Urja Vikas Nigam: 0 accepted; Failed
2026-09-18 07:45:09,455 INFO daily_update MSEDCL: 0 accepted; Success
2026-09-18 07:45:11,196 INFO daily_update MAHAGENCO: 0 accepted; Success
2026-09-18 07:47:38,036 ERROR connector.GUVNL Connector failed
Traceback (most recent call last):
  File "/home/runner/work/Renewable-tender-tracker/Renewable-tender-tracker/Python/connectors/base.py", line 50, in run
    result.records = self.parse(self.fetch())
                                ^^^^^^^^^^^^
  File "/home/runner/work/Renewable-tender-tracker/Renewable-tender-tracker/Python/connectors/base.py", line 45, in fetch
    return get_text(self.source_url)
           ^^^^^^^^^^^^^^^^^^^^^^^^^
  File "/home/runner/work/Renewable-tender-tracker/Renewable-tender-tracker/Python/core/http.py", line 21, in get_text
    raise RuntimeError(f"Unable to fetch {url}: {last_error}")
RuntimeError: Unable to fetch https://www.guvnl.com/: HTTPSConnectionPool(host='www.guvnl.com', port=443): Read timed out.
2026-09-18 07:47:38,037 INFO daily_update GUVNL: 0 accepted; Failed
2026-09-18 07:50:14,516 ERROR connector.GPCL Connector failed
Traceback (most recent call last):
  File "/home/runner/work/Renewable-tender-tracker/Renewable-tender-tracker/Python/connectors/base.py", line 50, in run
    result.records = self.parse(self.fetch())
                                ^^^^^^^^^^^^
  File "/home/runner/work/Renewable-tender-tracker/Renewable-tender-tracker/Python/connectors/base.py", line 45, in fetch
    return get_text(self.source_url)
           ^^^^^^^^^^^^^^^^^^^^^^^^^
  File "/home/runner/work/Renewable-tender-tracker/Renewable-tender-tracker/Python/core/http.py", line 21, in get_text
    raise RuntimeError(f"Unable to fetch {url}: {last_error}")
RuntimeError: Unable to fetch https://gpcl.gujarat.gov.in/: HTTPSConnectionPool(host='gpcl.gujarat.gov.in', port=443): Read timed out. (read timeout=45)
2026-09-18 07:50:14,517 INFO daily_update GPCL: 0 accepted; Failed
2026-09-18 07:50:15,761 INFO daily_update APSPDCL: 0 accepted; Success
2026-09-18 07:50:17,930 INFO daily_update APGENCO: 0 accepted; Success
2026-09-18 07:50:26,926 ERROR connector.NREDCAP Connector failed
Traceback (most recent call last):
  File "/home/runner/work/Renewable-tender-tracker/Renewable-tender-tracker/Python/connectors/base.py", line 50, in run
    result.records = self.parse(self.fetch())
                                ^^^^^^^^^^^^
  File "/home/runner/work/Renewable-tender-tracker/Renewable-tender-tracker/Python/connectors/base.py", line 45, in fetch
    return get_text(self.source_url)
           ^^^^^^^^^^^^^^^^^^^^^^^^^
  File "/home/runner/work/Renewable-tender-tracker/Renewable-tender-tracker/Python/core/http.py", line 21, in get_text
    raise RuntimeError(f"Unable to fetch {url}: {last_error}")
RuntimeError: Unable to fetch https://nredcap.in/: HTTPSConnectionPool(host='nredcap.in', port=443): Max retries exceeded with url: / (Caused by SSLError(SSLCertVerificationError(1, '[SSL: CERTIFICATE_VERIFY_FAILED] certificate verify failed: unable to get local issuer certificate (_ssl.c:1010)')))
2026-09-18 07:50:26,927 INFO daily_update NREDCAP: 0 accepted; Failed
2026-09-18 07:50:35,477 ERROR connector.TGNPDCL Connector failed
Traceback (most recent call last):
  File "/home/runner/work/Renewable-tender-tracker/Renewable-tender-tracker/Python/connectors/base.py", line 50, in run
    result.records = self.parse(self.fetch())
                                ^^^^^^^^^^^^
  File "/home/runner/work/Renewable-tender-tracker/Renewable-tender-tracker/Python/connectors/base.py", line 45, in fetch
    return get_text(self.source_url)
           ^^^^^^^^^^^^^^^^^^^^^^^^^
  File "/home/runner/work/Renewable-tender-tracker/Renewable-tender-tracker/Python/core/http.py", line 21, in get_text
    raise RuntimeError(f"Unable to fetch {url}: {last_error}")
RuntimeError: Unable to fetch https://tgnpdcl.com/: HTTPSConnectionPool(host='tgnpdcl.com', port=443): Max retries exceeded with url: / (Caused by SSLError(SSLError(1, '[SSL: SSLV3_ALERT_HANDSHAKE_FAILURE] sslv3 alert handshake failure (_ssl.c:1010)')))
2026-09-18 07:50:35,477 INFO daily_update TGNPDCL: 0 accepted; Failed
2026-09-18 07:50:42,727 ERROR connector.TSSPDCL Connector failed
Traceback (most recent call last):
  File "/home/runner/work/Renewable-tender-tracker/Renewable-tender-tracker/Python/connectors/base.py", line 50, in run
    result.records = self.parse(self.fetch())
                                ^^^^^^^^^^^^
  File "/home/runner/work/Renewable-tender-tracker/Renewable-tender-tracker/Python/connectors/base.py", line 45, in fetch
    return get_text(self.source_url)
           ^^^^^^^^^^^^^^^^^^^^^^^^^
  File "/home/runner/work/Renewable-tender-tracker/Renewable-tender-tracker/Python/core/http.py", line 21, in get_text
    raise RuntimeError(f"Unable to fetch {url}: {last_error}")
RuntimeError: Unable to fetch https://www.tssouthernpower.com/: 403 Client Error: Forbidden for url: https://www.tssouthernpower.com/
2026-09-18 07:50:42,728 INFO daily_update TSSPDCL: 0 accepted; Failed
2026-09-18 07:51:19,784 ERROR connector.TNGECL Connector failed
Traceback (most recent call last):
  File "/home/runner/work/Renewable-tender-tracker/Renewable-tender-tracker/Python/connectors/base.py", line 50, in run
    result.records = self.parse(self.fetch())
                                ^^^^^^^^^^^^
  File "/home/runner/work/Renewable-tender-tracker/Renewable-tender-tracker/Python/connectors/base.py", line 45, in fetch
    return get_text(self.source_url)
           ^^^^^^^^^^^^^^^^^^^^^^^^^
  File "/home/runner/work/Renewable-tender-tracker/Renewable-tender-tracker/Python/core/http.py", line 21, in get_text
    raise RuntimeError(f"Unable to fetch {url}: {last_error}")
RuntimeError: Unable to fetch https://www.tangedco.gov.in/: HTTPSConnectionPool(host='www.tangedco.gov.in', port=443): Max retries exceeded with url: / (Caused by NameResolutionError("HTTPSConnection(host='www.tangedco.gov.in', port=443): Failed to resolve 'www.tangedco.gov.in' ([Errno -3] Temporary failure in name resolution)"))
2026-09-18 07:51:19,785 INFO daily_update TNGECL: 0 accepted; Failed
2026-09-18 07:51:56,836 ERROR connector.TANTRANSCO Connector failed
Traceback (most recent call last):
  File "/home/runner/work/Renewable-tender-tracker/Renewable-tender-tracker/Python/connectors/base.py", line 50, in run
    result.records = self.parse(self.fetch())
                                ^^^^^^^^^^^^
  File "/home/runner/work/Renewable-tender-tracker/Renewable-tender-tracker/Python/connectors/base.py", line 45, in fetch
    return get_text(self.source_url)
           ^^^^^^^^^^^^^^^^^^^^^^^^^
  File "/home/runner/work/Renewable-tender-tracker/Renewable-tender-tracker/Python/core/http.py", line 21, in get_text
    raise RuntimeError(f"Unable to fetch {url}: {last_error}")
RuntimeError: Unable to fetch https://www.tantransco.gov.in/: HTTPSConnectionPool(host='www.tantransco.gov.in', port=443): Max retries exceeded with url: / (Caused by NameResolutionError("HTTPSConnection(host='www.tantransco.gov.in', port=443): Failed to resolve 'www.tantransco.gov.in' ([Errno -3] Temporary failure in name resolution)"))
2026-09-18 07:51:56,836 INFO daily_update TANTRANSCO: 0 accepted; Failed
2026-09-18 07:51:58,465 INFO daily_update GRIDCO: 0 accepted; Success
2026-09-18 07:52:00,444 INFO daily_update HAREDA: 0 accepted; Success
2026-09-18 07:52:03,860 INFO daily_update PSPCL: 0 accepted; Success
2026-09-18 07:52:06,346 INFO daily_update UPNEDA: 0 accepted; Success
2026-09-18 07:52:07,390 INFO daily_update BSPHCL: 0 accepted; Success
2026-09-19 07:28:08,076 INFO daily_update SECI: 11 accepted; Success
2026-09-19 07:28:09,319 INFO daily_update NTPC REL: 3 accepted; Success
2026-09-19 07:28:25,713 INFO daily_update NHPC: 0 accepted; Success
2026-09-19 07:28:27,498 INFO daily_update SJVN: 0 accepted; Success
2026-09-19 07:33:04,904 ERROR connector.NLCIL Connector failed
Traceback (most recent call last):
  File "/home/runner/work/Renewable-tender-tracker/Renewable-tender-tracker/Python/connectors/base.py", line 50, in run
    result.records = self.parse(self.fetch())
                                ^^^^^^^^^^^^
  File "/home/runner/work/Renewable-tender-tracker/Renewable-tender-tracker/Python/connectors/base.py", line 45, in fetch
    return get_text(self.source_url)
           ^^^^^^^^^^^^^^^^^^^^^^^^^
  File "/home/runner/work/Renewable-tender-tracker/Renewable-tender-tracker/Python/core/http.py", line 21, in get_text
    raise RuntimeError(f"Unable to fetch {url}: {last_error}")
RuntimeError: Unable to fetch https://www.nlcindia.in/: HTTPSConnectionPool(host='www.nlcindia.in', port=443): Max retries exceeded with url: / (Caused by ConnectTimeoutError(<HTTPSConnection(host='www.nlcindia.in', port=443) at 0x7f36c9b2fd70>, 'Connection to www.nlcindia.in timed out. (connect timeout=45)'))
2026-09-19 07:33:04,904 INFO daily_update NLCIL: 0 accepted; Failed
2026-09-19 07:33:14,686 ERROR connector.GUVNL (ISTS) Connector failed
Traceback (most recent call last):
  File "/home/runner/work/Renewable-tender-tracker/Renewable-tender-tracker/Python/connectors/base.py", line 50, in run
    result.records = self.parse(self.fetch())
                                ^^^^^^^^^^^^
  File "/home/runner/work/Renewable-tender-tracker/Renewable-tender-tracker/Python/connectors/base.py", line 45, in fetch
    return get_text(self.source_url)
           ^^^^^^^^^^^^^^^^^^^^^^^^^
  File "/home/runner/work/Renewable-tender-tracker/Renewable-tender-tracker/Python/core/http.py", line 21, in get_text
    raise RuntimeError(f"Unable to fetch {url}: {last_error}")
RuntimeError: Unable to fetch https://www.guvnl.com/: HTTPSConnectionPool(host='www.guvnl.com', port=443): Max retries exceeded with url: / (Caused by SSLError(SSLEOFError(8, '[SSL: UNEXPECTED_EOF_WHILE_READING] EOF occurred in violation of protocol (_ssl.c:1010)')))
2026-09-19 07:33:14,687 INFO daily_update GUVNL (ISTS): 0 accepted; Failed
2026-09-19 07:35:36,972 ERROR connector.REMCL Connector failed
Traceback (most recent call last):
  File "/home/runner/work/Renewable-tender-tracker/Renewable-tender-tracker/Python/connectors/base.py", line 50, in run
    result.records = self.parse(self.fetch())
                                ^^^^^^^^^^^^
  File "/home/runner/work/Renewable-tender-tracker/Renewable-tender-tracker/Python/connectors/base.py", line 45, in fetch
    return get_text(self.source_url)
           ^^^^^^^^^^^^^^^^^^^^^^^^^
  File "/home/runner/work/Renewable-tender-tracker/Renewable-tender-tracker/Python/core/http.py", line 21, in get_text
    raise RuntimeError(f"Unable to fetch {url}: {last_error}")
RuntimeError: Unable to fetch https://www.remcl.in/: HTTPSConnectionPool(host='www.remcl.in', port=443): Max retries exceeded with url: / (Caused by ConnectTimeoutError(<HTTPSConnection(host='www.remcl.in', port=443) at 0x7f36c9b2f3e0>, 'Connection to www.remcl.in timed out. (connect timeout=45)'))
2026-09-19 07:35:36,972 INFO daily_update REMCL: 0 accepted; Failed
2026-09-19 07:35:38,472 INFO daily_update RUVNL: 0 accepted; Success
2026-09-19 07:35:39,648 INFO daily_update RVPN: 0 accepted; Success
2026-09-19 07:35:40,634 INFO daily_update KREDL: 0 accepted; Success
2026-09-19 07:38:03,746 ERROR connector.KPTCL Connector failed
Traceback (most recent call last):
  File "/home/runner/work/Renewable-tender-tracker/Renewable-tender-tracker/Python/connectors/base.py", line 50, in run
    result.records = self.parse(self.fetch())
                                ^^^^^^^^^^^^
  File "/home/runner/work/Renewable-tender-tracker/Renewable-tender-tracker/Python/connectors/base.py", line 45, in fetch
    return get_text(self.source_url)
           ^^^^^^^^^^^^^^^^^^^^^^^^^
  File "/home/runner/work/Renewable-tender-tracker/Renewable-tender-tracker/Python/core/http.py", line 21, in get_text
    raise RuntimeError(f"Unable to fetch {url}: {last_error}")
RuntimeError: Unable to fetch https://kptcl.karnataka.gov.in/: HTTPSConnectionPool(host='kptcl.karnataka.gov.in', port=443): Max retries exceeded with url: / (Caused by ConnectTimeoutError(<HTTPSConnection(host='kptcl.karnataka.gov.in', port=443) at 0x7f36c9121fa0>, 'Connection to kptcl.karnataka.gov.in timed out. (connect timeout=45)'))
2026-09-19 07:38:03,746 INFO daily_update KPTCL: 0 accepted; Failed
2026-09-19 07:38:11,405 ERROR connector.KPCL Connector failed
Traceback (most recent call last):
  File "/home/runner/work/Renewable-tender-tracker/Renewable-tender-tracker/Python/connectors/base.py", line 50, in run
    result.records = self.parse(self.fetch())
                                ^^^^^^^^^^^^
  File "/home/runner/work/Renewable-tender-tracker/Renewable-tender-tracker/Python/connectors/base.py", line 45, in fetch
    return get_text(self.source_url)
           ^^^^^^^^^^^^^^^^^^^^^^^^^
  File "/home/runner/work/Renewable-tender-tracker/Renewable-tender-tracker/Python/core/http.py", line 21, in get_text
    raise RuntimeError(f"Unable to fetch {url}: {last_error}")
RuntimeError: Unable to fetch https://karnatakapower.com/: HTTPSConnectionPool(host='karnatakapower.com', port=443): Max retries exceeded with url: / (Caused by SSLError(SSLCertVerificationError(1, "[SSL: CERTIFICATE_VERIFY_FAILED] certificate verify failed: Hostname mismatch, certificate is not valid for 'karnatakapower.com'. (_ssl.c:1010)")))
2026-09-19 07:38:11,408 INFO daily_update KPCL: 0 accepted; Failed
2026-09-19 07:38:13,348 INFO daily_update MPUVNL: 3 accepted; Success
2026-09-19 07:38:13,761 INFO daily_update MPPMCL: 0 accepted; Success
2026-09-19 07:38:21,450 ERROR connector.MP Urja Vikas Nigam Connector failed
Traceback (most recent call last):
  File "/home/runner/work/Renewable-tender-tracker/Renewable-tender-tracker/Python/connectors/base.py", line 50, in run
    result.records = self.parse(self.fetch())
                                ^^^^^^^^^^^^
  File "/home/runner/work/Renewable-tender-tracker/Renewable-tender-tracker/Python/connectors/base.py", line 45, in fetch
    return get_text(self.source_url)
           ^^^^^^^^^^^^^^^^^^^^^^^^^
  File "/home/runner/work/Renewable-tender-tracker/Renewable-tender-tracker/Python/core/http.py", line 21, in get_text
    raise RuntimeError(f"Unable to fetch {url}: {last_error}")
RuntimeError: Unable to fetch https://www.mprenewable.nic.in/: HTTPSConnectionPool(host='www.mprenewable.nic.in', port=443): Max retries exceeded with url: / (Caused by NameResolutionError("HTTPSConnection(host='www.mprenewable.nic.in', port=443): Failed to resolve 'www.mprenewable.nic.in' ([Errno -2] Name or service not known)"))
2026-09-19 07:38:21,451 INFO daily_update MP Urja Vikas Nigam: 0 accepted; Failed
2026-09-19 07:38:25,943 INFO daily_update MSEDCL: 0 accepted; Success
2026-09-19 07:38:27,667 INFO daily_update MAHAGENCO: 0 accepted; Success
2026-09-19 07:38:37,576 ERROR connector.GUVNL Connector failed
Traceback (most recent call last):
  File "/home/runner/work/Renewable-tender-tracker/Renewable-tender-tracker/Python/connectors/base.py", line 50, in run
    result.records = self.parse(self.fetch())
                                ^^^^^^^^^^^^
  File "/home/runner/work/Renewable-tender-tracker/Renewable-tender-tracker/Python/connectors/base.py", line 45, in fetch
    return get_text(self.source_url)
           ^^^^^^^^^^^^^^^^^^^^^^^^^
  File "/home/runner/work/Renewable-tender-tracker/Renewable-tender-tracker/Python/core/http.py", line 21, in get_text
    raise RuntimeError(f"Unable to fetch {url}: {last_error}")
RuntimeError: Unable to fetch https://www.guvnl.com/: HTTPSConnectionPool(host='www.guvnl.com', port=443): Max retries exceeded with url: / (Caused by SSLError(SSLEOFError(8, '[SSL: UNEXPECTED_EOF_WHILE_READING] EOF occurred in violation of protocol (_ssl.c:1010)')))
2026-09-19 07:38:37,576 INFO daily_update GUVNL: 0 accepted; Failed
2026-09-19 07:41:00,694 ERROR connector.GPCL Connector failed
Traceback (most recent call last):
  File "/home/runner/work/Renewable-tender-tracker/Renewable-tender-tracker/Python/connectors/base.py", line 50, in run
    result.records = self.parse(self.fetch())
                                ^^^^^^^^^^^^
  File "/home/runner/work/Renewable-tender-tracker/Renewable-tender-tracker/Python/connectors/base.py", line 45, in fetch
    return get_text(self.source_url)
           ^^^^^^^^^^^^^^^^^^^^^^^^^
  File "/home/runner/work/Renewable-tender-tracker/Renewable-tender-tracker/Python/core/http.py", line 21, in get_text
    raise RuntimeError(f"Unable to fetch {url}: {last_error}")
RuntimeError: Unable to fetch https://gpcl.gujarat.gov.in/: HTTPSConnectionPool(host='gpcl.gujarat.gov.in', port=443): Read timed out. (read timeout=45)
2026-09-19 07:41:00,694 INFO daily_update GPCL: 0 accepted; Failed
2026-09-19 07:41:01,830 INFO daily_update APSPDCL: 0 accepted; Success
2026-09-19 07:41:03,969 INFO daily_update APGENCO: 0 accepted; Success
2026-09-19 07:41:12,668 ERROR connector.NREDCAP Connector failed
Traceback (most recent call last):
  File "/home/runner/work/Renewable-tender-tracker/Renewable-tender-tracker/Python/connectors/base.py", line 50, in run
    result.records = self.parse(self.fetch())
                                ^^^^^^^^^^^^
  File "/home/runner/work/Renewable-tender-tracker/Renewable-tender-tracker/Python/connectors/base.py", line 45, in fetch
    return get_text(self.source_url)
           ^^^^^^^^^^^^^^^^^^^^^^^^^
  File "/home/runner/work/Renewable-tender-tracker/Renewable-tender-tracker/Python/core/http.py", line 21, in get_text
    raise RuntimeError(f"Unable to fetch {url}: {last_error}")
RuntimeError: Unable to fetch https://nredcap.in/: HTTPSConnectionPool(host='nredcap.in', port=443): Max retries exceeded with url: / (Caused by SSLError(SSLCertVerificationError(1, '[SSL: CERTIFICATE_VERIFY_FAILED] certificate verify failed: unable to get local issuer certificate (_ssl.c:1010)')))
2026-09-19 07:41:12,669 INFO daily_update NREDCAP: 0 accepted; Failed
2026-09-19 07:41:21,141 ERROR connector.TGNPDCL Connector failed
Traceback (most recent call last):
  File "/home/runner/work/Renewable-tender-tracker/Renewable-tender-tracker/Python/connectors/base.py", line 50, in run
    result.records = self.parse(self.fetch())
                                ^^^^^^^^^^^^
  File "/home/runner/work/Renewable-tender-tracker/Renewable-tender-tracker/Python/connectors/base.py", line 45, in fetch
    return get_text(self.source_url)
           ^^^^^^^^^^^^^^^^^^^^^^^^^
  File "/home/runner/work/Renewable-tender-tracker/Renewable-tender-tracker/Python/core/http.py", line 21, in get_text
    raise RuntimeError(f"Unable to fetch {url}: {last_error}")
RuntimeError: Unable to fetch https://tgnpdcl.com/: HTTPSConnectionPool(host='tgnpdcl.com', port=443): Max retries exceeded with url: / (Caused by SSLError(SSLError(1, '[SSL: SSLV3_ALERT_HANDSHAKE_FAILURE] sslv3 alert handshake failure (_ssl.c:1010)')))
2026-09-19 07:41:21,142 INFO daily_update TGNPDCL: 0 accepted; Failed
2026-09-19 07:41:28,377 ERROR connector.TSSPDCL Connector failed
Traceback (most recent call last):
  File "/home/runner/work/Renewable-tender-tracker/Renewable-tender-tracker/Python/connectors/base.py", line 50, in run
    result.records = self.parse(self.fetch())
                                ^^^^^^^^^^^^
  File "/home/runner/work/Renewable-tender-tracker/Renewable-tender-tracker/Python/connectors/base.py", line 45, in fetch
    return get_text(self.source_url)
           ^^^^^^^^^^^^^^^^^^^^^^^^^
  File "/home/runner/work/Renewable-tender-tracker/Renewable-tender-tracker/Python/core/http.py", line 21, in get_text
    raise RuntimeError(f"Unable to fetch {url}: {last_error}")
RuntimeError: Unable to fetch https://www.tssouthernpower.com/: 403 Client Error: Forbidden for url: https://www.tssouthernpower.com/
2026-09-19 07:41:28,378 INFO daily_update TSSPDCL: 0 accepted; Failed
2026-09-19 07:42:04,582 ERROR connector.TNGECL Connector failed
Traceback (most recent call last):
  File "/home/runner/work/Renewable-tender-tracker/Renewable-tender-tracker/Python/connectors/base.py", line 50, in run
    result.records = self.parse(self.fetch())
                                ^^^^^^^^^^^^
  File "/home/runner/work/Renewable-tender-tracker/Renewable-tender-tracker/Python/connectors/base.py", line 45, in fetch
    return get_text(self.source_url)
           ^^^^^^^^^^^^^^^^^^^^^^^^^
  File "/home/runner/work/Renewable-tender-tracker/Renewable-tender-tracker/Python/core/http.py", line 21, in get_text
    raise RuntimeError(f"Unable to fetch {url}: {last_error}")
RuntimeError: Unable to fetch https://www.tangedco.gov.in/: HTTPSConnectionPool(host='www.tangedco.gov.in', port=443): Max retries exceeded with url: / (Caused by NameResolutionError("HTTPSConnection(host='www.tangedco.gov.in', port=443): Failed to resolve 'www.tangedco.gov.in' ([Errno -3] Temporary failure in name resolution)"))
2026-09-19 07:42:04,582 INFO daily_update TNGECL: 0 accepted; Failed
2026-09-19 07:42:39,483 ERROR connector.TANTRANSCO Connector failed
Traceback (most recent call last):
  File "/home/runner/work/Renewable-tender-tracker/Renewable-tender-tracker/Python/connectors/base.py", line 50, in run
    result.records = self.parse(self.fetch())
                                ^^^^^^^^^^^^
  File "/home/runner/work/Renewable-tender-tracker/Renewable-tender-tracker/Python/connectors/base.py", line 45, in fetch
    return get_text(self.source_url)
           ^^^^^^^^^^^^^^^^^^^^^^^^^
  File "/home/runner/work/Renewable-tender-tracker/Renewable-tender-tracker/Python/core/http.py", line 21, in get_text
    raise RuntimeError(f"Unable to fetch {url}: {last_error}")
RuntimeError: Unable to fetch https://www.tantransco.gov.in/: HTTPSConnectionPool(host='www.tantransco.gov.in', port=443): Max retries exceeded with url: / (Caused by NameResolutionError("HTTPSConnection(host='www.tantransco.gov.in', port=443): Failed to resolve 'www.tantransco.gov.in' ([Errno -3] Temporary failure in name resolution)"))
2026-09-19 07:42:39,484 INFO daily_update TANTRANSCO: 0 accepted; Failed
2026-09-19 07:42:41,029 INFO daily_update GRIDCO: 0 accepted; Success
2026-09-19 07:42:42,909 INFO daily_update HAREDA: 0 accepted; Success
2026-09-19 07:42:46,019 INFO daily_update PSPCL: 0 accepted; Success
2026-09-19 07:42:47,967 INFO daily_update UPNEDA: 0 accepted; Success
2026-09-19 07:42:49,050 INFO daily_update BSPHCL: 0 accepted; Success
2026-09-20 07:51:55,627 INFO daily_update SECI: 11 accepted; Success
2026-09-20 07:51:56,798 INFO daily_update NTPC REL: 3 accepted; Success
2026-09-20 07:52:11,878 INFO daily_update NHPC: 0 accepted; Success
2026-09-20 07:52:13,631 INFO daily_update SJVN: 0 accepted; Success
2026-09-20 07:56:51,129 ERROR connector.NLCIL Connector failed
Traceback (most recent call last):
  File "/home/runner/work/Renewable-tender-tracker/Renewable-tender-tracker/Python/connectors/base.py", line 50, in run
    result.records = self.parse(self.fetch())
                                ^^^^^^^^^^^^
  File "/home/runner/work/Renewable-tender-tracker/Renewable-tender-tracker/Python/connectors/base.py", line 45, in fetch
    return get_text(self.source_url)
           ^^^^^^^^^^^^^^^^^^^^^^^^^
  File "/home/runner/work/Renewable-tender-tracker/Renewable-tender-tracker/Python/core/http.py", line 21, in get_text
    raise RuntimeError(f"Unable to fetch {url}: {last_error}")
RuntimeError: Unable to fetch https://www.nlcindia.in/: HTTPSConnectionPool(host='www.nlcindia.in', port=443): Max retries exceeded with url: / (Caused by ConnectTimeoutError(<HTTPSConnection(host='www.nlcindia.in', port=443) at 0x7f2659439e80>, 'Connection to www.nlcindia.in timed out. (connect timeout=45)'))
2026-09-20 07:56:51,130 INFO daily_update NLCIL: 0 accepted; Failed
2026-09-20 07:57:00,788 ERROR connector.GUVNL (ISTS) Connector failed
Traceback (most recent call last):
  File "/home/runner/work/Renewable-tender-tracker/Renewable-tender-tracker/Python/connectors/base.py", line 50, in run
    result.records = self.parse(self.fetch())
                                ^^^^^^^^^^^^
  File "/home/runner/work/Renewable-tender-tracker/Renewable-tender-tracker/Python/connectors/base.py", line 45, in fetch
    return get_text(self.source_url)
           ^^^^^^^^^^^^^^^^^^^^^^^^^
  File "/home/runner/work/Renewable-tender-tracker/Renewable-tender-tracker/Python/core/http.py", line 21, in get_text
    raise RuntimeError(f"Unable to fetch {url}: {last_error}")
RuntimeError: Unable to fetch https://www.guvnl.com/: HTTPSConnectionPool(host='www.guvnl.com', port=443): Max retries exceeded with url: / (Caused by SSLError(SSLEOFError(8, '[SSL: UNEXPECTED_EOF_WHILE_READING] EOF occurred in violation of protocol (_ssl.c:1010)')))
2026-09-20 07:57:00,788 INFO daily_update GUVNL (ISTS): 0 accepted; Failed
2026-09-20 07:59:23,172 ERROR connector.REMCL Connector failed
Traceback (most recent call last):
  File "/home/runner/work/Renewable-tender-tracker/Renewable-tender-tracker/Python/connectors/base.py", line 50, in run
    result.records = self.parse(self.fetch())
                                ^^^^^^^^^^^^
  File "/home/runner/work/Renewable-tender-tracker/Renewable-tender-tracker/Python/connectors/base.py", line 45, in fetch
    return get_text(self.source_url)
           ^^^^^^^^^^^^^^^^^^^^^^^^^
  File "/home/runner/work/Renewable-tender-tracker/Renewable-tender-tracker/Python/core/http.py", line 21, in get_text
    raise RuntimeError(f"Unable to fetch {url}: {last_error}")
RuntimeError: Unable to fetch https://www.remcl.in/: HTTPSConnectionPool(host='www.remcl.in', port=443): Max retries exceeded with url: / (Caused by ConnectTimeoutError(<HTTPSConnection(host='www.remcl.in', port=443) at 0x7f265940bb00>, 'Connection to www.remcl.in timed out. (connect timeout=45)'))
2026-09-20 07:59:23,175 INFO daily_update REMCL: 0 accepted; Failed
2026-09-20 07:59:24,608 INFO daily_update RUVNL: 0 accepted; Success
2026-09-20 07:59:25,749 INFO daily_update RVPN: 0 accepted; Success
2026-09-20 07:59:27,009 INFO daily_update KREDL: 0 accepted; Success
2026-09-20 08:01:50,050 ERROR connector.KPTCL Connector failed
Traceback (most recent call last):
  File "/home/runner/work/Renewable-tender-tracker/Renewable-tender-tracker/Python/connectors/base.py", line 50, in run
    result.records = self.parse(self.fetch())
                                ^^^^^^^^^^^^
  File "/home/runner/work/Renewable-tender-tracker/Renewable-tender-tracker/Python/connectors/base.py", line 45, in fetch
    return get_text(self.source_url)
           ^^^^^^^^^^^^^^^^^^^^^^^^^
  File "/home/runner/work/Renewable-tender-tracker/Renewable-tender-tracker/Python/core/http.py", line 21, in get_text
    raise RuntimeError(f"Unable to fetch {url}: {last_error}")
RuntimeError: Unable to fetch https://kptcl.karnataka.gov.in/: HTTPSConnectionPool(host='kptcl.karnataka.gov.in', port=443): Max retries exceeded with url: / (Caused by ConnectTimeoutError(<HTTPSConnection(host='kptcl.karnataka.gov.in', port=443) at 0x7f265e5ac9b0>, 'Connection to kptcl.karnataka.gov.in timed out. (connect timeout=45)'))
2026-09-20 08:01:50,051 INFO daily_update KPTCL: 0 accepted; Failed
2026-09-20 08:01:57,679 ERROR connector.KPCL Connector failed
Traceback (most recent call last):
  File "/home/runner/work/Renewable-tender-tracker/Renewable-tender-tracker/Python/connectors/base.py", line 50, in run
    result.records = self.parse(self.fetch())
                                ^^^^^^^^^^^^
  File "/home/runner/work/Renewable-tender-tracker/Renewable-tender-tracker/Python/connectors/base.py", line 45, in fetch
    return get_text(self.source_url)
           ^^^^^^^^^^^^^^^^^^^^^^^^^
  File "/home/runner/work/Renewable-tender-tracker/Renewable-tender-tracker/Python/core/http.py", line 21, in get_text
    raise RuntimeError(f"Unable to fetch {url}: {last_error}")
RuntimeError: Unable to fetch https://karnatakapower.com/: HTTPSConnectionPool(host='karnatakapower.com', port=443): Max retries exceeded with url: / (Caused by SSLError(SSLCertVerificationError(1, "[SSL: CERTIFICATE_VERIFY_FAILED] certificate verify failed: Hostname mismatch, certificate is not valid for 'karnatakapower.com'. (_ssl.c:1010)")))
2026-09-20 08:01:57,679 INFO daily_update KPCL: 0 accepted; Failed
2026-09-20 08:01:59,304 INFO daily_update MPUVNL: 0 accepted; Success
2026-09-20 08:01:59,666 INFO daily_update MPPMCL: 0 accepted; Success
2026-09-20 08:02:07,320 ERROR connector.MP Urja Vikas Nigam Connector failed
Traceback (most recent call last):
  File "/home/runner/work/Renewable-tender-tracker/Renewable-tender-tracker/Python/connectors/base.py", line 50, in run
    result.records = self.parse(self.fetch())
                                ^^^^^^^^^^^^
  File "/home/runner/work/Renewable-tender-tracker/Renewable-tender-tracker/Python/connectors/base.py", line 45, in fetch
    return get_text(self.source_url)
           ^^^^^^^^^^^^^^^^^^^^^^^^^
  File "/home/runner/work/Renewable-tender-tracker/Renewable-tender-tracker/Python/core/http.py", line 21, in get_text
    raise RuntimeError(f"Unable to fetch {url}: {last_error}")
RuntimeError: Unable to fetch https://www.mprenewable.nic.in/: HTTPSConnectionPool(host='www.mprenewable.nic.in', port=443): Max retries exceeded with url: / (Caused by NameResolutionError("HTTPSConnection(host='www.mprenewable.nic.in', port=443): Failed to resolve 'www.mprenewable.nic.in' ([Errno -2] Name or service not known)"))
2026-09-20 08:02:07,320 INFO daily_update MP Urja Vikas Nigam: 0 accepted; Failed
2026-09-20 08:02:24,057 INFO daily_update MSEDCL: 0 accepted; Success
2026-09-20 08:02:25,800 INFO daily_update MAHAGENCO: 0 accepted; Success
2026-09-20 08:02:35,516 ERROR connector.GUVNL Connector failed
Traceback (most recent call last):
  File "/home/runner/work/Renewable-tender-tracker/Renewable-tender-tracker/Python/connectors/base.py", line 50, in run
    result.records = self.parse(self.fetch())
                                ^^^^^^^^^^^^
  File "/home/runner/work/Renewable-tender-tracker/Renewable-tender-tracker/Python/connectors/base.py", line 45, in fetch
    return get_text(self.source_url)
           ^^^^^^^^^^^^^^^^^^^^^^^^^
  File "/home/runner/work/Renewable-tender-tracker/Renewable-tender-tracker/Python/core/http.py", line 21, in get_text
    raise RuntimeError(f"Unable to fetch {url}: {last_error}")
RuntimeError: Unable to fetch https://www.guvnl.com/: HTTPSConnectionPool(host='www.guvnl.com', port=443): Max retries exceeded with url: / (Caused by SSLError(SSLEOFError(8, '[SSL: UNEXPECTED_EOF_WHILE_READING] EOF occurred in violation of protocol (_ssl.c:1010)')))
2026-09-20 08:02:35,516 INFO daily_update GUVNL: 0 accepted; Failed
2026-09-20 08:04:58,578 ERROR connector.GPCL Connector failed
Traceback (most recent call last):
  File "/home/runner/work/Renewable-tender-tracker/Renewable-tender-tracker/Python/connectors/base.py", line 50, in run
    result.records = self.parse(self.fetch())
                                ^^^^^^^^^^^^
  File "/home/runner/work/Renewable-tender-tracker/Renewable-tender-tracker/Python/connectors/base.py", line 45, in fetch
    return get_text(self.source_url)
           ^^^^^^^^^^^^^^^^^^^^^^^^^
  File "/home/runner/work/Renewable-tender-tracker/Renewable-tender-tracker/Python/core/http.py", line 21, in get_text
    raise RuntimeError(f"Unable to fetch {url}: {last_error}")
RuntimeError: Unable to fetch https://gpcl.gujarat.gov.in/: HTTPSConnectionPool(host='gpcl.gujarat.gov.in', port=443): Read timed out. (read timeout=45)
2026-09-20 08:04:58,579 INFO daily_update GPCL: 0 accepted; Failed
2026-09-20 08:04:59,834 INFO daily_update APSPDCL: 0 accepted; Success
2026-09-20 08:05:01,810 INFO daily_update APGENCO: 0 accepted; Success
2026-09-20 08:05:10,410 ERROR connector.NREDCAP Connector failed
Traceback (most recent call last):
  File "/home/runner/work/Renewable-tender-tracker/Renewable-tender-tracker/Python/connectors/base.py", line 50, in run
    result.records = self.parse(self.fetch())
                                ^^^^^^^^^^^^
  File "/home/runner/work/Renewable-tender-tracker/Renewable-tender-tracker/Python/connectors/base.py", line 45, in fetch
    return get_text(self.source_url)
           ^^^^^^^^^^^^^^^^^^^^^^^^^
  File "/home/runner/work/Renewable-tender-tracker/Renewable-tender-tracker/Python/core/http.py", line 21, in get_text
    raise RuntimeError(f"Unable to fetch {url}: {last_error}")
RuntimeError: Unable to fetch https://nredcap.in/: HTTPSConnectionPool(host='nredcap.in', port=443): Max retries exceeded with url: / (Caused by SSLError(SSLCertVerificationError(1, '[SSL: CERTIFICATE_VERIFY_FAILED] certificate verify failed: unable to get local issuer certificate (_ssl.c:1010)')))
2026-09-20 08:05:10,410 INFO daily_update NREDCAP: 0 accepted; Failed
2026-09-20 08:05:19,037 ERROR connector.TGNPDCL Connector failed
Traceback (most recent call last):
  File "/home/runner/work/Renewable-tender-tracker/Renewable-tender-tracker/Python/connectors/base.py", line 50, in run
    result.records = self.parse(self.fetch())
                                ^^^^^^^^^^^^
  File "/home/runner/work/Renewable-tender-tracker/Renewable-tender-tracker/Python/connectors/base.py", line 45, in fetch
    return get_text(self.source_url)
           ^^^^^^^^^^^^^^^^^^^^^^^^^
  File "/home/runner/work/Renewable-tender-tracker/Renewable-tender-tracker/Python/core/http.py", line 21, in get_text
    raise RuntimeError(f"Unable to fetch {url}: {last_error}")
RuntimeError: Unable to fetch https://tgnpdcl.com/: HTTPSConnectionPool(host='tgnpdcl.com', port=443): Max retries exceeded with url: / (Caused by SSLError(SSLError(1, '[SSL: SSLV3_ALERT_HANDSHAKE_FAILURE] sslv3 alert handshake failure (_ssl.c:1010)')))
2026-09-20 08:05:19,037 INFO daily_update TGNPDCL: 0 accepted; Failed
2026-09-20 08:05:26,189 ERROR connector.TSSPDCL Connector failed
Traceback (most recent call last):
  File "/home/runner/work/Renewable-tender-tracker/Renewable-tender-tracker/Python/connectors/base.py", line 50, in run
    result.records = self.parse(self.fetch())
                                ^^^^^^^^^^^^
  File "/home/runner/work/Renewable-tender-tracker/Renewable-tender-tracker/Python/connectors/base.py", line 45, in fetch
    return get_text(self.source_url)
           ^^^^^^^^^^^^^^^^^^^^^^^^^
  File "/home/runner/work/Renewable-tender-tracker/Renewable-tender-tracker/Python/core/http.py", line 21, in get_text
    raise RuntimeError(f"Unable to fetch {url}: {last_error}")
RuntimeError: Unable to fetch https://www.tssouthernpower.com/: 403 Client Error: Forbidden for url: https://www.tssouthernpower.com/
2026-09-20 08:05:26,190 INFO daily_update TSSPDCL: 0 accepted; Failed
2026-09-20 08:05:59,787 ERROR connector.TNGECL Connector failed
Traceback (most recent call last):
  File "/home/runner/work/Renewable-tender-tracker/Renewable-tender-tracker/Python/connectors/base.py", line 50, in run
    result.records = self.parse(self.fetch())
                                ^^^^^^^^^^^^
  File "/home/runner/work/Renewable-tender-tracker/Renewable-tender-tracker/Python/connectors/base.py", line 45, in fetch
    return get_text(self.source_url)
           ^^^^^^^^^^^^^^^^^^^^^^^^^
  File "/home/runner/work/Renewable-tender-tracker/Renewable-tender-tracker/Python/core/http.py", line 21, in get_text
    raise RuntimeError(f"Unable to fetch {url}: {last_error}")
RuntimeError: Unable to fetch https://www.tangedco.gov.in/: HTTPSConnectionPool(host='www.tangedco.gov.in', port=443): Max retries exceeded with url: / (Caused by NameResolutionError("HTTPSConnection(host='www.tangedco.gov.in', port=443): Failed to resolve 'www.tangedco.gov.in' ([Errno -3] Temporary failure in name resolution)"))
2026-09-20 08:05:59,787 INFO daily_update TNGECL: 0 accepted; Failed
2026-09-20 08:06:32,916 ERROR connector.TANTRANSCO Connector failed
Traceback (most recent call last):
  File "/home/runner/work/Renewable-tender-tracker/Renewable-tender-tracker/Python/connectors/base.py", line 50, in run
    result.records = self.parse(self.fetch())
                                ^^^^^^^^^^^^
  File "/home/runner/work/Renewable-tender-tracker/Renewable-tender-tracker/Python/connectors/base.py", line 45, in fetch
    return get_text(self.source_url)
           ^^^^^^^^^^^^^^^^^^^^^^^^^
  File "/home/runner/work/Renewable-tender-tracker/Renewable-tender-tracker/Python/core/http.py", line 21, in get_text
    raise RuntimeError(f"Unable to fetch {url}: {last_error}")
RuntimeError: Unable to fetch https://www.tantransco.gov.in/: HTTPSConnectionPool(host='www.tantransco.gov.in', port=443): Max retries exceeded with url: / (Caused by NameResolutionError("HTTPSConnection(host='www.tantransco.gov.in', port=443): Failed to resolve 'www.tantransco.gov.in' ([Errno -3] Temporary failure in name resolution)"))
2026-09-20 08:06:32,917 INFO daily_update TANTRANSCO: 0 accepted; Failed
2026-09-20 08:06:34,372 INFO daily_update GRIDCO: 0 accepted; Success
2026-09-20 08:06:35,871 INFO daily_update HAREDA: 0 accepted; Success
2026-09-20 08:06:39,269 INFO daily_update PSPCL: 0 accepted; Success
2026-09-20 08:06:41,536 INFO daily_update UPNEDA: 0 accepted; Success
2026-09-20 08:06:42,526 INFO daily_update BSPHCL: 0 accepted; Success
2026-09-21 08:07:05,937 INFO daily_update SECI: 11 accepted; Success
2026-09-21 08:07:07,099 INFO daily_update NTPC REL: 3 accepted; Success
2026-09-21 08:07:23,099 INFO daily_update NHPC: 0 accepted; Success
2026-09-21 08:07:25,420 INFO daily_update SJVN: 0 accepted; Success
2026-09-21 08:12:02,776 ERROR connector.NLCIL Connector failed
Traceback (most recent call last):
  File "/home/runner/work/Renewable-tender-tracker/Renewable-tender-tracker/Python/connectors/base.py", line 50, in run
    result.records = self.parse(self.fetch())
                                ^^^^^^^^^^^^
  File "/home/runner/work/Renewable-tender-tracker/Renewable-tender-tracker/Python/connectors/base.py", line 45, in fetch
    return get_text(self.source_url)
           ^^^^^^^^^^^^^^^^^^^^^^^^^
  File "/home/runner/work/Renewable-tender-tracker/Renewable-tender-tracker/Python/core/http.py", line 21, in get_text
    raise RuntimeError(f"Unable to fetch {url}: {last_error}")
RuntimeError: Unable to fetch https://www.nlcindia.in/: HTTPSConnectionPool(host='www.nlcindia.in', port=443): Max retries exceeded with url: / (Caused by ConnectTimeoutError(<HTTPSConnection(host='www.nlcindia.in', port=443) at 0x7f59dca59820>, 'Connection to www.nlcindia.in timed out. (connect timeout=45)'))
2026-09-21 08:12:02,777 INFO daily_update NLCIL: 0 accepted; Failed
2026-09-21 08:12:12,901 ERROR connector.GUVNL (ISTS) Connector failed
Traceback (most recent call last):
  File "/home/runner/work/Renewable-tender-tracker/Renewable-tender-tracker/Python/connectors/base.py", line 50, in run
    result.records = self.parse(self.fetch())
                                ^^^^^^^^^^^^
  File "/home/runner/work/Renewable-tender-tracker/Renewable-tender-tracker/Python/connectors/base.py", line 45, in fetch
    return get_text(self.source_url)
           ^^^^^^^^^^^^^^^^^^^^^^^^^
  File "/home/runner/work/Renewable-tender-tracker/Renewable-tender-tracker/Python/core/http.py", line 21, in get_text
    raise RuntimeError(f"Unable to fetch {url}: {last_error}")
RuntimeError: Unable to fetch https://www.guvnl.com/: HTTPSConnectionPool(host='www.guvnl.com', port=443): Max retries exceeded with url: / (Caused by SSLError(SSLEOFError(8, '[SSL: UNEXPECTED_EOF_WHILE_READING] EOF occurred in violation of protocol (_ssl.c:1010)')))
2026-09-21 08:12:12,902 INFO daily_update GUVNL (ISTS): 0 accepted; Failed
2026-09-21 08:14:35,105 ERROR connector.REMCL Connector failed
Traceback (most recent call last):
  File "/home/runner/work/Renewable-tender-tracker/Renewable-tender-tracker/Python/connectors/base.py", line 50, in run
    result.records = self.parse(self.fetch())
                                ^^^^^^^^^^^^
  File "/home/runner/work/Renewable-tender-tracker/Renewable-tender-tracker/Python/connectors/base.py", line 45, in fetch
    return get_text(self.source_url)
           ^^^^^^^^^^^^^^^^^^^^^^^^^
  File "/home/runner/work/Renewable-tender-tracker/Renewable-tender-tracker/Python/core/http.py", line 21, in get_text
    raise RuntimeError(f"Unable to fetch {url}: {last_error}")
RuntimeError: Unable to fetch https://www.remcl.in/: HTTPSConnectionPool(host='www.remcl.in', port=443): Max retries exceeded with url: / (Caused by ConnectTimeoutError(<HTTPSConnection(host='www.remcl.in', port=443) at 0x7f59dca2f5f0>, 'Connection to www.remcl.in timed out. (connect timeout=45)'))
2026-09-21 08:14:35,108 INFO daily_update REMCL: 0 accepted; Failed
2026-09-21 08:14:36,783 INFO daily_update RUVNL: 0 accepted; Success
2026-09-21 08:14:38,026 INFO daily_update RVPN: 0 accepted; Success
2026-09-21 08:14:39,519 INFO daily_update KREDL: 0 accepted; Success
2026-09-21 08:17:02,434 ERROR connector.KPTCL Connector failed
Traceback (most recent call last):
  File "/home/runner/work/Renewable-tender-tracker/Renewable-tender-tracker/Python/connectors/base.py", line 50, in run
    result.records = self.parse(self.fetch())
                                ^^^^^^^^^^^^
  File "/home/runner/work/Renewable-tender-tracker/Renewable-tender-tracker/Python/connectors/base.py", line 45, in fetch
    return get_text(self.source_url)
           ^^^^^^^^^^^^^^^^^^^^^^^^^
  File "/home/runner/work/Renewable-tender-tracker/Renewable-tender-tracker/Python/core/http.py", line 21, in get_text
    raise RuntimeError(f"Unable to fetch {url}: {last_error}")
RuntimeError: Unable to fetch https://kptcl.karnataka.gov.in/: HTTPSConnectionPool(host='kptcl.karnataka.gov.in', port=443): Max retries exceeded with url: / (Caused by ConnectTimeoutError(<HTTPSConnection(host='kptcl.karnataka.gov.in', port=443) at 0x7f59e1d6fd10>, 'Connection to kptcl.karnataka.gov.in timed out. (connect timeout=45)'))
2026-09-21 08:17:02,434 INFO daily_update KPTCL: 0 accepted; Failed
2026-09-21 08:17:10,054 ERROR connector.KPCL Connector failed
Traceback (most recent call last):
  File "/home/runner/work/Renewable-tender-tracker/Renewable-tender-tracker/Python/connectors/base.py", line 50, in run
    result.records = self.parse(self.fetch())
                                ^^^^^^^^^^^^
  File "/home/runner/work/Renewable-tender-tracker/Renewable-tender-tracker/Python/connectors/base.py", line 45, in fetch
    return get_text(self.source_url)
           ^^^^^^^^^^^^^^^^^^^^^^^^^
  File "/home/runner/work/Renewable-tender-tracker/Renewable-tender-tracker/Python/core/http.py", line 21, in get_text
    raise RuntimeError(f"Unable to fetch {url}: {last_error}")
RuntimeError: Unable to fetch https://karnatakapower.com/: HTTPSConnectionPool(host='karnatakapower.com', port=443): Max retries exceeded with url: / (Caused by SSLError(SSLCertVerificationError(1, "[SSL: CERTIFICATE_VERIFY_FAILED] certificate verify failed: Hostname mismatch, certificate is not valid for 'karnatakapower.com'. (_ssl.c:1010)")))
2026-09-21 08:17:10,055 INFO daily_update KPCL: 0 accepted; Failed
2026-09-21 08:17:11,955 INFO daily_update MPUVNL: 0 accepted; Success
2026-09-21 08:17:14,098 INFO daily_update MPPMCL: 0 accepted; Success
2026-09-21 08:17:21,997 ERROR connector.MP Urja Vikas Nigam Connector failed
Traceback (most recent call last):
  File "/home/runner/work/Renewable-tender-tracker/Renewable-tender-tracker/Python/connectors/base.py", line 50, in run
    result.records = self.parse(self.fetch())
                                ^^^^^^^^^^^^
  File "/home/runner/work/Renewable-tender-tracker/Renewable-tender-tracker/Python/connectors/base.py", line 45, in fetch
    return get_text(self.source_url)
           ^^^^^^^^^^^^^^^^^^^^^^^^^
  File "/home/runner/work/Renewable-tender-tracker/Renewable-tender-tracker/Python/core/http.py", line 21, in get_text
    raise RuntimeError(f"Unable to fetch {url}: {last_error}")
RuntimeError: Unable to fetch https://www.mprenewable.nic.in/: HTTPSConnectionPool(host='www.mprenewable.nic.in', port=443): Max retries exceeded with url: / (Caused by NameResolutionError("HTTPSConnection(host='www.mprenewable.nic.in', port=443): Failed to resolve 'www.mprenewable.nic.in' ([Errno -2] Name or service not known)"))
2026-09-21 08:17:21,998 INFO daily_update MP Urja Vikas Nigam: 0 accepted; Failed
2026-09-21 08:17:37,962 INFO daily_update MSEDCL: 0 accepted; Success
2026-09-21 08:17:39,905 INFO daily_update MAHAGENCO: 0 accepted; Success
2026-09-21 08:17:49,889 ERROR connector.GUVNL Connector failed
Traceback (most recent call last):
  File "/home/runner/work/Renewable-tender-tracker/Renewable-tender-tracker/Python/connectors/base.py", line 50, in run
    result.records = self.parse(self.fetch())
                                ^^^^^^^^^^^^
  File "/home/runner/work/Renewable-tender-tracker/Renewable-tender-tracker/Python/connectors/base.py", line 45, in fetch
    return get_text(self.source_url)
           ^^^^^^^^^^^^^^^^^^^^^^^^^
  File "/home/runner/work/Renewable-tender-tracker/Renewable-tender-tracker/Python/core/http.py", line 21, in get_text
    raise RuntimeError(f"Unable to fetch {url}: {last_error}")
RuntimeError: Unable to fetch https://www.guvnl.com/: HTTPSConnectionPool(host='www.guvnl.com', port=443): Max retries exceeded with url: / (Caused by SSLError(SSLEOFError(8, '[SSL: UNEXPECTED_EOF_WHILE_READING] EOF occurred in violation of protocol (_ssl.c:1010)')))
2026-09-21 08:17:49,890 INFO daily_update GUVNL: 0 accepted; Failed
2026-09-21 08:20:13,045 ERROR connector.GPCL Connector failed
Traceback (most recent call last):
  File "/home/runner/work/Renewable-tender-tracker/Renewable-tender-tracker/Python/connectors/base.py", line 50, in run
    result.records = self.parse(self.fetch())
                                ^^^^^^^^^^^^
  File "/home/runner/work/Renewable-tender-tracker/Renewable-tender-tracker/Python/connectors/base.py", line 45, in fetch
    return get_text(self.source_url)
           ^^^^^^^^^^^^^^^^^^^^^^^^^
  File "/home/runner/work/Renewable-tender-tracker/Renewable-tender-tracker/Python/core/http.py", line 21, in get_text
    raise RuntimeError(f"Unable to fetch {url}: {last_error}")
RuntimeError: Unable to fetch https://gpcl.gujarat.gov.in/: HTTPSConnectionPool(host='gpcl.gujarat.gov.in', port=443): Read timed out. (read timeout=45)
2026-09-21 08:20:13,045 INFO daily_update GPCL: 0 accepted; Failed
2026-09-21 08:20:14,293 INFO daily_update APSPDCL: 0 accepted; Success
2026-09-21 08:20:16,588 INFO daily_update APGENCO: 0 accepted; Success
2026-09-21 08:20:25,506 ERROR connector.NREDCAP Connector failed
Traceback (most recent call last):
  File "/home/runner/work/Renewable-tender-tracker/Renewable-tender-tracker/Python/connectors/base.py", line 50, in run
    result.records = self.parse(self.fetch())
                                ^^^^^^^^^^^^
  File "/home/runner/work/Renewable-tender-tracker/Renewable-tender-tracker/Python/connectors/base.py", line 45, in fetch
    return get_text(self.source_url)
           ^^^^^^^^^^^^^^^^^^^^^^^^^
  File "/home/runner/work/Renewable-tender-tracker/Renewable-tender-tracker/Python/core/http.py", line 21, in get_text
    raise RuntimeError(f"Unable to fetch {url}: {last_error}")
RuntimeError: Unable to fetch https://nredcap.in/: HTTPSConnectionPool(host='nredcap.in', port=443): Max retries exceeded with url: / (Caused by SSLError(SSLCertVerificationError(1, '[SSL: CERTIFICATE_VERIFY_FAILED] certificate verify failed: unable to get local issuer certificate (_ssl.c:1010)')))
2026-09-21 08:20:25,507 INFO daily_update NREDCAP: 0 accepted; Failed
2026-09-21 08:20:34,447 ERROR connector.TGNPDCL Connector failed
Traceback (most recent call last):
  File "/home/runner/work/Renewable-tender-tracker/Renewable-tender-tracker/Python/connectors/base.py", line 50, in run
    result.records = self.parse(self.fetch())
                                ^^^^^^^^^^^^
  File "/home/runner/work/Renewable-tender-tracker/Renewable-tender-tracker/Python/connectors/base.py", line 45, in fetch
    return get_text(self.source_url)
           ^^^^^^^^^^^^^^^^^^^^^^^^^
  File "/home/runner/work/Renewable-tender-tracker/Renewable-tender-tracker/Python/core/http.py", line 21, in get_text
    raise RuntimeError(f"Unable to fetch {url}: {last_error}")
RuntimeError: Unable to fetch https://tgnpdcl.com/: HTTPSConnectionPool(host='tgnpdcl.com', port=443): Max retries exceeded with url: / (Caused by SSLError(SSLError(1, '[SSL: SSLV3_ALERT_HANDSHAKE_FAILURE] sslv3 alert handshake failure (_ssl.c:1010)')))
2026-09-21 08:20:34,447 INFO daily_update TGNPDCL: 0 accepted; Failed
2026-09-21 08:20:41,666 ERROR connector.TSSPDCL Connector failed
Traceback (most recent call last):
  File "/home/runner/work/Renewable-tender-tracker/Renewable-tender-tracker/Python/connectors/base.py", line 50, in run
    result.records = self.parse(self.fetch())
                                ^^^^^^^^^^^^
  File "/home/runner/work/Renewable-tender-tracker/Renewable-tender-tracker/Python/connectors/base.py", line 45, in fetch
    return get_text(self.source_url)
           ^^^^^^^^^^^^^^^^^^^^^^^^^
  File "/home/runner/work/Renewable-tender-tracker/Renewable-tender-tracker/Python/core/http.py", line 21, in get_text
    raise RuntimeError(f"Unable to fetch {url}: {last_error}")
RuntimeError: Unable to fetch https://www.tssouthernpower.com/: 403 Client Error: Forbidden for url: https://www.tssouthernpower.com/
2026-09-21 08:20:41,667 INFO daily_update TSSPDCL: 0 accepted; Failed
2026-09-21 08:21:14,752 ERROR connector.TNGECL Connector failed
Traceback (most recent call last):
  File "/home/runner/work/Renewable-tender-tracker/Renewable-tender-tracker/Python/connectors/base.py", line 50, in run
    result.records = self.parse(self.fetch())
                                ^^^^^^^^^^^^
  File "/home/runner/work/Renewable-tender-tracker/Renewable-tender-tracker/Python/connectors/base.py", line 45, in fetch
    return get_text(self.source_url)
           ^^^^^^^^^^^^^^^^^^^^^^^^^
  File "/home/runner/work/Renewable-tender-tracker/Renewable-tender-tracker/Python/core/http.py", line 21, in get_text
    raise RuntimeError(f"Unable to fetch {url}: {last_error}")
RuntimeError: Unable to fetch https://www.tangedco.gov.in/: HTTPSConnectionPool(host='www.tangedco.gov.in', port=443): Max retries exceeded with url: / (Caused by NameResolutionError("HTTPSConnection(host='www.tangedco.gov.in', port=443): Failed to resolve 'www.tangedco.gov.in' ([Errno -3] Temporary failure in name resolution)"))
2026-09-21 08:21:14,753 INFO daily_update TNGECL: 0 accepted; Failed
2026-09-21 08:21:48,102 ERROR connector.TANTRANSCO Connector failed
Traceback (most recent call last):
  File "/home/runner/work/Renewable-tender-tracker/Renewable-tender-tracker/Python/connectors/base.py", line 50, in run
    result.records = self.parse(self.fetch())
                                ^^^^^^^^^^^^
  File "/home/runner/work/Renewable-tender-tracker/Renewable-tender-tracker/Python/connectors/base.py", line 45, in fetch
    return get_text(self.source_url)
           ^^^^^^^^^^^^^^^^^^^^^^^^^
  File "/home/runner/work/Renewable-tender-tracker/Renewable-tender-tracker/Python/core/http.py", line 21, in get_text
    raise RuntimeError(f"Unable to fetch {url}: {last_error}")
RuntimeError: Unable to fetch https://www.tantransco.gov.in/: HTTPSConnectionPool(host='www.tantransco.gov.in', port=443): Max retries exceeded with url: / (Caused by NameResolutionError("HTTPSConnection(host='www.tantransco.gov.in', port=443): Failed to resolve 'www.tantransco.gov.in' ([Errno -3] Temporary failure in name resolution)"))
2026-09-21 08:21:48,102 INFO daily_update TANTRANSCO: 0 accepted; Failed
2026-09-21 08:21:49,743 INFO daily_update GRIDCO: 0 accepted; Success
2026-09-21 08:21:52,010 INFO daily_update HAREDA: 0 accepted; Success
2026-09-21 08:21:56,019 INFO daily_update PSPCL: 0 accepted; Success
2026-09-21 08:22:00,486 INFO daily_update UPNEDA: 0 accepted; Success
2026-09-21 08:22:01,653 INFO daily_update BSPHCL: 0 accepted; Success
2026-09-22 07:51:56,848 INFO daily_update SECI: 11 accepted; Success
2026-09-22 07:51:57,915 INFO daily_update NTPC REL: 4 accepted; Success
2026-09-22 07:52:13,535 INFO daily_update NHPC: 0 accepted; Success
2026-09-22 07:52:15,423 INFO daily_update SJVN: 0 accepted; Success
2026-09-22 07:56:52,789 ERROR connector.NLCIL Connector failed
Traceback (most recent call last):
  File "/home/runner/work/Renewable-tender-tracker/Renewable-tender-tracker/Python/connectors/base.py", line 50, in run
    result.records = self.parse(self.fetch())
                                ^^^^^^^^^^^^
  File "/home/runner/work/Renewable-tender-tracker/Renewable-tender-tracker/Python/connectors/base.py", line 45, in fetch
    return get_text(self.source_url)
           ^^^^^^^^^^^^^^^^^^^^^^^^^
  File "/home/runner/work/Renewable-tender-tracker/Renewable-tender-tracker/Python/core/http.py", line 21, in get_text
    raise RuntimeError(f"Unable to fetch {url}: {last_error}")
RuntimeError: Unable to fetch https://www.nlcindia.in/: HTTPSConnectionPool(host='www.nlcindia.in', port=443): Max retries exceeded with url: / (Caused by ConnectTimeoutError(<HTTPSConnection(host='www.nlcindia.in', port=443) at 0x7f3da590a2a0>, 'Connection to www.nlcindia.in timed out. (connect timeout=45)'))
2026-09-22 07:56:52,789 INFO daily_update NLCIL: 0 accepted; Failed
2026-09-22 07:57:02,641 ERROR connector.GUVNL (ISTS) Connector failed
Traceback (most recent call last):
  File "/home/runner/work/Renewable-tender-tracker/Renewable-tender-tracker/Python/connectors/base.py", line 50, in run
    result.records = self.parse(self.fetch())
                                ^^^^^^^^^^^^
  File "/home/runner/work/Renewable-tender-tracker/Renewable-tender-tracker/Python/connectors/base.py", line 45, in fetch
    return get_text(self.source_url)
           ^^^^^^^^^^^^^^^^^^^^^^^^^
  File "/home/runner/work/Renewable-tender-tracker/Renewable-tender-tracker/Python/core/http.py", line 21, in get_text
    raise RuntimeError(f"Unable to fetch {url}: {last_error}")
RuntimeError: Unable to fetch https://www.guvnl.com/: HTTPSConnectionPool(host='www.guvnl.com', port=443): Max retries exceeded with url: / (Caused by SSLError(SSLEOFError(8, '[SSL: UNEXPECTED_EOF_WHILE_READING] EOF occurred in violation of protocol (_ssl.c:1010)')))
2026-09-22 07:57:02,642 INFO daily_update GUVNL (ISTS): 0 accepted; Failed
2026-09-22 07:59:24,804 ERROR connector.REMCL Connector failed
Traceback (most recent call last):
  File "/home/runner/work/Renewable-tender-tracker/Renewable-tender-tracker/Python/connectors/base.py", line 50, in run
    result.records = self.parse(self.fetch())
                                ^^^^^^^^^^^^
  File "/home/runner/work/Renewable-tender-tracker/Renewable-tender-tracker/Python/connectors/base.py", line 45, in fetch
    return get_text(self.source_url)
           ^^^^^^^^^^^^^^^^^^^^^^^^^
  File "/home/runner/work/Renewable-tender-tracker/Renewable-tender-tracker/Python/core/http.py", line 21, in get_text
    raise RuntimeError(f"Unable to fetch {url}: {last_error}")
RuntimeError: Unable to fetch https://www.remcl.in/: HTTPSConnectionPool(host='www.remcl.in', port=443): Max retries exceeded with url: / (Caused by ConnectTimeoutError(<HTTPSConnection(host='www.remcl.in', port=443) at 0x7f3da60bd6a0>, 'Connection to www.remcl.in timed out. (connect timeout=45)'))
2026-09-22 07:59:24,805 INFO daily_update REMCL: 0 accepted; Failed
2026-09-22 07:59:26,285 INFO daily_update RUVNL: 0 accepted; Success
2026-09-22 07:59:27,445 INFO daily_update RVPN: 0 accepted; Success
2026-09-22 07:59:28,928 INFO daily_update KREDL: 0 accepted; Success
2026-09-22 08:01:51,983 ERROR connector.KPTCL Connector failed
Traceback (most recent call last):
  File "/home/runner/work/Renewable-tender-tracker/Renewable-tender-tracker/Python/connectors/base.py", line 50, in run
    result.records = self.parse(self.fetch())
                                ^^^^^^^^^^^^
  File "/home/runner/work/Renewable-tender-tracker/Renewable-tender-tracker/Python/connectors/base.py", line 45, in fetch
    return get_text(self.source_url)
           ^^^^^^^^^^^^^^^^^^^^^^^^^
  File "/home/runner/work/Renewable-tender-tracker/Renewable-tender-tracker/Python/core/http.py", line 21, in get_text
    raise RuntimeError(f"Unable to fetch {url}: {last_error}")
RuntimeError: Unable to fetch https://kptcl.karnataka.gov.in/: HTTPSConnectionPool(host='kptcl.karnataka.gov.in', port=443): Max retries exceeded with url: / (Caused by ConnectTimeoutError(<HTTPSConnection(host='kptcl.karnataka.gov.in', port=443) at 0x7f3da4fc0290>, 'Connection to kptcl.karnataka.gov.in timed out. (connect timeout=45)'))
2026-09-22 08:01:51,984 INFO daily_update KPTCL: 0 accepted; Failed
2026-09-22 08:01:59,651 ERROR connector.KPCL Connector failed
Traceback (most recent call last):
  File "/home/runner/work/Renewable-tender-tracker/Renewable-tender-tracker/Python/connectors/base.py", line 50, in run
    result.records = self.parse(self.fetch())
                                ^^^^^^^^^^^^
  File "/home/runner/work/Renewable-tender-tracker/Renewable-tender-tracker/Python/connectors/base.py", line 45, in fetch
    return get_text(self.source_url)
           ^^^^^^^^^^^^^^^^^^^^^^^^^
  File "/home/runner/work/Renewable-tender-tracker/Renewable-tender-tracker/Python/core/http.py", line 21, in get_text
    raise RuntimeError(f"Unable to fetch {url}: {last_error}")
RuntimeError: Unable to fetch https://karnatakapower.com/: HTTPSConnectionPool(host='karnatakapower.com', port=443): Max retries exceeded with url: / (Caused by SSLError(SSLCertVerificationError(1, "[SSL: CERTIFICATE_VERIFY_FAILED] certificate verify failed: Hostname mismatch, certificate is not valid for 'karnatakapower.com'. (_ssl.c:1010)")))
2026-09-22 08:01:59,651 INFO daily_update KPCL: 0 accepted; Failed
2026-09-22 08:02:01,431 INFO daily_update MPUVNL: 0 accepted; Success
2026-09-22 08:02:01,854 INFO daily_update MPPMCL: 0 accepted; Success
2026-09-22 08:02:09,678 ERROR connector.MP Urja Vikas Nigam Connector failed
Traceback (most recent call last):
  File "/home/runner/work/Renewable-tender-tracker/Renewable-tender-tracker/Python/connectors/base.py", line 50, in run
    result.records = self.parse(self.fetch())
                                ^^^^^^^^^^^^
  File "/home/runner/work/Renewable-tender-tracker/Renewable-tender-tracker/Python/connectors/base.py", line 45, in fetch
    return get_text(self.source_url)
           ^^^^^^^^^^^^^^^^^^^^^^^^^
  File "/home/runner/work/Renewable-tender-tracker/Renewable-tender-tracker/Python/core/http.py", line 21, in get_text
    raise RuntimeError(f"Unable to fetch {url}: {last_error}")
RuntimeError: Unable to fetch https://www.mprenewable.nic.in/: HTTPSConnectionPool(host='www.mprenewable.nic.in', port=443): Max retries exceeded with url: / (Caused by NameResolutionError("HTTPSConnection(host='www.mprenewable.nic.in', port=443): Failed to resolve 'www.mprenewable.nic.in' ([Errno -2] Name or service not known)"))
2026-09-22 08:02:09,678 INFO daily_update MP Urja Vikas Nigam: 0 accepted; Failed
2026-09-22 08:02:14,072 INFO daily_update MSEDCL: 0 accepted; Success
2026-09-22 08:02:15,805 INFO daily_update MAHAGENCO: 0 accepted; Success
2026-09-22 08:02:25,566 ERROR connector.GUVNL Connector failed
Traceback (most recent call last):
  File "/home/runner/work/Renewable-tender-tracker/Renewable-tender-tracker/Python/connectors/base.py", line 50, in run
    result.records = self.parse(self.fetch())
                                ^^^^^^^^^^^^
  File "/home/runner/work/Renewable-tender-tracker/Renewable-tender-tracker/Python/connectors/base.py", line 45, in fetch
    return get_text(self.source_url)
           ^^^^^^^^^^^^^^^^^^^^^^^^^
  File "/home/runner/work/Renewable-tender-tracker/Renewable-tender-tracker/Python/core/http.py", line 21, in get_text
    raise RuntimeError(f"Unable to fetch {url}: {last_error}")
RuntimeError: Unable to fetch https://www.guvnl.com/: HTTPSConnectionPool(host='www.guvnl.com', port=443): Max retries exceeded with url: / (Caused by SSLError(SSLEOFError(8, '[SSL: UNEXPECTED_EOF_WHILE_READING] EOF occurred in violation of protocol (_ssl.c:1010)')))
2026-09-22 08:02:25,567 INFO daily_update GUVNL: 0 accepted; Failed
2026-09-22 08:04:48,727 ERROR connector.GPCL Connector failed
Traceback (most recent call last):
  File "/home/runner/work/Renewable-tender-tracker/Renewable-tender-tracker/Python/connectors/base.py", line 50, in run
    result.records = self.parse(self.fetch())
                                ^^^^^^^^^^^^
  File "/home/runner/work/Renewable-tender-tracker/Renewable-tender-tracker/Python/connectors/base.py", line 45, in fetch
    return get_text(self.source_url)
           ^^^^^^^^^^^^^^^^^^^^^^^^^
  File "/home/runner/work/Renewable-tender-tracker/Renewable-tender-tracker/Python/core/http.py", line 21, in get_text
    raise RuntimeError(f"Unable to fetch {url}: {last_error}")
RuntimeError: Unable to fetch https://gpcl.gujarat.gov.in/: HTTPSConnectionPool(host='gpcl.gujarat.gov.in', port=443): Read timed out. (read timeout=45)
2026-09-22 08:04:48,728 INFO daily_update GPCL: 0 accepted; Failed
2026-09-22 08:04:49,923 INFO daily_update APSPDCL: 0 accepted; Success
2026-09-22 08:04:52,042 INFO daily_update APGENCO: 0 accepted; Success
2026-09-22 08:05:00,790 ERROR connector.NREDCAP Connector failed
Traceback (most recent call last):
  File "/home/runner/work/Renewable-tender-tracker/Renewable-tender-tracker/Python/connectors/base.py", line 50, in run
    result.records = self.parse(self.fetch())
                                ^^^^^^^^^^^^
  File "/home/runner/work/Renewable-tender-tracker/Renewable-tender-tracker/Python/connectors/base.py", line 45, in fetch
    return get_text(self.source_url)
           ^^^^^^^^^^^^^^^^^^^^^^^^^
  File "/home/runner/work/Renewable-tender-tracker/Renewable-tender-tracker/Python/core/http.py", line 21, in get_text
    raise RuntimeError(f"Unable to fetch {url}: {last_error}")
RuntimeError: Unable to fetch https://nredcap.in/: HTTPSConnectionPool(host='nredcap.in', port=443): Max retries exceeded with url: / (Caused by SSLError(SSLCertVerificationError(1, '[SSL: CERTIFICATE_VERIFY_FAILED] certificate verify failed: unable to get local issuer certificate (_ssl.c:1010)')))
2026-09-22 08:05:00,791 INFO daily_update NREDCAP: 0 accepted; Failed
2026-09-22 08:05:09,498 ERROR connector.TGNPDCL Connector failed
Traceback (most recent call last):
  File "/home/runner/work/Renewable-tender-tracker/Renewable-tender-tracker/Python/connectors/base.py", line 50, in run
    result.records = self.parse(self.fetch())
                                ^^^^^^^^^^^^
  File "/home/runner/work/Renewable-tender-tracker/Renewable-tender-tracker/Python/connectors/base.py", line 45, in fetch
    return get_text(self.source_url)
           ^^^^^^^^^^^^^^^^^^^^^^^^^
  File "/home/runner/work/Renewable-tender-tracker/Renewable-tender-tracker/Python/core/http.py", line 21, in get_text
    raise RuntimeError(f"Unable to fetch {url}: {last_error}")
RuntimeError: Unable to fetch https://tgnpdcl.com/: HTTPSConnectionPool(host='tgnpdcl.com', port=443): Max retries exceeded with url: / (Caused by SSLError(SSLError(1, '[SSL: SSLV3_ALERT_HANDSHAKE_FAILURE] sslv3 alert handshake failure (_ssl.c:1010)')))
2026-09-22 08:05:09,499 INFO daily_update TGNPDCL: 0 accepted; Failed
2026-09-22 08:05:16,730 ERROR connector.TSSPDCL Connector failed
Traceback (most recent call last):
  File "/home/runner/work/Renewable-tender-tracker/Renewable-tender-tracker/Python/connectors/base.py", line 50, in run
    result.records = self.parse(self.fetch())
                                ^^^^^^^^^^^^
  File "/home/runner/work/Renewable-tender-tracker/Renewable-tender-tracker/Python/connectors/base.py", line 45, in fetch
    return get_text(self.source_url)
           ^^^^^^^^^^^^^^^^^^^^^^^^^
  File "/home/runner/work/Renewable-tender-tracker/Renewable-tender-tracker/Python/core/http.py", line 21, in get_text
    raise RuntimeError(f"Unable to fetch {url}: {last_error}")
RuntimeError: Unable to fetch https://www.tssouthernpower.com/: 403 Client Error: Forbidden for url: https://www.tssouthernpower.com/
2026-09-22 08:05:16,730 INFO daily_update TSSPDCL: 0 accepted; Failed
2026-09-22 08:05:53,789 ERROR connector.TNGECL Connector failed
Traceback (most recent call last):
  File "/home/runner/work/Renewable-tender-tracker/Renewable-tender-tracker/Python/connectors/base.py", line 50, in run
    result.records = self.parse(self.fetch())
                                ^^^^^^^^^^^^
  File "/home/runner/work/Renewable-tender-tracker/Renewable-tender-tracker/Python/connectors/base.py", line 45, in fetch
    return get_text(self.source_url)
           ^^^^^^^^^^^^^^^^^^^^^^^^^
  File "/home/runner/work/Renewable-tender-tracker/Renewable-tender-tracker/Python/core/http.py", line 21, in get_text
    raise RuntimeError(f"Unable to fetch {url}: {last_error}")
RuntimeError: Unable to fetch https://www.tangedco.gov.in/: HTTPSConnectionPool(host='www.tangedco.gov.in', port=443): Max retries exceeded with url: / (Caused by NameResolutionError("HTTPSConnection(host='www.tangedco.gov.in', port=443): Failed to resolve 'www.tangedco.gov.in' ([Errno -3] Temporary failure in name resolution)"))
2026-09-22 08:05:53,789 INFO daily_update TNGECL: 0 accepted; Failed
2026-09-22 08:06:26,955 ERROR connector.TANTRANSCO Connector failed
Traceback (most recent call last):
  File "/home/runner/work/Renewable-tender-tracker/Renewable-tender-tracker/Python/connectors/base.py", line 50, in run
    result.records = self.parse(self.fetch())
                                ^^^^^^^^^^^^
  File "/home/runner/work/Renewable-tender-tracker/Renewable-tender-tracker/Python/connectors/base.py", line 45, in fetch
    return get_text(self.source_url)
           ^^^^^^^^^^^^^^^^^^^^^^^^^
  File "/home/runner/work/Renewable-tender-tracker/Renewable-tender-tracker/Python/core/http.py", line 21, in get_text
    raise RuntimeError(f"Unable to fetch {url}: {last_error}")
RuntimeError: Unable to fetch https://www.tantransco.gov.in/: HTTPSConnectionPool(host='www.tantransco.gov.in', port=443): Max retries exceeded with url: / (Caused by NameResolutionError("HTTPSConnection(host='www.tantransco.gov.in', port=443): Failed to resolve 'www.tantransco.gov.in' ([Errno -3] Temporary failure in name resolution)"))
2026-09-22 08:06:26,956 INFO daily_update TANTRANSCO: 0 accepted; Failed
2026-09-22 08:06:28,490 INFO daily_update GRIDCO: 0 accepted; Success
2026-09-22 08:06:30,880 INFO daily_update HAREDA: 0 accepted; Success
2026-09-22 08:06:34,402 INFO daily_update PSPCL: 0 accepted; Success
2026-09-22 08:06:37,804 INFO daily_update UPNEDA: 0 accepted; Success
2026-09-22 08:06:38,863 INFO daily_update BSPHCL: 0 accepted; Success
2026-09-23 07:53:44,345 INFO daily_update SECI: 12 accepted; Success
2026-09-23 07:53:45,733 INFO daily_update NTPC REL: 4 accepted; Success
2026-09-23 07:54:00,850 INFO daily_update NHPC: 0 accepted; Success
2026-09-23 07:54:03,056 INFO daily_update SJVN: 0 accepted; Success
2026-09-23 07:58:40,428 ERROR connector.NLCIL Connector failed
Traceback (most recent call last):
  File "/home/runner/work/Renewable-tender-tracker/Renewable-tender-tracker/Python/connectors/base.py", line 50, in run
    result.records = self.parse(self.fetch())
                                ^^^^^^^^^^^^
  File "/home/runner/work/Renewable-tender-tracker/Renewable-tender-tracker/Python/connectors/base.py", line 45, in fetch
    return get_text(self.source_url)
           ^^^^^^^^^^^^^^^^^^^^^^^^^
  File "/home/runner/work/Renewable-tender-tracker/Renewable-tender-tracker/Python/core/http.py", line 21, in get_text
    raise RuntimeError(f"Unable to fetch {url}: {last_error}")
RuntimeError: Unable to fetch https://www.nlcindia.in/: HTTPSConnectionPool(host='www.nlcindia.in', port=443): Max retries exceeded with url: / (Caused by ConnectTimeoutError(<HTTPSConnection(host='www.nlcindia.in', port=443) at 0x7f1b884de960>, 'Connection to www.nlcindia.in timed out. (connect timeout=45)'))
2026-09-23 07:58:40,429 INFO daily_update NLCIL: 0 accepted; Failed
2026-09-23 07:58:50,413 ERROR connector.GUVNL (ISTS) Connector failed
Traceback (most recent call last):
  File "/home/runner/work/Renewable-tender-tracker/Renewable-tender-tracker/Python/connectors/base.py", line 50, in run
    result.records = self.parse(self.fetch())
                                ^^^^^^^^^^^^
  File "/home/runner/work/Renewable-tender-tracker/Renewable-tender-tracker/Python/connectors/base.py", line 45, in fetch
    return get_text(self.source_url)
           ^^^^^^^^^^^^^^^^^^^^^^^^^
  File "/home/runner/work/Renewable-tender-tracker/Renewable-tender-tracker/Python/core/http.py", line 21, in get_text
    raise RuntimeError(f"Unable to fetch {url}: {last_error}")
RuntimeError: Unable to fetch https://www.guvnl.com/: HTTPSConnectionPool(host='www.guvnl.com', port=443): Max retries exceeded with url: / (Caused by SSLError(SSLEOFError(8, '[SSL: UNEXPECTED_EOF_WHILE_READING] EOF occurred in violation of protocol (_ssl.c:1010)')))
2026-09-23 07:58:50,413 INFO daily_update GUVNL (ISTS): 0 accepted; Failed
2026-09-23 08:01:12,628 ERROR connector.REMCL Connector failed
Traceback (most recent call last):
  File "/home/runner/work/Renewable-tender-tracker/Renewable-tender-tracker/Python/connectors/base.py", line 50, in run
    result.records = self.parse(self.fetch())
                                ^^^^^^^^^^^^
  File "/home/runner/work/Renewable-tender-tracker/Renewable-tender-tracker/Python/connectors/base.py", line 45, in fetch
    return get_text(self.source_url)
           ^^^^^^^^^^^^^^^^^^^^^^^^^
  File "/home/runner/work/Renewable-tender-tracker/Renewable-tender-tracker/Python/core/http.py", line 21, in get_text
    raise RuntimeError(f"Unable to fetch {url}: {last_error}")
RuntimeError: Unable to fetch https://www.remcl.in/: HTTPSConnectionPool(host='www.remcl.in', port=443): Max retries exceeded with url: / (Caused by ConnectTimeoutError(<HTTPSConnection(host='www.remcl.in', port=443) at 0x7f1b88503b30>, 'Connection to www.remcl.in timed out. (connect timeout=45)'))
2026-09-23 08:01:12,629 INFO daily_update REMCL: 0 accepted; Failed
2026-09-23 08:01:14,210 INFO daily_update RUVNL: 0 accepted; Success
2026-09-23 08:01:15,540 INFO daily_update RVPN: 0 accepted; Success
2026-09-23 08:01:16,557 INFO daily_update KREDL: 0 accepted; Success
2026-09-23 08:03:39,204 ERROR connector.KPTCL Connector failed
Traceback (most recent call last):
  File "/home/runner/work/Renewable-tender-tracker/Renewable-tender-tracker/Python/connectors/base.py", line 50, in run
    result.records = self.parse(self.fetch())
                                ^^^^^^^^^^^^
  File "/home/runner/work/Renewable-tender-tracker/Renewable-tender-tracker/Python/connectors/base.py", line 45, in fetch
    return get_text(self.source_url)
           ^^^^^^^^^^^^^^^^^^^^^^^^^
  File "/home/runner/work/Renewable-tender-tracker/Renewable-tender-tracker/Python/core/http.py", line 21, in get_text
    raise RuntimeError(f"Unable to fetch {url}: {last_error}")
RuntimeError: Unable to fetch https://kptcl.karnataka.gov.in/: HTTPSConnectionPool(host='kptcl.karnataka.gov.in', port=443): Max retries exceeded with url: / (Caused by ConnectTimeoutError(<HTTPSConnection(host='kptcl.karnataka.gov.in', port=443) at 0x7f1b8813c950>, 'Connection to kptcl.karnataka.gov.in timed out. (connect timeout=45)'))
2026-09-23 08:03:39,204 INFO daily_update KPTCL: 0 accepted; Failed
2026-09-23 08:03:47,292 ERROR connector.KPCL Connector failed
Traceback (most recent call last):
  File "/home/runner/work/Renewable-tender-tracker/Renewable-tender-tracker/Python/connectors/base.py", line 50, in run
    result.records = self.parse(self.fetch())
                                ^^^^^^^^^^^^
  File "/home/runner/work/Renewable-tender-tracker/Renewable-tender-tracker/Python/connectors/base.py", line 45, in fetch
    return get_text(self.source_url)
           ^^^^^^^^^^^^^^^^^^^^^^^^^
  File "/home/runner/work/Renewable-tender-tracker/Renewable-tender-tracker/Python/core/http.py", line 21, in get_text
    raise RuntimeError(f"Unable to fetch {url}: {last_error}")
RuntimeError: Unable to fetch https://karnatakapower.com/: HTTPSConnectionPool(host='karnatakapower.com', port=443): Max retries exceeded with url: / (Caused by SSLError(SSLCertVerificationError(1, "[SSL: CERTIFICATE_VERIFY_FAILED] certificate verify failed: Hostname mismatch, certificate is not valid for 'karnatakapower.com'. (_ssl.c:1010)")))
2026-09-23 08:03:47,292 INFO daily_update KPCL: 0 accepted; Failed
2026-09-23 08:03:49,035 INFO daily_update MPUVNL: 0 accepted; Success
2026-09-23 08:03:52,430 INFO daily_update MPPMCL: 0 accepted; Success
2026-09-23 08:04:00,141 ERROR connector.MP Urja Vikas Nigam Connector failed
Traceback (most recent call last):
  File "/home/runner/work/Renewable-tender-tracker/Renewable-tender-tracker/Python/connectors/base.py", line 50, in run
    result.records = self.parse(self.fetch())
                                ^^^^^^^^^^^^
  File "/home/runner/work/Renewable-tender-tracker/Renewable-tender-tracker/Python/connectors/base.py", line 45, in fetch
    return get_text(self.source_url)
           ^^^^^^^^^^^^^^^^^^^^^^^^^
  File "/home/runner/work/Renewable-tender-tracker/Renewable-tender-tracker/Python/core/http.py", line 21, in get_text
    raise RuntimeError(f"Unable to fetch {url}: {last_error}")
RuntimeError: Unable to fetch https://www.mprenewable.nic.in/: HTTPSConnectionPool(host='www.mprenewable.nic.in', port=443): Max retries exceeded with url: / (Caused by NameResolutionError("HTTPSConnection(host='www.mprenewable.nic.in', port=443): Failed to resolve 'www.mprenewable.nic.in' ([Errno -2] Name or service not known)"))
2026-09-23 08:04:00,141 INFO daily_update MP Urja Vikas Nigam: 0 accepted; Failed
2026-09-23 08:04:06,139 INFO daily_update MSEDCL: 0 accepted; Success
2026-09-23 08:04:07,941 INFO daily_update MAHAGENCO: 0 accepted; Success
2026-09-23 08:04:17,912 ERROR connector.GUVNL Connector failed
Traceback (most recent call last):
  File "/home/runner/work/Renewable-tender-tracker/Renewable-tender-tracker/Python/connectors/base.py", line 50, in run
    result.records = self.parse(self.fetch())
                                ^^^^^^^^^^^^
  File "/home/runner/work/Renewable-tender-tracker/Renewable-tender-tracker/Python/connectors/base.py", line 45, in fetch
    return get_text(self.source_url)
           ^^^^^^^^^^^^^^^^^^^^^^^^^
  File "/home/runner/work/Renewable-tender-tracker/Renewable-tender-tracker/Python/core/http.py", line 21, in get_text
    raise RuntimeError(f"Unable to fetch {url}: {last_error}")
RuntimeError: Unable to fetch https://www.guvnl.com/: HTTPSConnectionPool(host='www.guvnl.com', port=443): Max retries exceeded with url: / (Caused by SSLError(SSLEOFError(8, '[SSL: UNEXPECTED_EOF_WHILE_READING] EOF occurred in violation of protocol (_ssl.c:1010)')))
2026-09-23 08:04:17,913 INFO daily_update GUVNL: 0 accepted; Failed
2026-09-23 08:06:41,420 ERROR connector.GPCL Connector failed
Traceback (most recent call last):
  File "/home/runner/work/Renewable-tender-tracker/Renewable-tender-tracker/Python/connectors/base.py", line 50, in run
    result.records = self.parse(self.fetch())
                                ^^^^^^^^^^^^
  File "/home/runner/work/Renewable-tender-tracker/Renewable-tender-tracker/Python/connectors/base.py", line 45, in fetch
    return get_text(self.source_url)
           ^^^^^^^^^^^^^^^^^^^^^^^^^
  File "/home/runner/work/Renewable-tender-tracker/Renewable-tender-tracker/Python/core/http.py", line 21, in get_text
    raise RuntimeError(f"Unable to fetch {url}: {last_error}")
RuntimeError: Unable to fetch https://gpcl.gujarat.gov.in/: HTTPSConnectionPool(host='gpcl.gujarat.gov.in', port=443): Read timed out. (read timeout=45)
2026-09-23 08:06:41,420 INFO daily_update GPCL: 0 accepted; Failed
2026-09-23 08:06:42,714 INFO daily_update APSPDCL: 0 accepted; Success
2026-09-23 08:06:44,575 INFO daily_update APGENCO: 0 accepted; Success
2026-09-23 08:06:53,427 ERROR connector.NREDCAP Connector failed
Traceback (most recent call last):
  File "/home/runner/work/Renewable-tender-tracker/Renewable-tender-tracker/Python/connectors/base.py", line 50, in run
    result.records = self.parse(self.fetch())
                                ^^^^^^^^^^^^
  File "/home/runner/work/Renewable-tender-tracker/Renewable-tender-tracker/Python/connectors/base.py", line 45, in fetch
    return get_text(self.source_url)
           ^^^^^^^^^^^^^^^^^^^^^^^^^
  File "/home/runner/work/Renewable-tender-tracker/Renewable-tender-tracker/Python/core/http.py", line 21, in get_text
    raise RuntimeError(f"Unable to fetch {url}: {last_error}")
RuntimeError: Unable to fetch https://nredcap.in/: HTTPSConnectionPool(host='nredcap.in', port=443): Max retries exceeded with url: / (Caused by SSLError(SSLCertVerificationError(1, '[SSL: CERTIFICATE_VERIFY_FAILED] certificate verify failed: unable to get local issuer certificate (_ssl.c:1010)')))
2026-09-23 08:06:53,428 INFO daily_update NREDCAP: 0 accepted; Failed
2026-09-23 08:07:01,905 ERROR connector.TGNPDCL Connector failed
Traceback (most recent call last):
  File "/home/runner/work/Renewable-tender-tracker/Renewable-tender-tracker/Python/connectors/base.py", line 50, in run
    result.records = self.parse(self.fetch())
                                ^^^^^^^^^^^^
  File "/home/runner/work/Renewable-tender-tracker/Renewable-tender-tracker/Python/connectors/base.py", line 45, in fetch
    return get_text(self.source_url)
           ^^^^^^^^^^^^^^^^^^^^^^^^^
  File "/home/runner/work/Renewable-tender-tracker/Renewable-tender-tracker/Python/core/http.py", line 21, in get_text
    raise RuntimeError(f"Unable to fetch {url}: {last_error}")
RuntimeError: Unable to fetch https://tgnpdcl.com/: HTTPSConnectionPool(host='tgnpdcl.com', port=443): Max retries exceeded with url: / (Caused by SSLError(SSLError(1, '[SSL: SSLV3_ALERT_HANDSHAKE_FAILURE] sslv3 alert handshake failure (_ssl.c:1010)')))
2026-09-23 08:07:01,905 INFO daily_update TGNPDCL: 0 accepted; Failed
2026-09-23 08:07:09,094 ERROR connector.TSSPDCL Connector failed
Traceback (most recent call last):
  File "/home/runner/work/Renewable-tender-tracker/Renewable-tender-tracker/Python/connectors/base.py", line 50, in run
    result.records = self.parse(self.fetch())
                                ^^^^^^^^^^^^
  File "/home/runner/work/Renewable-tender-tracker/Renewable-tender-tracker/Python/connectors/base.py", line 45, in fetch
    return get_text(self.source_url)
           ^^^^^^^^^^^^^^^^^^^^^^^^^
  File "/home/runner/work/Renewable-tender-tracker/Renewable-tender-tracker/Python/core/http.py", line 21, in get_text
    raise RuntimeError(f"Unable to fetch {url}: {last_error}")
RuntimeError: Unable to fetch https://www.tssouthernpower.com/: 403 Client Error: Forbidden for url: https://www.tssouthernpower.com/
2026-09-23 08:07:09,095 INFO daily_update TSSPDCL: 0 accepted; Failed
2026-09-23 08:07:46,136 ERROR connector.TNGECL Connector failed
Traceback (most recent call last):
  File "/home/runner/work/Renewable-tender-tracker/Renewable-tender-tracker/Python/connectors/base.py", line 50, in run
    result.records = self.parse(self.fetch())
                                ^^^^^^^^^^^^
  File "/home/runner/work/Renewable-tender-tracker/Renewable-tender-tracker/Python/connectors/base.py", line 45, in fetch
    return get_text(self.source_url)
           ^^^^^^^^^^^^^^^^^^^^^^^^^
  File "/home/runner/work/Renewable-tender-tracker/Renewable-tender-tracker/Python/core/http.py", line 21, in get_text
    raise RuntimeError(f"Unable to fetch {url}: {last_error}")
RuntimeError: Unable to fetch https://www.tangedco.gov.in/: HTTPSConnectionPool(host='www.tangedco.gov.in', port=443): Max retries exceeded with url: / (Caused by NameResolutionError("HTTPSConnection(host='www.tangedco.gov.in', port=443): Failed to resolve 'www.tangedco.gov.in' ([Errno -3] Temporary failure in name resolution)"))
2026-09-23 08:07:46,137 INFO daily_update TNGECL: 0 accepted; Failed
2026-09-23 08:08:16,829 ERROR connector.TANTRANSCO Connector failed
Traceback (most recent call last):
  File "/home/runner/work/Renewable-tender-tracker/Renewable-tender-tracker/Python/connectors/base.py", line 50, in run
    result.records = self.parse(self.fetch())
                                ^^^^^^^^^^^^
  File "/home/runner/work/Renewable-tender-tracker/Renewable-tender-tracker/Python/connectors/base.py", line 45, in fetch
    return get_text(self.source_url)
           ^^^^^^^^^^^^^^^^^^^^^^^^^
  File "/home/runner/work/Renewable-tender-tracker/Renewable-tender-tracker/Python/core/http.py", line 21, in get_text
    raise RuntimeError(f"Unable to fetch {url}: {last_error}")
RuntimeError: Unable to fetch https://www.tantransco.gov.in/: HTTPSConnectionPool(host='www.tantransco.gov.in', port=443): Max retries exceeded with url: / (Caused by NameResolutionError("HTTPSConnection(host='www.tantransco.gov.in', port=443): Failed to resolve 'www.tantransco.gov.in' ([Errno -3] Temporary failure in name resolution)"))
2026-09-23 08:08:16,829 INFO daily_update TANTRANSCO: 0 accepted; Failed
2026-09-23 08:08:18,434 INFO daily_update GRIDCO: 0 accepted; Success
2026-09-23 08:08:20,827 INFO daily_update HAREDA: 0 accepted; Success
2026-09-23 08:08:24,863 INFO daily_update PSPCL: 0 accepted; Success
2026-09-23 08:08:27,298 INFO daily_update UPNEDA: 0 accepted; Success
2026-09-23 08:08:28,377 INFO daily_update BSPHCL: 0 accepted; Success
2026-09-24 07:44:03,599 INFO daily_update SECI: 12 accepted; Success
2026-09-24 07:44:04,744 INFO daily_update NTPC REL: 5 accepted; Success
2026-09-24 07:44:20,434 INFO daily_update NHPC: 0 accepted; Success
2026-09-24 07:44:31,525 INFO daily_update SJVN: 1 accepted; Success
2026-09-24 07:49:08,899 ERROR connector.NLCIL Connector failed
Traceback (most recent call last):
  File "/home/runner/work/Renewable-tender-tracker/Renewable-tender-tracker/Python/connectors/base.py", line 50, in run
    result.records = self.parse(self.fetch())
                                ^^^^^^^^^^^^
  File "/home/runner/work/Renewable-tender-tracker/Renewable-tender-tracker/Python/connectors/base.py", line 45, in fetch
    return get_text(self.source_url)
           ^^^^^^^^^^^^^^^^^^^^^^^^^
  File "/home/runner/work/Renewable-tender-tracker/Renewable-tender-tracker/Python/core/http.py", line 21, in get_text
    raise RuntimeError(f"Unable to fetch {url}: {last_error}")
RuntimeError: Unable to fetch https://www.nlcindia.in/: HTTPSConnectionPool(host='www.nlcindia.in', port=443): Max retries exceeded with url: / (Caused by ConnectTimeoutError(<HTTPSConnection(host='www.nlcindia.in', port=443) at 0x7f989b996c30>, 'Connection to www.nlcindia.in timed out. (connect timeout=45)'))
2026-09-24 07:49:08,899 INFO daily_update NLCIL: 0 accepted; Failed
2026-09-24 07:51:35,659 ERROR connector.GUVNL (ISTS) Connector failed
Traceback (most recent call last):
  File "/home/runner/work/Renewable-tender-tracker/Renewable-tender-tracker/Python/connectors/base.py", line 50, in run
    result.records = self.parse(self.fetch())
                                ^^^^^^^^^^^^
  File "/home/runner/work/Renewable-tender-tracker/Renewable-tender-tracker/Python/connectors/base.py", line 45, in fetch
    return get_text(self.source_url)
           ^^^^^^^^^^^^^^^^^^^^^^^^^
  File "/home/runner/work/Renewable-tender-tracker/Renewable-tender-tracker/Python/core/http.py", line 21, in get_text
    raise RuntimeError(f"Unable to fetch {url}: {last_error}")
RuntimeError: Unable to fetch https://www.guvnl.com/: HTTPSConnectionPool(host='www.guvnl.com', port=443): Read timed out.
2026-09-24 07:51:35,660 INFO daily_update GUVNL (ISTS): 0 accepted; Failed
2026-09-24 07:53:57,762 ERROR connector.REMCL Connector failed
Traceback (most recent call last):
  File "/home/runner/work/Renewable-tender-tracker/Renewable-tender-tracker/Python/connectors/base.py", line 50, in run
    result.records = self.parse(self.fetch())
                                ^^^^^^^^^^^^
  File "/home/runner/work/Renewable-tender-tracker/Renewable-tender-tracker/Python/connectors/base.py", line 45, in fetch
    return get_text(self.source_url)
           ^^^^^^^^^^^^^^^^^^^^^^^^^
  File "/home/runner/work/Renewable-tender-tracker/Renewable-tender-tracker/Python/core/http.py", line 21, in get_text
    raise RuntimeError(f"Unable to fetch {url}: {last_error}")
RuntimeError: Unable to fetch https://www.remcl.in/: HTTPSConnectionPool(host='www.remcl.in', port=443): Max retries exceeded with url: / (Caused by ConnectTimeoutError(<HTTPSConnection(host='www.remcl.in', port=443) at 0x7f989a6ef1d0>, 'Connection to www.remcl.in timed out. (connect timeout=45)'))
2026-09-24 07:53:57,763 INFO daily_update REMCL: 0 accepted; Failed
2026-09-24 07:53:59,461 INFO daily_update RUVNL: 0 accepted; Success
2026-09-24 07:54:00,823 INFO daily_update RVPN: 0 accepted; Success
2026-09-24 07:54:02,221 INFO daily_update KREDL: 0 accepted; Success
2026-09-24 07:56:25,144 ERROR connector.KPTCL Connector failed
Traceback (most recent call last):
  File "/home/runner/work/Renewable-tender-tracker/Renewable-tender-tracker/Python/connectors/base.py", line 50, in run
    result.records = self.parse(self.fetch())
                                ^^^^^^^^^^^^
  File "/home/runner/work/Renewable-tender-tracker/Renewable-tender-tracker/Python/connectors/base.py", line 45, in fetch
    return get_text(self.source_url)
           ^^^^^^^^^^^^^^^^^^^^^^^^^
  File "/home/runner/work/Renewable-tender-tracker/Renewable-tender-tracker/Python/core/http.py", line 21, in get_text
    raise RuntimeError(f"Unable to fetch {url}: {last_error}")
RuntimeError: Unable to fetch https://kptcl.karnataka.gov.in/: HTTPSConnectionPool(host='kptcl.karnataka.gov.in', port=443): Max retries exceeded with url: / (Caused by ConnectTimeoutError(<HTTPSConnection(host='kptcl.karnataka.gov.in', port=443) at 0x7f989a32a330>, 'Connection to kptcl.karnataka.gov.in timed out. (connect timeout=45)'))
2026-09-24 07:56:25,145 INFO daily_update KPTCL: 0 accepted; Failed
2026-09-24 07:56:32,848 ERROR connector.KPCL Connector failed
Traceback (most recent call last):
  File "/home/runner/work/Renewable-tender-tracker/Renewable-tender-tracker/Python/connectors/base.py", line 50, in run
    result.records = self.parse(self.fetch())
                                ^^^^^^^^^^^^
  File "/home/runner/work/Renewable-tender-tracker/Renewable-tender-tracker/Python/connectors/base.py", line 45, in fetch
    return get_text(self.source_url)
           ^^^^^^^^^^^^^^^^^^^^^^^^^
  File "/home/runner/work/Renewable-tender-tracker/Renewable-tender-tracker/Python/core/http.py", line 21, in get_text
    raise RuntimeError(f"Unable to fetch {url}: {last_error}")
RuntimeError: Unable to fetch https://karnatakapower.com/: HTTPSConnectionPool(host='karnatakapower.com', port=443): Max retries exceeded with url: / (Caused by SSLError(SSLCertVerificationError(1, "[SSL: CERTIFICATE_VERIFY_FAILED] certificate verify failed: Hostname mismatch, certificate is not valid for 'karnatakapower.com'. (_ssl.c:1010)")))
2026-09-24 07:56:32,848 INFO daily_update KPCL: 0 accepted; Failed
2026-09-24 07:56:34,435 INFO daily_update MPUVNL: 3 accepted; Success
2026-09-24 07:56:36,533 INFO daily_update MPPMCL: 0 accepted; Success
2026-09-24 07:56:44,353 ERROR connector.MP Urja Vikas Nigam Connector failed
Traceback (most recent call last):
  File "/home/runner/work/Renewable-tender-tracker/Renewable-tender-tracker/Python/connectors/base.py", line 50, in run
    result.records = self.parse(self.fetch())
                                ^^^^^^^^^^^^
  File "/home/runner/work/Renewable-tender-tracker/Renewable-tender-tracker/Python/connectors/base.py", line 45, in fetch
    return get_text(self.source_url)
           ^^^^^^^^^^^^^^^^^^^^^^^^^
  File "/home/runner/work/Renewable-tender-tracker/Renewable-tender-tracker/Python/core/http.py", line 21, in get_text
    raise RuntimeError(f"Unable to fetch {url}: {last_error}")
RuntimeError: Unable to fetch https://www.mprenewable.nic.in/: HTTPSConnectionPool(host='www.mprenewable.nic.in', port=443): Max retries exceeded with url: / (Caused by NameResolutionError("HTTPSConnection(host='www.mprenewable.nic.in', port=443): Failed to resolve 'www.mprenewable.nic.in' ([Errno -2] Name or service not known)"))
2026-09-24 07:56:44,354 INFO daily_update MP Urja Vikas Nigam: 0 accepted; Failed
2026-09-24 07:56:49,343 INFO daily_update MSEDCL: 0 accepted; Success
2026-09-24 07:56:51,118 INFO daily_update MAHAGENCO: 0 accepted; Success
2026-09-24 07:59:18,619 ERROR connector.GUVNL Connector failed
Traceback (most recent call last):
  File "/home/runner/work/Renewable-tender-tracker/Renewable-tender-tracker/Python/connectors/base.py", line 50, in run
    result.records = self.parse(self.fetch())
                                ^^^^^^^^^^^^
  File "/home/runner/work/Renewable-tender-tracker/Renewable-tender-tracker/Python/connectors/base.py", line 45, in fetch
    return get_text(self.source_url)
           ^^^^^^^^^^^^^^^^^^^^^^^^^
  File "/home/runner/work/Renewable-tender-tracker/Renewable-tender-tracker/Python/core/http.py", line 21, in get_text
    raise RuntimeError(f"Unable to fetch {url}: {last_error}")
RuntimeError: Unable to fetch https://www.guvnl.com/: HTTPSConnectionPool(host='www.guvnl.com', port=443): Read timed out.
2026-09-24 07:59:18,620 INFO daily_update GUVNL: 0 accepted; Failed
2026-09-24 08:01:41,843 ERROR connector.GPCL Connector failed
Traceback (most recent call last):
  File "/home/runner/work/Renewable-tender-tracker/Renewable-tender-tracker/Python/connectors/base.py", line 50, in run
    result.records = self.parse(self.fetch())
                                ^^^^^^^^^^^^
  File "/home/runner/work/Renewable-tender-tracker/Renewable-tender-tracker/Python/connectors/base.py", line 45, in fetch
    return get_text(self.source_url)
           ^^^^^^^^^^^^^^^^^^^^^^^^^
  File "/home/runner/work/Renewable-tender-tracker/Renewable-tender-tracker/Python/core/http.py", line 21, in get_text
    raise RuntimeError(f"Unable to fetch {url}: {last_error}")
RuntimeError: Unable to fetch https://gpcl.gujarat.gov.in/: HTTPSConnectionPool(host='gpcl.gujarat.gov.in', port=443): Read timed out. (read timeout=45)
2026-09-24 08:01:41,844 INFO daily_update GPCL: 0 accepted; Failed
2026-09-24 08:01:43,004 INFO daily_update APSPDCL: 0 accepted; Success
2026-09-24 08:01:45,162 INFO daily_update APGENCO: 0 accepted; Success
2026-09-24 08:01:54,013 ERROR connector.NREDCAP Connector failed
Traceback (most recent call last):
  File "/home/runner/work/Renewable-tender-tracker/Renewable-tender-tracker/Python/connectors/base.py", line 50, in run
    result.records = self.parse(self.fetch())
                                ^^^^^^^^^^^^
  File "/home/runner/work/Renewable-tender-tracker/Renewable-tender-tracker/Python/connectors/base.py", line 45, in fetch
    return get_text(self.source_url)
           ^^^^^^^^^^^^^^^^^^^^^^^^^
  File "/home/runner/work/Renewable-tender-tracker/Renewable-tender-tracker/Python/core/http.py", line 21, in get_text
    raise RuntimeError(f"Unable to fetch {url}: {last_error}")
RuntimeError: Unable to fetch https://nredcap.in/: HTTPSConnectionPool(host='nredcap.in', port=443): Max retries exceeded with url: / (Caused by SSLError(SSLCertVerificationError(1, '[SSL: CERTIFICATE_VERIFY_FAILED] certificate verify failed: unable to get local issuer certificate (_ssl.c:1010)')))
2026-09-24 08:01:54,013 INFO daily_update NREDCAP: 0 accepted; Failed
2026-09-24 08:02:02,996 ERROR connector.TGNPDCL Connector failed
Traceback (most recent call last):
  File "/home/runner/work/Renewable-tender-tracker/Renewable-tender-tracker/Python/connectors/base.py", line 50, in run
    result.records = self.parse(self.fetch())
                                ^^^^^^^^^^^^
  File "/home/runner/work/Renewable-tender-tracker/Renewable-tender-tracker/Python/connectors/base.py", line 45, in fetch
    return get_text(self.source_url)
           ^^^^^^^^^^^^^^^^^^^^^^^^^
  File "/home/runner/work/Renewable-tender-tracker/Renewable-tender-tracker/Python/core/http.py", line 21, in get_text
    raise RuntimeError(f"Unable to fetch {url}: {last_error}")
RuntimeError: Unable to fetch https://tgnpdcl.com/: HTTPSConnectionPool(host='tgnpdcl.com', port=443): Max retries exceeded with url: / (Caused by SSLError(SSLError(1, '[SSL: SSLV3_ALERT_HANDSHAKE_FAILURE] sslv3 alert handshake failure (_ssl.c:1010)')))
2026-09-24 08:02:02,997 INFO daily_update TGNPDCL: 0 accepted; Failed
2026-09-24 08:02:10,137 ERROR connector.TSSPDCL Connector failed
Traceback (most recent call last):
  File "/home/runner/work/Renewable-tender-tracker/Renewable-tender-tracker/Python/connectors/base.py", line 50, in run
    result.records = self.parse(self.fetch())
                                ^^^^^^^^^^^^
  File "/home/runner/work/Renewable-tender-tracker/Renewable-tender-tracker/Python/connectors/base.py", line 45, in fetch
    return get_text(self.source_url)
           ^^^^^^^^^^^^^^^^^^^^^^^^^
  File "/home/runner/work/Renewable-tender-tracker/Renewable-tender-tracker/Python/core/http.py", line 21, in get_text
    raise RuntimeError(f"Unable to fetch {url}: {last_error}")
RuntimeError: Unable to fetch https://www.tssouthernpower.com/: 403 Client Error: Forbidden for url: https://www.tssouthernpower.com/
2026-09-24 08:02:10,137 INFO daily_update TSSPDCL: 0 accepted; Failed
2026-09-24 08:02:43,597 ERROR connector.TNGECL Connector failed
Traceback (most recent call last):
  File "/home/runner/work/Renewable-tender-tracker/Renewable-tender-tracker/Python/connectors/base.py", line 50, in run
    result.records = self.parse(self.fetch())
                                ^^^^^^^^^^^^
  File "/home/runner/work/Renewable-tender-tracker/Renewable-tender-tracker/Python/connectors/base.py", line 45, in fetch
    return get_text(self.source_url)
           ^^^^^^^^^^^^^^^^^^^^^^^^^
  File "/home/runner/work/Renewable-tender-tracker/Renewable-tender-tracker/Python/core/http.py", line 21, in get_text
    raise RuntimeError(f"Unable to fetch {url}: {last_error}")
RuntimeError: Unable to fetch https://www.tangedco.gov.in/: HTTPSConnectionPool(host='www.tangedco.gov.in', port=443): Max retries exceeded with url: / (Caused by NameResolutionError("HTTPSConnection(host='www.tangedco.gov.in', port=443): Failed to resolve 'www.tangedco.gov.in' ([Errno -3] Temporary failure in name resolution)"))
2026-09-24 08:02:43,598 INFO daily_update TNGECL: 0 accepted; Failed
2026-09-24 08:03:16,526 ERROR connector.TANTRANSCO Connector failed
Traceback (most recent call last):
  File "/home/runner/work/Renewable-tender-tracker/Renewable-tender-tracker/Python/connectors/base.py", line 50, in run
    result.records = self.parse(self.fetch())
                                ^^^^^^^^^^^^
  File "/home/runner/work/Renewable-tender-tracker/Renewable-tender-tracker/Python/connectors/base.py", line 45, in fetch
    return get_text(self.source_url)
           ^^^^^^^^^^^^^^^^^^^^^^^^^
  File "/home/runner/work/Renewable-tender-tracker/Renewable-tender-tracker/Python/core/http.py", line 21, in get_text
    raise RuntimeError(f"Unable to fetch {url}: {last_error}")
RuntimeError: Unable to fetch https://www.tantransco.gov.in/: HTTPSConnectionPool(host='www.tantransco.gov.in', port=443): Max retries exceeded with url: / (Caused by NameResolutionError("HTTPSConnection(host='www.tantransco.gov.in', port=443): Failed to resolve 'www.tantransco.gov.in' ([Errno -3] Temporary failure in name resolution)"))
2026-09-24 08:03:16,526 INFO daily_update TANTRANSCO: 0 accepted; Failed
2026-09-24 08:03:18,187 INFO daily_update GRIDCO: 3 accepted; Success
2026-09-24 08:03:20,226 INFO daily_update HAREDA: 0 accepted; Success
2026-09-24 08:03:23,116 INFO daily_update PSPCL: 0 accepted; Success
2026-09-24 08:03:26,286 INFO daily_update UPNEDA: 0 accepted; Success
2026-09-24 08:03:27,547 INFO daily_update BSPHCL: 0 accepted; Success
2026-09-25 08:04:09,491 INFO daily_update SECI: 12 accepted; Success
2026-09-25 08:04:10,924 INFO daily_update NTPC REL: 5 accepted; Success
2026-09-25 08:04:26,993 INFO daily_update NHPC: 0 accepted; Success
2026-09-25 08:04:29,268 INFO daily_update SJVN: 1 accepted; Success
2026-09-25 08:09:06,689 ERROR connector.NLCIL Connector failed
Traceback (most recent call last):
  File "/home/runner/work/Renewable-tender-tracker/Renewable-tender-tracker/Python/connectors/base.py", line 50, in run
    result.records = self.parse(self.fetch())
                                ^^^^^^^^^^^^
  File "/home/runner/work/Renewable-tender-tracker/Renewable-tender-tracker/Python/connectors/base.py", line 45, in fetch
    return get_text(self.source_url)
           ^^^^^^^^^^^^^^^^^^^^^^^^^
  File "/home/runner/work/Renewable-tender-tracker/Renewable-tender-tracker/Python/core/http.py", line 21, in get_text
    raise RuntimeError(f"Unable to fetch {url}: {last_error}")
RuntimeError: Unable to fetch https://www.nlcindia.in/: HTTPSConnectionPool(host='www.nlcindia.in', port=443): Max retries exceeded with url: / (Caused by ConnectTimeoutError(<HTTPSConnection(host='www.nlcindia.in', port=443) at 0x7f4f26542bd0>, 'Connection to www.nlcindia.in timed out. (connect timeout=45)'))
2026-09-25 08:09:06,690 INFO daily_update NLCIL: 0 accepted; Failed
2026-09-25 08:11:33,969 ERROR connector.GUVNL (ISTS) Connector failed
Traceback (most recent call last):
  File "/home/runner/work/Renewable-tender-tracker/Renewable-tender-tracker/Python/connectors/base.py", line 50, in run
    result.records = self.parse(self.fetch())
                                ^^^^^^^^^^^^
  File "/home/runner/work/Renewable-tender-tracker/Renewable-tender-tracker/Python/connectors/base.py", line 45, in fetch
    return get_text(self.source_url)
           ^^^^^^^^^^^^^^^^^^^^^^^^^
  File "/home/runner/work/Renewable-tender-tracker/Renewable-tender-tracker/Python/core/http.py", line 21, in get_text
    raise RuntimeError(f"Unable to fetch {url}: {last_error}")
RuntimeError: Unable to fetch https://www.guvnl.com/: HTTPSConnectionPool(host='www.guvnl.com', port=443): Read timed out.
2026-09-25 08:11:33,970 INFO daily_update GUVNL (ISTS): 0 accepted; Failed
2026-09-25 08:13:56,211 ERROR connector.REMCL Connector failed
Traceback (most recent call last):
  File "/home/runner/work/Renewable-tender-tracker/Renewable-tender-tracker/Python/connectors/base.py", line 50, in run
    result.records = self.parse(self.fetch())
                                ^^^^^^^^^^^^
  File "/home/runner/work/Renewable-tender-tracker/Renewable-tender-tracker/Python/connectors/base.py", line 45, in fetch
    return get_text(self.source_url)
           ^^^^^^^^^^^^^^^^^^^^^^^^^
  File "/home/runner/work/Renewable-tender-tracker/Renewable-tender-tracker/Python/core/http.py", line 21, in get_text
    raise RuntimeError(f"Unable to fetch {url}: {last_error}")
RuntimeError: Unable to fetch https://www.remcl.in/: HTTPSConnectionPool(host='www.remcl.in', port=443): Max retries exceeded with url: / (Caused by ConnectTimeoutError(<HTTPSConnection(host='www.remcl.in', port=443) at 0x7f4f26814380>, 'Connection to www.remcl.in timed out. (connect timeout=45)'))
2026-09-25 08:13:56,211 INFO daily_update REMCL: 0 accepted; Failed
2026-09-25 08:13:59,834 INFO daily_update RUVNL: 0 accepted; Success
2026-09-25 08:14:01,198 INFO daily_update RVPN: 0 accepted; Success
2026-09-25 08:14:02,452 INFO daily_update KREDL: 0 accepted; Success
2026-09-25 08:16:25,424 ERROR connector.KPTCL Connector failed
Traceback (most recent call last):
  File "/home/runner/work/Renewable-tender-tracker/Renewable-tender-tracker/Python/connectors/base.py", line 50, in run
    result.records = self.parse(self.fetch())
                                ^^^^^^^^^^^^
  File "/home/runner/work/Renewable-tender-tracker/Renewable-tender-tracker/Python/connectors/base.py", line 45, in fetch
    return get_text(self.source_url)
           ^^^^^^^^^^^^^^^^^^^^^^^^^
  File "/home/runner/work/Renewable-tender-tracker/Renewable-tender-tracker/Python/core/http.py", line 21, in get_text
    raise RuntimeError(f"Unable to fetch {url}: {last_error}")
RuntimeError: Unable to fetch https://kptcl.karnataka.gov.in/: HTTPSConnectionPool(host='kptcl.karnataka.gov.in', port=443): Max retries exceeded with url: / (Caused by ConnectTimeoutError(<HTTPSConnection(host='kptcl.karnataka.gov.in', port=443) at 0x7f4f25e2c230>, 'Connection to kptcl.karnataka.gov.in timed out. (connect timeout=45)'))
2026-09-25 08:16:25,425 INFO daily_update KPTCL: 0 accepted; Failed
2026-09-25 08:16:33,317 ERROR connector.KPCL Connector failed
Traceback (most recent call last):
  File "/home/runner/work/Renewable-tender-tracker/Renewable-tender-tracker/Python/connectors/base.py", line 50, in run
    result.records = self.parse(self.fetch())
                                ^^^^^^^^^^^^
  File "/home/runner/work/Renewable-tender-tracker/Renewable-tender-tracker/Python/connectors/base.py", line 45, in fetch
    return get_text(self.source_url)
           ^^^^^^^^^^^^^^^^^^^^^^^^^
  File "/home/runner/work/Renewable-tender-tracker/Renewable-tender-tracker/Python/core/http.py", line 21, in get_text
    raise RuntimeError(f"Unable to fetch {url}: {last_error}")
RuntimeError: Unable to fetch https://karnatakapower.com/: HTTPSConnectionPool(host='karnatakapower.com', port=443): Max retries exceeded with url: / (Caused by SSLError(SSLCertVerificationError(1, "[SSL: CERTIFICATE_VERIFY_FAILED] certificate verify failed: Hostname mismatch, certificate is not valid for 'karnatakapower.com'. (_ssl.c:1010)")))
2026-09-25 08:16:33,317 INFO daily_update KPCL: 0 accepted; Failed
2026-09-25 08:16:35,418 INFO daily_update MPUVNL: 0 accepted; Success
2026-09-25 08:16:36,155 INFO daily_update MPPMCL: 0 accepted; Success
2026-09-25 08:16:43,945 ERROR connector.MP Urja Vikas Nigam Connector failed
Traceback (most recent call last):
  File "/home/runner/work/Renewable-tender-tracker/Renewable-tender-tracker/Python/connectors/base.py", line 50, in run
    result.records = self.parse(self.fetch())
                                ^^^^^^^^^^^^
  File "/home/runner/work/Renewable-tender-tracker/Renewable-tender-tracker/Python/connectors/base.py", line 45, in fetch
    return get_text(self.source_url)
           ^^^^^^^^^^^^^^^^^^^^^^^^^
  File "/home/runner/work/Renewable-tender-tracker/Renewable-tender-tracker/Python/core/http.py", line 21, in get_text
    raise RuntimeError(f"Unable to fetch {url}: {last_error}")
RuntimeError: Unable to fetch https://www.mprenewable.nic.in/: HTTPSConnectionPool(host='www.mprenewable.nic.in', port=443): Max retries exceeded with url: / (Caused by NameResolutionError("HTTPSConnection(host='www.mprenewable.nic.in', port=443): Failed to resolve 'www.mprenewable.nic.in' ([Errno -2] Name or service not known)"))
2026-09-25 08:16:43,945 INFO daily_update MP Urja Vikas Nigam: 0 accepted; Failed
2026-09-25 08:16:49,119 INFO daily_update MSEDCL: 0 accepted; Success
2026-09-25 08:16:51,170 INFO daily_update MAHAGENCO: 0 accepted; Success
2026-09-25 08:19:18,855 ERROR connector.GUVNL Connector failed
Traceback (most recent call last):
  File "/home/runner/work/Renewable-tender-tracker/Renewable-tender-tracker/Python/connectors/base.py", line 50, in run
    result.records = self.parse(self.fetch())
                                ^^^^^^^^^^^^
  File "/home/runner/work/Renewable-tender-tracker/Renewable-tender-tracker/Python/connectors/base.py", line 45, in fetch
    return get_text(self.source_url)
           ^^^^^^^^^^^^^^^^^^^^^^^^^
  File "/home/runner/work/Renewable-tender-tracker/Renewable-tender-tracker/Python/core/http.py", line 21, in get_text
    raise RuntimeError(f"Unable to fetch {url}: {last_error}")
RuntimeError: Unable to fetch https://www.guvnl.com/: HTTPSConnectionPool(host='www.guvnl.com', port=443): Read timed out.
2026-09-25 08:19:18,856 INFO daily_update GUVNL: 0 accepted; Failed
2026-09-25 08:21:42,129 ERROR connector.GPCL Connector failed
Traceback (most recent call last):
  File "/home/runner/work/Renewable-tender-tracker/Renewable-tender-tracker/Python/connectors/base.py", line 50, in run
    result.records = self.parse(self.fetch())
                                ^^^^^^^^^^^^
  File "/home/runner/work/Renewable-tender-tracker/Renewable-tender-tracker/Python/connectors/base.py", line 45, in fetch
    return get_text(self.source_url)
           ^^^^^^^^^^^^^^^^^^^^^^^^^
  File "/home/runner/work/Renewable-tender-tracker/Renewable-tender-tracker/Python/core/http.py", line 21, in get_text
    raise RuntimeError(f"Unable to fetch {url}: {last_error}")
RuntimeError: Unable to fetch https://gpcl.gujarat.gov.in/: HTTPSConnectionPool(host='gpcl.gujarat.gov.in', port=443): Read timed out. (read timeout=45)
2026-09-25 08:21:42,130 INFO daily_update GPCL: 0 accepted; Failed
2026-09-25 08:21:43,365 INFO daily_update APSPDCL: 0 accepted; Success
2026-09-25 08:21:45,501 INFO daily_update APGENCO: 0 accepted; Success
2026-09-25 08:21:56,279 ERROR connector.NREDCAP Connector failed
Traceback (most recent call last):
  File "/home/runner/work/Renewable-tender-tracker/Renewable-tender-tracker/Python/connectors/base.py", line 50, in run
    result.records = self.parse(self.fetch())
                                ^^^^^^^^^^^^
  File "/home/runner/work/Renewable-tender-tracker/Renewable-tender-tracker/Python/connectors/base.py", line 45, in fetch
    return get_text(self.source_url)
           ^^^^^^^^^^^^^^^^^^^^^^^^^
  File "/home/runner/work/Renewable-tender-tracker/Renewable-tender-tracker/Python/core/http.py", line 21, in get_text
    raise RuntimeError(f"Unable to fetch {url}: {last_error}")
RuntimeError: Unable to fetch https://nredcap.in/: HTTPSConnectionPool(host='nredcap.in', port=443): Max retries exceeded with url: / (Caused by SSLError(SSLCertVerificationError(1, '[SSL: CERTIFICATE_VERIFY_FAILED] certificate verify failed: unable to get local issuer certificate (_ssl.c:1010)')))
2026-09-25 08:21:56,279 INFO daily_update NREDCAP: 0 accepted; Failed
2026-09-25 08:22:05,452 ERROR connector.TGNPDCL Connector failed
Traceback (most recent call last):
  File "/home/runner/work/Renewable-tender-tracker/Renewable-tender-tracker/Python/connectors/base.py", line 50, in run
    result.records = self.parse(self.fetch())
                                ^^^^^^^^^^^^
  File "/home/runner/work/Renewable-tender-tracker/Renewable-tender-tracker/Python/connectors/base.py", line 45, in fetch
    return get_text(self.source_url)
           ^^^^^^^^^^^^^^^^^^^^^^^^^
  File "/home/runner/work/Renewable-tender-tracker/Renewable-tender-tracker/Python/core/http.py", line 21, in get_text
    raise RuntimeError(f"Unable to fetch {url}: {last_error}")
RuntimeError: Unable to fetch https://tgnpdcl.com/: HTTPSConnectionPool(host='tgnpdcl.com', port=443): Max retries exceeded with url: / (Caused by SSLError(SSLError(1, '[SSL: SSLV3_ALERT_HANDSHAKE_FAILURE] sslv3 alert handshake failure (_ssl.c:1010)')))
2026-09-25 08:22:05,453 INFO daily_update TGNPDCL: 0 accepted; Failed
2026-09-25 08:22:12,773 ERROR connector.TSSPDCL Connector failed
Traceback (most recent call last):
  File "/home/runner/work/Renewable-tender-tracker/Renewable-tender-tracker/Python/connectors/base.py", line 50, in run
    result.records = self.parse(self.fetch())
                                ^^^^^^^^^^^^
  File "/home/runner/work/Renewable-tender-tracker/Renewable-tender-tracker/Python/connectors/base.py", line 45, in fetch
    return get_text(self.source_url)
           ^^^^^^^^^^^^^^^^^^^^^^^^^
  File "/home/runner/work/Renewable-tender-tracker/Renewable-tender-tracker/Python/core/http.py", line 21, in get_text
    raise RuntimeError(f"Unable to fetch {url}: {last_error}")
RuntimeError: Unable to fetch https://www.tssouthernpower.com/: 403 Client Error: Forbidden for url: https://www.tssouthernpower.com/
2026-09-25 08:22:12,774 INFO daily_update TSSPDCL: 0 accepted; Failed
2026-09-25 08:22:49,831 ERROR connector.TNGECL Connector failed
Traceback (most recent call last):
  File "/home/runner/work/Renewable-tender-tracker/Renewable-tender-tracker/Python/connectors/base.py", line 50, in run
    result.records = self.parse(self.fetch())
                                ^^^^^^^^^^^^
  File "/home/runner/work/Renewable-tender-tracker/Renewable-tender-tracker/Python/connectors/base.py", line 45, in fetch
    return get_text(self.source_url)
           ^^^^^^^^^^^^^^^^^^^^^^^^^
  File "/home/runner/work/Renewable-tender-tracker/Renewable-tender-tracker/Python/core/http.py", line 21, in get_text
    raise RuntimeError(f"Unable to fetch {url}: {last_error}")
RuntimeError: Unable to fetch https://www.tangedco.gov.in/: HTTPSConnectionPool(host='www.tangedco.gov.in', port=443): Max retries exceeded with url: / (Caused by NameResolutionError("HTTPSConnection(host='www.tangedco.gov.in', port=443): Failed to resolve 'www.tangedco.gov.in' ([Errno -3] Temporary failure in name resolution)"))
2026-09-25 08:22:49,831 INFO daily_update TNGECL: 0 accepted; Failed
2026-09-25 08:23:23,175 ERROR connector.TANTRANSCO Connector failed
Traceback (most recent call last):
  File "/home/runner/work/Renewable-tender-tracker/Renewable-tender-tracker/Python/connectors/base.py", line 50, in run
    result.records = self.parse(self.fetch())
                                ^^^^^^^^^^^^
  File "/home/runner/work/Renewable-tender-tracker/Renewable-tender-tracker/Python/connectors/base.py", line 45, in fetch
    return get_text(self.source_url)
           ^^^^^^^^^^^^^^^^^^^^^^^^^
  File "/home/runner/work/Renewable-tender-tracker/Renewable-tender-tracker/Python/core/http.py", line 21, in get_text
    raise RuntimeError(f"Unable to fetch {url}: {last_error}")
RuntimeError: Unable to fetch https://www.tantransco.gov.in/: HTTPSConnectionPool(host='www.tantransco.gov.in', port=443): Max retries exceeded with url: / (Caused by NameResolutionError("HTTPSConnection(host='www.tantransco.gov.in', port=443): Failed to resolve 'www.tantransco.gov.in' ([Errno -3] Temporary failure in name resolution)"))
2026-09-25 08:23:23,176 INFO daily_update TANTRANSCO: 0 accepted; Failed
2026-09-25 08:23:24,528 INFO daily_update GRIDCO: 3 accepted; Success
2026-09-25 08:23:26,858 INFO daily_update HAREDA: 0 accepted; Success
2026-09-25 08:23:30,487 INFO daily_update PSPCL: 0 accepted; Success
2026-09-25 08:23:33,720 INFO daily_update UPNEDA: 0 accepted; Success
2026-09-25 08:23:34,999 INFO daily_update BSPHCL: 0 accepted; Success
